iter,frames,agent_steps,episodes,wall_s,train_return_mean,greedy_score,pg_loss,v_loss,entropy,approx_kl,clipfrac
0,8192,2048,0,123.7,nan,180.0,0.0306,303.8622,2.8681,0.02491,0.4417
1,16384,4096,0,128.9,nan,,-0.002,0.2654,2.8846,0.0011,0.0533
2,24576,6144,4,134.1,1.25,,-0.0006,0.2148,2.8864,0.00096,0.0282
3,32768,8192,9,139.4,1.556,,-0.0026,0.092,2.8845,0.00143,0.0992
4,40960,10240,12,144.6,2.917,,-0.0006,0.0796,2.8839,0.00082,0.0253
5,49152,12288,16,149.9,3.938,,-0.0018,0.0649,2.8848,0.00059,0.0085
6,57344,14336,22,155.1,3.682,,-0.0045,0.0242,2.8796,0.00167,0.1033
7,65536,16384,25,160.4,3.96,,-0.0041,0.0375,2.8752,0.00109,0.0481
8,73728,18432,27,165.6,3.778,,-0.0049,0.0375,2.8722,0.00116,0.0664
9,81920,20480,29,170.9,4.0,,-0.0059,0.0352,2.8697,0.00142,0.0791
10,90112,22528,33,176.2,4.303,,-0.0064,0.0367,2.8572,0.0023,0.1423
11,98304,24576,36,181.4,4.806,,-0.0088,0.0336,2.86,0.00171,0.1007
12,106496,26624,40,186.7,5.225,,-0.009,0.0294,2.8417,0.00204,0.1217
13,114688,28672,41,192.0,5.317,,-0.0069,0.0453,2.8497,0.00154,0.0814
14,122880,30720,42,197.2,5.476,,-0.0107,0.0321,2.8237,0.00234,0.1427
15,131072,32768,44,202.5,5.682,,-0.0106,0.0348,2.8293,0.00249,0.163
16,139264,34816,46,207.8,5.848,,-0.0159,0.0259,2.8171,0.00286,0.1758
17,147456,36864,47,213.0,5.979,,-0.0153,0.0289,2.8121,0.00276,0.1677
18,155648,38912,53,218.3,6.962,,-0.0143,0.0265,2.8124,0.00259,0.1552
19,163840,40960,56,223.6,7.393,,-0.0133,0.0305,2.8092,0.00225,0.1411
20,172032,43008,56,228.8,7.393,,-0.0175,0.0274,2.8149,0.00272,0.1653
21,180224,45056,58,234.1,7.466,,-0.016,0.0268,2.8068,0.00276,0.1653
22,188416,47104,58,239.3,7.466,,-0.017,0.0297,2.8067,0.00275,0.1707
23,196608,49152,61,244.6,8.066,,-0.0189,0.0309,2.7988,0.00349,0.2122
24,204800,51200,61,249.8,8.066,,-0.0202,0.0284,2.8122,0.00356,0.2307
25,212992,53248,64,255.1,8.406,,-0.0199,0.0265,2.7818,0.0038,0.225
26,221184,55296,68,260.4,8.897,,-0.0193,0.0294,2.7794,0.00392,0.231
27,229376,57344,70,265.6,9.129,,-0.0184,0.0212,2.7727,0.00445,0.256
28,237568,59392,72,270.9,9.194,,-0.0215,0.0231,2.7833,0.00393,0.2275
29,245760,61440,73,276.1,9.315,,-0.0211,0.0233,2.7825,0.00553,0.3066
30,253952,63488,74,281.4,9.541,,-0.0223,0.0253,2.7763,0.00469,0.2422
31,262144,65536,75,286.6,9.507,,-0.0251,0.0273,2.7873,0.0049,0.2675
32,270336,67584,78,291.9,9.692,,-0.0215,0.0253,2.7674,0.00508,0.2858
33,278528,69632,80,297.2,9.738,,-0.0225,0.0277,2.7691,0.00442,0.2521
34,286720,71680,82,302.4,10.11,,-0.0229,0.0284,2.762,0.00426,0.2235
35,294912,73728,83,307.7,10.181,,-0.0243,0.0259,2.7421,0.00473,0.2675
36,303104,75776,86,312.9,10.384,,-0.0249,0.0292,2.7422,0.00548,0.2803
37,311296,77824,87,318.2,10.448,,-0.0197,0.0295,2.735,0.00532,0.2875
38,319488,79872,90,323.5,10.556,,-0.022,0.0277,2.7276,0.00579,0.3129
39,327680,81920,92,328.8,10.783,,-0.0233,0.028,2.7043,0.00518,0.281
40,335872,83968,93,334.0,10.806,,-0.0243,0.0231,2.706,0.00543,0.2775
41,344064,86016,96,339.3,10.844,,-0.0216,0.0263,2.6799,0.007,0.3348
42,352256,88064,97,344.6,10.938,,-0.0244,0.0327,2.7022,0.00615,0.3179
43,360448,90112,99,349.8,11.04,,-0.0244,0.0232,2.7085,0.00553,0.2882
44,368640,92160,101,355.1,11.23,,-0.0235,0.0255,2.711,0.00536,0.2888
45,376832,94208,102,360.3,11.36,,-0.0224,0.0259,2.7195,0.00455,0.2507
46,385024,96256,104,365.6,11.68,,-0.0256,0.0209,2.7366,0.00583,0.2854
47,393216,98304,105,370.9,11.84,,-0.0262,0.0224,2.7002,0.0064,0.3008
48,401408,100352,106,376.1,12.09,,-0.0233,0.0244,2.7025,0.00634,0.3232
49,409600,102400,108,381.4,12.41,,-0.0257,0.0256,2.6983,0.0068,0.3214
50,417792,104448,110,386.6,12.73,,-0.0242,0.0254,2.6789,0.00651,0.3167
51,425984,106496,111,391.9,12.8,,-0.0205,0.0307,2.6717,0.00675,0.3485
52,434176,108544,111,397.1,12.8,,-0.0227,0.0294,2.6592,0.00648,0.3323
53,442368,110592,114,402.4,13.27,,-0.0245,0.0288,2.6792,0.00667,0.319
54,450560,112640,118,407.7,13.94,,-0.0217,0.0224,2.684,0.00676,0.3309
55,458752,114688,120,412.9,14.39,,-0.0251,0.024,2.6957,0.00657,0.3173
56,466944,116736,122,418.2,14.64,,-0.0255,0.0246,2.6784,0.00734,0.3378
57,475136,118784,123,423.5,14.76,,-0.0267,0.0266,2.6765,0.00649,0.3075
58,483328,120832,126,428.7,14.94,,-0.0265,0.0242,2.6703,0.00666,0.3132
59,491520,122880,128,434.0,15.29,,-0.0273,0.0284,2.682,0.00691,0.3325
60,499712,124928,129,439.2,15.32,,-0.0254,0.0255,2.6711,0.00545,0.2777
61,507904,126976,130,444.5,15.39,,-0.0254,0.0238,2.6843,0.00633,0.2992
62,516096,129024,133,449.8,15.67,,-0.0254,0.0206,2.7056,0.00758,0.3262
63,524288,131072,135,455.0,15.77,,-0.0263,0.0297,2.6928,0.00778,0.3416
64,532480,133120,136,460.3,15.87,,-0.0284,0.0283,2.6709,0.00675,0.3158
65,540672,135168,137,465.5,15.99,,-0.0263,0.0272,2.6813,0.00707,0.3561
66,548864,137216,140,470.8,16.08,,-0.0264,0.0252,2.6763,0.00786,0.35
67,557056,139264,142,476.1,16.33,,-0.0264,0.0257,2.6829,0.00714,0.3351
68,565248,141312,147,481.4,16.76,,-0.0262,0.0312,2.6902,0.00724,0.3218
69,573440,143360,148,486.6,16.71,,-0.0277,0.0201,2.6918,0.00713,0.3198
70,581632,145408,148,491.9,16.71,,-0.0288,0.0294,2.6839,0.00779,0.348
71,589824,147456,149,497.1,16.75,,-0.028,0.0246,2.6753,0.00707,0.3197
72,598016,149504,151,502.4,16.77,,-0.0293,0.0256,2.6841,0.008,0.3323
73,606208,151552,157,507.7,16.81,,-0.0269,0.0206,2.6787,0.0074,0.332
74,614400,153600,157,512.9,16.81,,-0.028,0.0237,2.6655,0.00701,0.3153
75,622592,155648,160,518.2,16.95,,-0.0249,0.0268,2.6528,0.00668,0.3228
76,630784,157696,163,523.4,16.77,,-0.026,0.0285,2.6454,0.00832,0.3351
77,638976,159744,164,528.7,16.75,,-0.0291,0.0249,2.6566,0.0069,0.3069
78,647168,161792,165,533.9,16.7,,-0.0314,0.0219,2.6311,0.00825,0.3535
79,655360,163840,167,539.2,16.69,,-0.0305,0.0262,2.6019,0.00795,0.3434
80,663552,165888,169,544.5,16.57,,-0.0314,0.024,2.6069,0.00851,0.3524
81,671744,167936,170,549.7,16.72,,-0.0289,0.0233,2.6115,0.00937,0.364
82,679936,169984,172,555.0,16.76,,-0.0299,0.0255,2.6104,0.00924,0.3546
83,688128,172032,177,560.3,16.82,,-0.0297,0.0249,2.6252,0.00886,0.3486
84,696320,174080,179,565.6,16.96,,-0.032,0.0267,2.5958,0.00929,0.359
85,704512,176128,179,570.8,16.96,,-0.0296,0.0276,2.6202,0.00907,0.3717
86,712704,178176,179,576.0,16.96,,-0.027,0.0216,2.6155,0.00883,0.3088
87,720896,180224,184,581.3,16.89,,-0.026,0.0282,2.6091,0.00877,0.3461
88,729088,182272,184,586.6,16.89,,-0.0268,0.0288,2.5796,0.00971,0.3661
89,737280,184320,187,591.8,16.86,,-0.0284,0.0214,2.5801,0.0083,0.3302
90,745472,186368,188,597.1,16.85,,-0.0286,0.0258,2.6138,0.00807,0.3516
91,753664,188416,190,602.3,16.84,,-0.0289,0.0226,2.6052,0.00792,0.3284
92,761856,190464,194,607.6,16.72,,-0.0284,0.0245,2.5949,0.0086,0.3333
93,770048,192512,195,612.9,16.84,,-0.0273,0.0253,2.585,0.00912,0.3657
94,778240,194560,196,618.1,16.94,,-0.0283,0.0256,2.5736,0.01072,0.3965
95,786432,196608,198,623.4,16.97,,-0.0288,0.0252,2.5532,0.00856,0.3457
96,794624,198656,203,628.7,16.79,,-0.0287,0.0227,2.4891,0.01219,0.389
97,802816,200704,204,633.9,16.79,,-0.0291,0.0261,2.5456,0.00877,0.3271
98,811008,202752,207,639.2,16.64,,-0.027,0.0304,2.5107,0.00994,0.3647
99,819200,204800,209,644.4,16.59,,-0.0304,0.0275,2.5619,0.00787,0.3208
100,827392,206848,209,759.8,16.59,248.1999969482422,-0.0274,0.0236,2.5563,0.01013,0.3708
101,835584,208896,211,765.0,16.53,,-0.0304,0.0281,2.5226,0.01042,0.3827
102,843776,210944,212,770.2,16.31,,-0.0329,0.028,2.5253,0.01072,0.3785
103,851968,212992,217,775.5,16.21,,-0.03,0.0226,2.5862,0.00859,0.321
104,860160,215040,217,780.8,16.21,,-0.0289,0.0254,2.5614,0.00896,0.3545
105,868352,217088,221,786.1,16.0,,-0.0326,0.0232,2.5655,0.0105,0.3708
106,876544,219136,223,791.4,16.01,,-0.0348,0.0284,2.5194,0.01137,0.3795
107,884736,221184,225,796.6,16.15,,-0.0289,0.0251,2.4991,0.01168,0.39
108,892928,223232,225,801.9,16.15,,-0.0342,0.0294,2.5115,0.01087,0.3839
109,901120,225280,225,807.1,16.15,,-0.0319,0.0299,2.5047,0.01225,0.382
110,909312,227328,228,812.4,16.13,,-0.0307,0.03,2.5443,0.01242,0.3801
111,917504,229376,228,817.6,16.13,,-0.0332,0.025,2.4907,0.01279,0.4114
112,925696,231424,230,822.8,16.25,,-0.0324,0.0274,2.5331,0.01158,0.3921
113,933888,233472,234,828.1,16.54,,-0.031,0.0284,2.5291,0.01095,0.3781
114,942080,235520,236,833.4,16.48,,-0.0298,0.0215,2.5227,0.01153,0.3702
115,950272,237568,238,838.7,16.6,,-0.0306,0.0262,2.56,0.00925,0.3514
116,958464,239616,240,843.9,16.85,,-0.0319,0.0224,2.5009,0.01143,0.3794
117,966656,241664,243,849.2,16.45,,-0.0329,0.0225,2.5388,0.01112,0.3711
118,974848,243712,245,854.4,16.41,,-0.0302,0.025,2.5602,0.01136,0.3757
119,983040,245760,246,859.7,16.31,,-0.0293,0.027,2.5719,0.01234,0.4086
120,991232,247808,246,864.9,16.31,,-0.0322,0.0228,2.5659,0.01149,0.394
121,999424,249856,249,870.2,16.23,,-0.0304,0.0272,2.5788,0.01112,0.3733
122,1007616,251904,251,875.5,16.24,,-0.0301,0.0261,2.6145,0.00963,0.3556
123,1015808,253952,254,880.7,16.44,,-0.0307,0.0219,2.5489,0.01002,0.3767
124,1024000,256000,257,886.0,16.6,,-0.0313,0.024,2.5755,0.01022,0.3484
125,1032192,258048,257,891.2,16.6,,-0.0307,0.0289,2.5745,0.01106,0.4019
126,1040384,260096,260,896.5,16.46,,-0.0326,0.0287,2.5255,0.0127,0.4023
127,1048576,262144,262,901.8,16.77,,-0.0311,0.0276,2.5446,0.01188,0.3871
128,1056768,264192,263,907.0,16.79,,-0.0334,0.0256,2.5459,0.01081,0.3971
129,1064960,266240,265,912.3,16.88,,-0.0299,0.0242,2.5836,0.01128,0.3778
130,1073152,268288,267,917.5,16.91,,-0.0284,0.0282,2.56,0.00982,0.3552
131,1081344,270336,268,922.8,16.97,,-0.0315,0.0269,2.5861,0.01097,0.3844
132,1089536,272384,270,928.0,16.83,,-0.0321,0.0265,2.5685,0.01184,0.4039
133,1097728,274432,270,933.3,16.83,,-0.0337,0.0237,2.5647,0.01265,0.4097
134,1105920,276480,273,938.5,16.81,,-0.0345,0.0236,2.6268,0.01181,0.397
135,1114112,278528,276,943.8,16.97,,-0.0307,0.0288,2.5756,0.01219,0.4022
136,1122304,280576,277,949.0,17.07,,-0.0308,0.0272,2.5945,0.01034,0.3861
137,1130496,282624,279,954.3,17.21,,-0.0316,0.0225,2.641,0.0111,0.3705
138,1138688,284672,279,959.6,17.21,,-0.0306,0.0222,2.6164,0.01064,0.3771
139,1146880,286720,282,964.8,17.33,,-0.0297,0.0298,2.6023,0.01044,0.4023
140,1155072,288768,283,970.1,17.46,,-0.0334,0.0286,2.5891,0.01148,0.3827
141,1163264,290816,284,975.3,17.54,,-0.0372,0.0246,2.5408,0.01327,0.4255
142,1171456,292864,288,980.6,17.6,,-0.0299,0.0304,2.6094,0.01062,0.3934
143,1179648,294912,289,985.9,17.69,,-0.0349,0.0271,2.5575,0.01387,0.4222
144,1187840,296960,289,991.1,17.69,,-0.0322,0.0287,2.5911,0.01174,0.402
145,1196032,299008,291,996.3,17.84,,-0.0331,0.0298,2.5926,0.01268,0.4047
146,1204224,301056,294,1001.6,18.18,,-0.0333,0.0241,2.6032,0.01107,0.3689
147,1212416,303104,295,1006.8,18.09,,-0.0312,0.0268,2.6057,0.01233,0.3888
148,1220608,305152,298,1012.1,17.9,,-0.0341,0.0287,2.5549,0.01427,0.42
149,1228800,307200,299,1017.3,17.93,,-0.0368,0.0207,2.5826,0.01321,0.3997
150,1236992,309248,302,1022.6,18.12,,-0.0341,0.0267,2.565,0.01291,0.389
151,1245184,311296,306,1027.9,18.22,,-0.032,0.0241,2.5911,0.01222,0.3956
152,1253376,313344,306,1033.1,18.22,,-0.0326,0.0278,2.593,0.01307,0.4229
153,1261568,315392,309,1038.4,18.37,,-0.0324,0.0255,2.6019,0.01268,0.3984
154,1269760,317440,309,1043.6,18.37,,-0.0352,0.0252,2.5979,0.01082,0.3784
155,1277952,319488,310,1048.8,18.49,,-0.0324,0.0234,2.6484,0.01213,0.382
156,1286144,321536,313,1054.1,18.63,,-0.0323,0.0225,2.6406,0.01196,0.3639
157,1294336,323584,315,1059.4,18.57,,-0.0338,0.0259,2.6212,0.01033,0.3566
158,1302528,325632,318,1064.6,18.46,,-0.0336,0.0313,2.6242,0.01094,0.3789
159,1310720,327680,320,1069.9,18.57,,-0.0343,0.0281,2.5801,0.01309,0.3914
160,1318912,329728,323,1075.1,18.76,,-0.0331,0.0252,2.6462,0.01246,0.399
161,1327104,331776,324,1080.4,18.83,,-0.0335,0.0266,2.636,0.01156,0.3839
162,1335296,333824,326,1085.6,18.78,,-0.0336,0.0295,2.629,0.01322,0.3959
163,1343488,335872,326,1090.9,18.78,,-0.0359,0.0251,2.6126,0.01198,0.3948
164,1351680,337920,329,1096.1,18.68,,-0.0355,0.0308,2.6174,0.01329,0.4288
165,1359872,339968,330,1101.4,18.74,,-0.0338,0.0246,2.6443,0.01184,0.3748
166,1368064,342016,332,1106.6,18.59,,-0.0351,0.0274,2.6355,0.01354,0.3981
167,1376256,344064,334,1111.9,18.51,,-0.0326,0.022,2.6325,0.013,0.376
168,1384448,346112,338,1117.2,18.44,,-0.0345,0.0244,2.6504,0.01152,0.3615
169,1392640,348160,340,1122.4,18.43,,-0.0354,0.0282,2.619,0.01233,0.3767
170,1400832,350208,342,1127.7,18.53,,-0.0316,0.0317,2.5817,0.01114,0.3965
171,1409024,352256,343,1132.9,18.55,,-0.0339,0.0239,2.6199,0.01474,0.4286
172,1417216,354304,345,1138.2,18.52,,-0.0363,0.0302,2.6234,0.01406,0.4362
173,1425408,356352,347,1143.4,18.82,,-0.0371,0.0244,2.6093,0.01488,0.4391
174,1433600,358400,348,1148.7,18.89,,-0.0317,0.0239,2.6362,0.01193,0.3838
175,1441792,360448,348,1153.9,18.89,,-0.0362,0.0266,2.6035,0.01473,0.4189
176,1449984,362496,350,1159.1,18.78,,-0.0356,0.0337,2.5817,0.0165,0.4131
177,1458176,364544,352,1164.4,18.86,,-0.0365,0.0243,2.5365,0.01657,0.4375
178,1466368,366592,352,1169.7,18.86,,-0.0374,0.0284,2.5389,0.01922,0.4896
179,1474560,368640,356,1174.9,18.97,,-0.0355,0.0237,2.5422,0.0164,0.4272
180,1482752,370688,361,1180.2,19.26,,-0.0348,0.023,2.5674,0.0163,0.4271
181,1490944,372736,362,1185.5,19.2,,-0.0355,0.0246,2.5663,0.01427,0.4325
182,1499136,374784,362,1190.7,19.2,,-0.0333,0.0239,2.5615,0.01637,0.4187
183,1507328,376832,363,1196.0,19.21,,-0.0361,0.0307,2.5743,0.01375,0.422
184,1515520,378880,364,1201.2,19.19,,-0.0348,0.0259,2.5682,0.01539,0.4298
185,1523712,380928,365,1206.5,19.21,,-0.0347,0.029,2.6056,0.01508,0.391
186,1531904,382976,367,1211.7,19.19,,-0.0351,0.0248,2.5764,0.01518,0.4362
187,1540096,385024,368,1217.0,19.41,,-0.0342,0.0337,2.5572,0.01322,0.4229
188,1548288,387072,372,1222.2,19.73,,-0.0372,0.0241,2.6217,0.01352,0.3838
189,1556480,389120,374,1227.5,19.77,,-0.0333,0.029,2.6199,0.01179,0.3862
190,1564672,391168,376,1232.7,19.61,,-0.0337,0.0223,2.5906,0.01488,0.408
191,1572864,393216,376,1238.0,19.61,,-0.0363,0.0231,2.6061,0.01371,0.4395
192,1581056,395264,379,1243.2,19.47,,-0.0356,0.0232,2.6205,0.01315,0.3694
193,1589248,397312,381,1248.5,19.42,,-0.0285,0.03,2.6039,0.01158,0.4202
194,1597440,399360,383,1253.7,19.44,,-0.0304,0.0332,2.6132,0.0124,0.4226
195,1605632,401408,385,1259.0,19.44,,-0.0367,0.0289,2.5898,0.01537,0.4329
196,1613824,403456,386,1264.3,19.44,,-0.034,0.0341,2.5749,0.01523,0.463
197,1622016,405504,388,1269.6,19.51,,-0.0366,0.0245,2.6076,0.01607,0.4349
198,1630208,407552,389,1274.8,19.48,,-0.037,0.0291,2.5886,0.01636,0.4238
199,1638400,409600,389,1280.1,19.48,,-0.0355,0.025,2.62,0.0149,0.4027
200,1646592,411648,390,1439.9,19.48,442.3999938964844,-0.0369,0.0299,2.6064,0.01649,0.4161
201,1654784,413696,394,1445.2,19.46,,-0.0378,0.024,2.6373,0.01599,0.4097
202,1662976,415744,395,1450.5,19.52,,-0.0378,0.0256,2.6134,0.01645,0.4277
203,1671168,417792,398,1455.9,19.68,,-0.0383,0.0317,2.6204,0.01451,0.4348
204,1679360,419840,400,1461.3,19.93,,-0.0369,0.031,2.6005,0.01514,0.4349
205,1687552,421888,401,1466.7,19.92,,-0.0375,0.0289,2.6279,0.01565,0.4338
206,1695744,423936,406,1472.1,19.87,,-0.0333,0.0304,2.6319,0.01543,0.4237
207,1703936,425984,406,1477.4,19.87,,-0.0353,0.0319,2.6468,0.01513,0.4142
208,1712128,428032,407,1482.8,19.73,,-0.0371,0.0294,2.6418,0.01267,0.4082
209,1720320,430080,407,1488.2,19.73,,-0.0364,0.028,2.6361,0.01473,0.4318
210,1728512,432128,410,1493.6,19.78,,-0.0378,0.026,2.6452,0.01444,0.4073
211,1736704,434176,410,1498.9,19.78,,-0.036,0.0291,2.6487,0.01555,0.4226
212,1744896,436224,414,1504.3,19.75,,-0.0352,0.031,2.6413,0.01471,0.4097
213,1753088,438272,417,1509.7,19.87,,-0.0366,0.0353,2.601,0.01509,0.3921
214,1761280,440320,419,1515.1,19.94,,-0.0347,0.0269,2.609,0.01374,0.4241
215,1769472,442368,419,1520.5,19.94,,-0.0348,0.0283,2.606,0.01387,0.4305
216,1777664,444416,421,1525.8,20.04,,-0.0312,0.0231,2.6382,0.01562,0.4274
217,1785856,446464,424,1531.3,19.71,,-0.0354,0.0289,2.637,0.01446,0.4023
218,1794048,448512,427,1536.6,19.85,,-0.0328,0.0302,2.606,0.01173,0.4011
219,1802240,450560,428,1542.0,19.8,,-0.0368,0.028,2.6415,0.01414,0.4292
220,1810432,452608,428,1547.4,19.8,,-0.0368,0.0281,2.6238,0.01562,0.4612
221,1818624,454656,429,1552.8,19.71,,-0.0353,0.0275,2.6491,0.01391,0.4203
222,1826816,456704,431,1558.1,19.78,,-0.0364,0.029,2.604,0.01724,0.4463
223,1835008,458752,435,1563.5,20.03,,-0.0332,0.0298,2.644,0.01418,0.3995
224,1843200,460800,436,1568.9,20.01,,-0.0341,0.0292,2.5829,0.01226,0.3977
225,1851392,462848,441,1574.3,19.93,,-0.0373,0.0254,2.5693,0.01496,0.4297
226,1859584,464896,441,1579.7,19.93,,-0.035,0.0266,2.5689,0.01437,0.403
227,1867776,466944,441,1585.0,19.93,,-0.0371,0.0244,2.541,0.01315,0.4161
228,1875968,468992,442,1590.4,20.03,,-0.0389,0.0249,2.5512,0.0141,0.4105
229,1884160,471040,444,1595.8,19.96,,-0.0356,0.0275,2.5634,0.01516,0.4241
230,1892352,473088,446,1601.2,19.94,,-0.0348,0.0311,2.5604,0.01457,0.4268
231,1900544,475136,447,1606.6,19.98,,-0.0366,0.0262,2.5972,0.01484,0.4166
232,1908736,477184,448,1611.9,20.04,,-0.0378,0.0255,2.5615,0.01517,0.4426
233,1916928,479232,448,1617.3,20.04,,-0.0385,0.0229,2.5809,0.01382,0.4255
234,1925120,481280,450,1622.7,20.24,,-0.0366,0.0268,2.5785,0.01563,0.4205
235,1933312,483328,452,1628.0,20.33,,-0.0367,0.0262,2.5006,0.01561,0.4436
236,1941504,485376,454,1633.4,20.35,,-0.0325,0.0258,2.5422,0.01583,0.4351
237,1949696,487424,456,1638.8,20.19,,-0.035,0.0325,2.5263,0.01676,0.4384
238,1957888,489472,459,1644.2,20.11,,-0.0348,0.0315,2.5166,0.01827,0.4392
239,1966080,491520,460,1649.6,20.17,,-0.0339,0.0293,2.5408,0.01607,0.4515
240,1974272,493568,462,1655.0,20.32,,-0.0345,0.0313,2.5378,0.01596,0.4512
241,1982464,495616,463,1660.3,20.56,,-0.0348,0.0243,2.5805,0.01323,0.4399
242,1990656,497664,463,1665.7,20.56,,-0.0347,0.0274,2.5636,0.01469,0.4235
243,1998848,499712,463,1671.1,20.56,,-0.0308,0.0297,2.5582,0.01358,0.4133
244,2007040,501760,463,1676.4,20.56,,-0.0319,0.0259,2.5656,0.01341,0.4352
245,2015232,503808,465,1681.8,20.63,,-0.0341,0.0298,2.5821,0.01485,0.4259
246,2023424,505856,467,1687.2,20.71,,-0.0339,0.0253,2.5654,0.01524,0.4391
247,2031616,507904,472,1692.6,20.71,,-0.0375,0.0266,2.5603,0.01464,0.4313
248,2039808,509952,473,1698.0,20.75,,-0.0372,0.0289,2.4993,0.01863,0.4961
249,2048000,512000,473,1703.4,20.75,,-0.0365,0.0263,2.544,0.01736,0.4604
250,2056192,514048,474,1708.7,20.82,,-0.0359,0.0228,2.531,0.01699,0.4313
251,2064384,516096,476,1714.1,20.83,,-0.0356,0.0228,2.5612,0.01668,0.4296
252,2072576,518144,478,1719.5,21.06,,-0.0361,0.032,2.5264,0.01812,0.4545
253,2080768,520192,480,1724.9,21.05,,-0.0375,0.0239,2.532,0.01645,0.4039
254,2088960,522240,481,1730.2,21.14,,-0.0353,0.0266,2.473,0.01531,0.434
255,2097152,524288,482,1735.6,21.04,,-0.0364,0.0232,2.482,0.01975,0.4612
256,2105344,526336,484,1741.0,20.97,,-0.0354,0.029,2.4628,0.01816,0.4281
257,2113536,528384,484,1746.4,20.97,,-0.0311,0.0286,2.5116,0.01783,0.4626
258,2121728,530432,485,1751.8,21.03,,-0.0373,0.0306,2.5043,0.01843,0.4479
259,2129920,532480,487,1757.1,21.18,,-0.0336,0.0295,2.4748,0.02009,0.4401
260,2138112,534528,488,1762.5,21.25,,-0.0353,0.0312,2.4837,0.02002,0.4734
261,2146304,536576,490,1767.9,21.34,,-0.0359,0.0358,2.4772,0.02215,0.4688
262,2154496,538624,494,1773.3,21.21,,-0.036,0.0287,2.4873,0.02076,0.4465
263,2162688,540672,497,1778.7,21.47,,-0.0362,0.0311,2.4868,0.01976,0.4639
264,2170880,542720,498,1784.0,21.41,,-0.0376,0.0348,2.448,0.01976,0.4567
265,2179072,544768,499,1789.4,21.53,,-0.0344,0.0353,2.4557,0.02192,0.4637
266,2187264,546816,499,1794.8,21.53,,-0.035,0.0339,2.4923,0.02172,0.4519
267,2195456,548864,502,1800.2,21.57,,-0.0365,0.0279,2.485,0.02013,0.4462
268,2203648,550912,504,1805.6,21.58,,-0.0368,0.0352,2.4433,0.01942,0.4613
269,2211840,552960,506,1810.9,21.49,,-0.036,0.0342,2.4377,0.02188,0.4447
270,2220032,555008,507,1816.3,21.51,,-0.0351,0.0347,2.4894,0.02079,0.4597
271,2228224,557056,511,1821.7,21.74,,-0.0368,0.0351,2.4937,0.01954,0.4265
272,2236416,559104,512,1827.1,21.74,,-0.0385,0.0358,2.4273,0.02179,0.489
273,2244608,561152,516,1832.5,21.66,,-0.0396,0.0332,2.4832,0.02342,0.4547
274,2252800,563200,516,1837.8,21.66,,-0.0371,0.0283,2.4745,0.02071,0.4673
275,2260992,565248,518,1843.2,21.7,,-0.0366,0.0302,2.5181,0.02112,0.4286
276,2269184,567296,521,1848.6,21.74,,-0.0378,0.0359,2.4606,0.02424,0.4635
277,2277376,569344,524,1854.0,21.65,,-0.0362,0.0319,2.5006,0.02069,0.4559
278,2285568,571392,525,1859.4,21.55,,-0.0331,0.0365,2.5007,0.02195,0.4797
279,2293760,573440,527,1864.8,21.53,,-0.036,0.0381,2.4282,0.0216,0.4792
280,2301952,575488,528,1870.2,21.67,,-0.0393,0.0385,2.4316,0.02123,0.4363
281,2310144,577536,529,1875.6,21.78,,-0.0369,0.0312,2.4299,0.02173,0.467
282,2318336,579584,531,1880.9,21.75,,-0.0368,0.0293,2.4607,0.02225,0.4524
283,2326528,581632,533,1886.3,21.7,,-0.0412,0.0355,2.4079,0.02199,0.4763
284,2334720,583680,537,1891.7,21.67,,-0.0319,0.0288,2.4628,0.01928,0.4673
285,2342912,585728,538,1897.1,21.72,,-0.0384,0.0326,2.4634,0.02012,0.4742
286,2351104,587776,542,1902.5,21.8,,-0.036,0.0341,2.4592,0.02123,0.4592
287,2359296,589824,544,1907.9,21.97,,-0.0378,0.0305,2.4722,0.02023,0.4702
288,2367488,591872,545,1913.2,21.94,,-0.0372,0.0339,2.4883,0.01802,0.4467
289,2375680,593920,548,1918.6,21.73,,-0.0374,0.0303,2.4588,0.01981,0.4708
290,2383872,595968,548,1924.0,21.73,,-0.037,0.0323,2.4369,0.01936,0.4521
291,2392064,598016,551,1929.4,21.6,,-0.0332,0.027,2.513,0.01897,0.4143
292,2400256,600064,555,1934.8,21.55,,-0.0341,0.0294,2.4703,0.01644,0.4294
293,2408448,602112,557,1940.2,21.43,,-0.0355,0.0341,2.4532,0.01628,0.442
294,2416640,604160,560,1945.5,21.18,,-0.0344,0.027,2.4429,0.01986,0.4778
295,2424832,606208,561,1950.9,21.16,,-0.0373,0.0305,2.4593,0.01852,0.4454
296,2433024,608256,564,1956.3,20.67,,-0.0373,0.0348,2.47,0.01752,0.442
297,2441216,610304,565,1961.7,20.68,,-0.035,0.0292,2.4733,0.01895,0.4561
298,2449408,612352,565,1967.1,20.68,,-0.0393,0.0281,2.4674,0.01816,0.4374
299,2457600,614400,569,1972.5,20.39,,-0.0364,0.0377,2.4419,0.01837,0.4185
300,2465792,616448,571,2089.7,20.39,449.3999938964844,-0.0377,0.0353,2.4391,0.01828,0.4243
301,2473984,618496,574,2094.9,20.11,,-0.0362,0.0391,2.3908,0.02036,0.4478
302,2482176,620544,575,2100.2,20.13,,-0.0358,0.0317,2.4178,0.02024,0.4385
303,2490368,622592,578,2105.4,20.04,,-0.0342,0.0294,2.4347,0.01912,0.4406
304,2498560,624640,580,2110.7,20.18,,-0.035,0.0331,2.4017,0.01989,0.4395
305,2506752,626688,580,2115.9,20.18,,-0.0369,0.0328,2.4659,0.02081,0.4644
306,2514944,628736,583,2121.2,19.96,,-0.0367,0.0335,2.4643,0.01822,0.4498
307,2523136,630784,587,2126.4,19.7,,-0.0375,0.0249,2.4597,0.01849,0.4362
308,2531328,632832,589,2131.7,19.62,,-0.0372,0.034,2.4215,0.0187,0.4395
309,2539520,634880,591,2136.9,19.59,,-0.0351,0.0313,2.3883,0.01612,0.4174
310,2547712,636928,591,2142.2,19.59,,-0.035,0.0345,2.4293,0.01927,0.4277
311,2555904,638976,592,2147.4,19.7,,-0.0315,0.0387,2.4335,0.01954,0.4506
312,2564096,641024,593,2152.7,19.61,,-0.0375,0.0404,2.4159,0.01827,0.4314
313,2572288,643072,594,2157.9,19.64,,-0.0357,0.0355,2.4632,0.01921,0.4476
314,2580480,645120,598,2163.2,19.65,,-0.039,0.0363,2.4712,0.02079,0.4542
315,2588672,647168,600,2168.4,19.44,,-0.0369,0.0362,2.43,0.0186,0.4324
316,2596864,649216,603,2173.7,19.62,,-0.0364,0.0338,2.428,0.01936,0.4635
317,2605056,651264,604,2178.9,19.81,,-0.0309,0.0316,2.5136,0.0187,0.4213
318,2613248,653312,605,2184.1,19.81,,-0.0373,0.0347,2.4721,0.02118,0.4635
319,2621440,655360,608,2189.4,19.88,,-0.037,0.0371,2.4853,0.01826,0.4261
320,2629632,657408,610,2194.6,19.91,,-0.0336,0.0325,2.4899,0.01914,0.457
321,2637824,659456,613,2199.9,19.74,,-0.0362,0.0326,2.4985,0.02251,0.453
322,2646016,661504,616,2205.1,19.92,,-0.0311,0.0338,2.475,0.01774,0.4214
323,2654208,663552,618,2210.4,19.82,,-0.0363,0.0362,2.4576,0.01908,0.4353
324,2662400,665600,620,2215.6,19.75,,-0.0367,0.0391,2.4247,0.0175,0.4167
325,2670592,667648,621,2220.9,19.59,,-0.0365,0.0304,2.4484,0.02008,0.4456
326,2678784,669696,622,2226.1,19.62,,-0.0393,0.0378,2.434,0.01897,0.4459
327,2686976,671744,626,2231.4,19.93,,-0.0377,0.0346,2.4127,0.02134,0.4633
328,2695168,673792,628,2236.7,19.88,,-0.0339,0.0321,2.4442,0.0176,0.4613
329,2703360,675840,629,2241.9,19.86,,-0.037,0.031,2.4524,0.01858,0.4351
330,2711552,677888,631,2247.2,19.87,,-0.0343,0.0374,2.3831,0.01667,0.4266
331,2719744,679936,632,2252.4,19.97,,-0.0343,0.0368,2.4177,0.02144,0.4763
332,2727936,681984,633,2257.6,19.77,,-0.0366,0.0378,2.3993,0.02026,0.458
333,2736128,684032,635,2262.9,19.68,,-0.0368,0.0459,2.4288,0.01748,0.4574
334,2744320,686080,636,2268.1,19.9,,-0.0376,0.0437,2.4171,0.0183,0.4792
335,2752512,688128,637,2273.4,19.75,,-0.0358,0.0392,2.4085,0.02027,0.4731
336,2760704,690176,639,2278.6,19.97,,-0.0375,0.036,2.3966,0.01744,0.4307
337,2768896,692224,640,2283.9,20.08,,-0.0365,0.0412,2.4083,0.01779,0.4379
338,2777088,694272,643,2289.1,20.73,,-0.0352,0.0423,2.4059,0.01905,0.4542
339,2785280,696320,647,2294.4,21.22,,-0.0336,0.0466,2.4012,0.02043,0.4677
340,2793472,698368,648,2299.6,21.32,,-0.0382,0.0427,2.365,0.01901,0.4556
341,2801664,700416,648,2304.9,21.32,,-0.0382,0.0283,2.3856,0.02273,0.4579
342,2809856,702464,648,2310.1,21.32,,-0.037,0.0418,2.3532,0.02164,0.4773
343,2818048,704512,651,2315.4,21.68,,-0.0368,0.0433,2.3589,0.02138,0.4558
344,2826240,706560,653,2320.6,21.87,,-0.0357,0.0389,2.4389,0.01744,0.4293
345,2834432,708608,655,2325.9,21.96,,-0.0354,0.0386,2.3721,0.01894,0.4535
346,2842624,710656,659,2331.1,22.09,,-0.0364,0.0476,2.4227,0.01738,0.4192
347,2850816,712704,660,2336.4,22.26,,-0.0381,0.0482,2.385,0.01844,0.4607
348,2859008,714752,662,2341.6,22.35,,-0.0369,0.0334,2.4295,0.01776,0.4543
349,2867200,716800,663,2346.9,22.44,,-0.0345,0.0411,2.4483,0.01842,0.4069
350,2875392,718848,664,2352.1,22.51,,-0.0373,0.0364,2.4224,0.01786,0.4384
351,2883584,720896,666,2357.4,22.8,,-0.036,0.0403,2.3938,0.01649,0.425
352,2891776,722944,669,2362.6,22.72,,-0.0379,0.0459,2.3932,0.0197,0.4681
353,2899968,724992,669,2367.8,22.72,,-0.0349,0.0369,2.4127,0.02117,0.4524
354,2908160,727040,670,2373.1,22.7,,-0.0341,0.039,2.3914,0.0199,0.4518
355,2916352,729088,672,2378.3,22.94,,-0.0381,0.0386,2.36,0.01985,0.4604
356,2924544,731136,674,2383.6,23.13,,-0.0358,0.0412,2.3476,0.0177,0.4369
357,2932736,733184,675,2388.8,23.15,,-0.0365,0.0358,2.3568,0.02044,0.4296
358,2940928,735232,675,2394.1,23.15,,-0.0382,0.0462,2.3418,0.01833,0.4493
359,2949120,737280,677,2399.3,23.73,,-0.0367,0.0415,2.301,0.02045,0.4535
360,2957312,739328,680,2404.6,23.75,,-0.0364,0.0389,2.4186,0.01876,0.4355
361,2965504,741376,684,2409.8,24.08,,-0.0368,0.0338,2.3924,0.01735,0.4338
362,2973696,743424,685,2415.1,24.27,,-0.0355,0.042,2.3315,0.01787,0.4039
363,2981888,745472,686,2420.3,24.53,,-0.0351,0.0447,2.3172,0.02099,0.4948
364,2990080,747520,688,2425.6,24.68,,-0.0347,0.0383,2.3291,0.02013,0.4807
365,2998272,749568,688,2430.8,24.68,,-0.039,0.0454,2.2695,0.02321,0.4884
366,3006464,751616,689,2436.1,24.9,,-0.0341,0.044,2.3739,0.02065,0.4541
367,3014656,753664,692,2441.3,24.84,,-0.0371,0.036,2.3834,0.01727,0.4288
368,3022848,755712,692,2446.6,24.84,,-0.0383,0.0344,2.364,0.01919,0.439
369,3031040,757760,693,2451.8,24.85,,-0.0356,0.0405,2.3115,0.02073,0.4548
370,3039232,759808,696,2457.1,25.0,,-0.0329,0.0398,2.3751,0.01877,0.4167
371,3047424,761856,698,2462.3,25.35,,-0.0343,0.038,2.2862,0.01858,0.4274
372,3055616,763904,699,2467.6,25.49,,-0.0387,0.045,2.2949,0.02084,0.4504
373,3063808,765952,699,2472.8,25.49,,-0.0395,0.0349,2.3456,0.02279,0.4697
374,3072000,768000,701,2478.0,25.75,,-0.0379,0.0396,2.4011,0.0221,0.437
375,3080192,770048,702,2483.3,25.83,,-0.0353,0.0421,2.3457,0.02028,0.428
376,3088384,772096,703,2488.5,25.87,,-0.0331,0.0519,2.2728,0.02125,0.4716
377,3096576,774144,704,2493.8,25.93,,-0.0373,0.0443,2.2671,0.02149,0.4584
378,3104768,776192,707,2499.0,26.54,,-0.0335,0.0491,2.3061,0.02258,0.4456
379,3112960,778240,709,2504.3,26.55,,-0.033,0.0508,2.3656,0.01987,0.4489
380,3121152,780288,710,2509.5,26.59,,-0.0351,0.0403,2.2685,0.02265,0.4498
381,3129344,782336,712,2514.7,27.0,,-0.0361,0.0467,2.2959,0.0235,0.4576
382,3137536,784384,716,2520.0,27.37,,-0.0347,0.0462,2.3792,0.01996,0.4155
383,3145728,786432,718,2525.3,27.58,,-0.0364,0.0489,2.3344,0.025,0.4624
384,3153920,788480,719,2530.5,27.53,,-0.0333,0.0467,2.3371,0.02216,0.4563
385,3162112,790528,721,2535.7,27.88,,-0.0402,0.0529,2.3749,0.02291,0.4674
386,3170304,792576,722,2541.0,28.0,,-0.0363,0.0457,2.447,0.0206,0.4462
387,3178496,794624,724,2546.2,28.26,,-0.0344,0.0468,2.4839,0.01932,0.4164
388,3186688,796672,725,2551.5,28.21,,-0.0346,0.0475,2.3532,0.0171,0.4594
389,3194880,798720,727,2556.7,28.11,,-0.0366,0.0491,2.3304,0.01992,0.4541
390,3203072,800768,729,2562.0,28.34,,-0.0381,0.0461,2.3287,0.02228,0.4778
391,3211264,802816,734,2567.3,28.56,,-0.0351,0.0415,2.3621,0.02363,0.4473
392,3219456,804864,735,2572.5,28.73,,-0.0346,0.0477,2.3497,0.01738,0.4227
393,3227648,806912,735,2577.7,28.73,,-0.0344,0.0415,2.3587,0.01845,0.4427
394,3235840,808960,735,2583.0,28.73,,-0.0356,0.0429,2.3267,0.0188,0.447
395,3244032,811008,737,2588.2,29.1,,-0.0378,0.0432,2.3707,0.02079,0.4498
396,3252224,813056,737,2593.4,29.1,,-0.0336,0.04,2.2888,0.02278,0.4473
397,3260416,815104,737,2598.7,29.1,,-0.0337,0.0494,2.3474,0.02019,0.443
398,3268608,817152,741,2603.9,28.93,,-0.036,0.0544,2.2901,0.01955,0.455
399,3276800,819200,744,2609.2,28.81,,-0.0337,0.0528,2.2447,0.02322,0.4644
400,3284992,821248,747,2766.6,28.85,686.4000244140625,-0.035,0.0563,2.3106,0.02327,0.4591
401,3293184,823296,749,2771.7,28.99,,-0.0345,0.0445,2.3048,0.02027,0.4495
402,3301376,825344,749,2777.0,28.99,,-0.0363,0.0503,2.2836,0.01604,0.415
403,3309568,827392,749,2782.2,28.99,,-0.032,0.0475,2.274,0.02079,0.4644
404,3317760,829440,750,2787.4,29.17,,-0.0348,0.0413,2.2436,0.01866,0.4271
405,3325952,831488,750,2792.7,29.17,,-0.034,0.0413,2.2408,0.01695,0.4348
406,3334144,833536,752,2797.9,29.57,,-0.033,0.0543,2.212,0.02095,0.4933
407,3342336,835584,753,2803.2,29.89,,-0.0354,0.0424,2.285,0.01902,0.4374
408,3350528,837632,756,2808.4,30.06,,-0.0335,0.0541,2.2478,0.0173,0.4453
409,3358720,839680,758,2813.7,30.19,,-0.035,0.0427,2.3425,0.02066,0.4426
410,3366912,841728,761,2818.9,30.77,,-0.0302,0.062,2.3295,0.01754,0.4421
411,3375104,843776,761,2824.2,30.77,,-0.0321,0.0493,2.2862,0.02002,0.4419
412,3383296,845824,763,2829.4,31.2,,-0.0335,0.0454,2.2109,0.02362,0.4868
413,3391488,847872,764,2834.7,31.35,,-0.0342,0.0441,2.2099,0.02008,0.4648
414,3399680,849920,764,2839.9,31.35,,-0.0348,0.0393,2.2829,0.0209,0.4633
415,3407872,851968,766,2845.2,31.17,,-0.0321,0.0449,2.3079,0.01883,0.4265
416,3416064,854016,766,2850.6,31.17,,-0.0303,0.044,2.1475,0.01686,0.4353
417,3424256,856064,767,2855.9,31.63,,-0.0323,0.0438,2.2141,0.01905,0.4567
418,3432448,858112,769,2861.1,32.49,,-0.0306,0.044,2.25,0.01781,0.4471
419,3440640,860160,769,2866.3,32.49,,-0.0341,0.0419,2.2661,0.02439,0.4578
420,3448832,862208,773,2871.6,33.03,,-0.0271,0.073,2.2651,0.02122,0.4641
421,3457024,864256,773,2876.8,33.03,,-0.0297,0.0664,2.1375,0.02092,0.4552
422,3465216,866304,776,2882.1,33.45,,-0.032,0.0538,2.2222,0.02504,0.4644
423,3473408,868352,778,2887.4,33.8,,-0.0313,0.0479,2.2521,0.02292,0.4861
424,3481600,870400,779,2892.6,33.65,,-0.0329,0.0537,2.2692,0.0174,0.428
425,3489792,872448,780,2897.8,33.86,,-0.0307,0.0421,2.2374,0.01833,0.443
426,3497984,874496,783,2903.1,33.92,,-0.0299,0.0525,2.234,0.02008,0.4395
427,3506176,876544,784,2908.3,34.05,,-0.0333,0.0559,2.1589,0.02145,0.4763
428,3514368,878592,786,2913.6,34.17,,-0.0361,0.0468,2.2163,0.02258,0.4685
429,3522560,880640,789,2918.8,34.25,,-0.0337,0.0664,2.224,0.02106,0.4237
430,3530752,882688,790,2924.1,34.22,,-0.0338,0.0451,2.2536,0.0224,0.4486
431,3538944,884736,792,2929.3,34.83,,-0.0325,0.0428,2.2455,0.01904,0.4386
432,3547136,886784,793,2934.6,35.03,,-0.0339,0.0508,2.1941,0.01721,0.4347
433,3555328,888832,795,2939.9,34.74,,-0.0313,0.0546,2.2515,0.02531,0.4734
434,3563520,890880,797,2945.1,34.72,,-0.0302,0.0424,2.2273,0.02012,0.4492
435,3571712,892928,797,2950.4,34.72,,-0.0305,0.0484,2.1801,0.01955,0.4724
436,3579904,894976,797,2955.6,34.72,,-0.0344,0.0518,2.2132,0.02243,0.4623
437,3588096,897024,798,2960.8,34.69,,-0.0309,0.0615,2.2975,0.01978,0.4282
438,3596288,899072,800,2966.1,34.63,,-0.035,0.0438,2.292,0.02301,0.4529
439,3604480,901120,801,2971.4,34.67,,-0.0308,0.0554,2.2092,0.02127,0.4661
440,3612672,903168,803,2976.6,34.88,,-0.0303,0.067,2.1766,0.02013,0.4685
441,3620864,905216,805,2981.8,34.58,,-0.0324,0.0515,2.2745,0.02077,0.4307
442,3629056,907264,810,2987.1,35.48,,-0.0348,0.0511,2.1996,0.02123,0.4528
443,3637248,909312,811,2992.4,35.72,,-0.0334,0.0469,2.2697,0.02013,0.4515
444,3645440,911360,811,2997.6,35.72,,-0.0362,0.0435,2.2007,0.02329,0.4601
445,3653632,913408,812,3002.9,35.78,,-0.0348,0.0496,2.2151,0.02362,0.474
446,3661824,915456,813,3008.1,36.08,,-0.0313,0.0403,2.3364,0.02395,0.4386
447,3670016,917504,814,3013.3,35.83,,-0.0331,0.0569,2.2604,0.02189,0.4508
448,3678208,919552,816,3018.6,35.76,,-0.0315,0.0671,2.2338,0.02061,0.4384
449,3686400,921600,817,3023.8,36.03,,-0.0334,0.0463,2.2475,0.02282,0.46
450,3694592,923648,818,3029.1,36.16,,-0.0296,0.0548,2.1727,0.01833,0.4296
451,3702784,925696,821,3034.3,36.44,,-0.0349,0.0551,2.1819,0.02132,0.4495
452,3710976,927744,823,3039.6,36.88,,-0.0359,0.045,2.2563,0.01918,0.4393
453,3719168,929792,826,3044.8,37.2,,-0.0321,0.0453,2.2597,0.02128,0.4318
454,3727360,931840,828,3050.1,37.6,,-0.0338,0.0481,2.2642,0.01853,0.4409
455,3735552,933888,828,3055.3,37.6,,-0.0321,0.0412,2.1879,0.01964,0.4543
456,3743744,935936,829,3060.6,37.67,,-0.0359,0.0433,2.1707,0.02083,0.4426
457,3751936,937984,829,3065.9,37.67,,-0.035,0.0379,2.2143,0.02332,0.4471
458,3760128,940032,830,3071.1,37.85,,-0.0312,0.0484,2.3119,0.02315,0.4368
459,3768320,942080,831,3076.3,38.0,,-0.031,0.0438,2.2217,0.01964,0.4286
460,3776512,944128,833,3081.6,38.16,,-0.034,0.0595,2.2111,0.02175,0.4598
461,3784704,946176,834,3086.8,38.22,,-0.0351,0.0571,2.2224,0.02494,0.4801
462,3792896,948224,839,3092.1,38.63,,-0.035,0.0532,2.1845,0.02326,0.4515
463,3801088,950272,840,3097.4,38.75,,-0.0341,0.0497,2.1325,0.01942,0.4332
464,3809280,952320,842,3102.6,38.95,,-0.0344,0.0564,2.1026,0.02394,0.4552
465,3817472,954368,843,3107.9,39.08,,-0.0356,0.0505,2.1867,0.02451,0.4658
466,3825664,956416,843,3113.1,39.08,,-0.0342,0.0491,2.2485,0.01927,0.4393
467,3833856,958464,845,3118.4,39.56,,-0.0314,0.0489,2.2344,0.01961,0.4165
468,3842048,960512,846,3123.6,39.34,,-0.0333,0.0466,2.2287,0.02331,0.4216
469,3850240,962560,848,3128.8,39.51,,-0.032,0.0482,2.2661,0.01974,0.4076
470,3858432,964608,849,3134.1,39.2,,-0.0376,0.0551,2.189,0.02309,0.4641
471,3866624,966656,852,3139.3,38.44,,-0.0329,0.0571,2.2658,0.02172,0.4445
472,3874816,968704,854,3144.6,38.34,,-0.0284,0.0498,2.2588,0.01922,0.4489
473,3883008,970752,854,3149.8,38.34,,-0.0355,0.0619,2.2094,0.02253,0.4625
474,3891200,972800,857,3155.1,38.94,,-0.0336,0.0561,2.2716,0.02672,0.4561
475,3899392,974848,858,3160.3,38.97,,-0.0314,0.0455,2.2641,0.02278,0.455
476,3907584,976896,859,3165.6,39.13,,-0.0325,0.0464,2.2673,0.02006,0.4696
477,3915776,978944,859,3170.8,39.13,,-0.0359,0.0582,2.2924,0.02015,0.4592
478,3923968,980992,861,3176.0,39.07,,-0.0358,0.0385,2.3716,0.02116,0.4207
479,3932160,983040,862,3181.3,38.94,,-0.0379,0.0566,2.2741,0.02199,0.469
480,3940352,985088,864,3186.6,38.64,,-0.036,0.0493,2.2905,0.0228,0.4536
481,3948544,987136,866,3191.9,38.86,,-0.0357,0.0578,2.2429,0.01933,0.4391
482,3956736,989184,869,3197.1,38.21,,-0.0346,0.0406,2.2718,0.02308,0.4495
483,3964928,991232,869,3202.3,38.21,,-0.0348,0.0495,2.233,0.02764,0.4752
484,3973120,993280,870,3207.6,38.4,,-0.0317,0.0504,2.1891,0.02177,0.4581
485,3981312,995328,870,3212.8,38.4,,-0.0332,0.0412,2.2305,0.01909,0.4609
486,3989504,997376,871,3218.1,38.68,,-0.0339,0.043,2.267,0.0211,0.4402
487,3997696,999424,872,3223.3,38.93,,-0.0288,0.0405,2.2541,0.02123,0.468
488,4005888,1001472,873,3228.6,38.99,,-0.034,0.045,2.2048,0.02146,0.4685
489,4014080,1003520,873,3233.8,38.99,,-0.0323,0.0418,2.2138,0.02078,0.4766
490,4022272,1005568,875,3239.0,39.05,,-0.0384,0.0465,2.2289,0.02123,0.467
491,4030464,1007616,878,3244.3,39.03,,-0.0322,0.0383,2.2765,0.01974,0.4329
492,4038656,1009664,880,3249.5,39.25,,-0.0303,0.0495,2.223,0.01946,0.4249
493,4046848,1011712,883,3254.8,40.0,,-0.0331,0.0447,2.2623,0.02535,0.4912
494,4055040,1013760,884,3260.0,40.17,,-0.0373,0.0347,2.2898,0.02093,0.4476
495,4063232,1015808,885,3265.3,40.38,,-0.0333,0.0419,2.2025,0.02128,0.4551
496,4071424,1017856,886,3270.5,40.21,,-0.0355,0.0368,2.2206,0.02127,0.4613
497,4079616,1019904,887,3275.8,40.31,,-0.0361,0.0415,2.2132,0.02299,0.4625
498,4087808,1021952,887,3281.0,40.31,,-0.0391,0.0383,2.2179,0.0269,0.491
499,4096000,1024000,887,3286.2,40.31,,-0.0356,0.0372,2.2414,0.02573,0.4779
500,4104192,1026048,888,3530.1,40.37,1356.4000244140625,-0.0345,0.0531,2.1503,0.02589,0.4556
501,4112384,1028096,890,3535.3,40.24,,-0.0338,0.0394,2.2099,0.02418,0.4825
502,4120576,1030144,892,3540.5,39.87,,-0.0356,0.0417,2.1507,0.03002,0.4763
503,4128768,1032192,895,3545.8,40.96,,-0.0379,0.0339,2.158,0.0285,0.4919
504,4136960,1034240,895,3551.0,40.96,,-0.0371,0.0407,2.0867,0.02614,0.4753
505,4145152,1036288,895,3556.3,40.96,,-0.0378,0.0288,2.1691,0.02449,0.4519
506,4153344,1038336,896,3561.5,41.23,,-0.0341,0.0484,2.1439,0.02202,0.4773
507,4161536,1040384,896,3566.7,41.23,,-0.0354,0.0368,2.1866,0.02852,0.4877
508,4169728,1042432,898,3572.0,41.86,,-0.0347,0.0313,2.1456,0.02068,0.437
509,4177920,1044480,899,3577.3,41.65,,-0.0313,0.0575,2.0985,0.02471,0.4659
510,4186112,1046528,902,3582.6,42.25,,-0.0317,0.0451,2.1425,0.02631,0.4528
511,4194304,1048576,904,3587.8,42.91,,-0.0348,0.0361,2.0444,0.02479,0.4818
512,4202496,1050624,904,3593.1,42.91,,-0.0338,0.0364,2.0626,0.02532,0.4783
513,4210688,1052672,904,3598.3,42.91,,-0.0308,0.0317,2.0842,0.02542,0.5029
514,4218880,1054720,907,3603.6,43.54,,-0.0348,0.0304,2.1821,0.02295,0.4677
515,4227072,1056768,909,3608.9,43.56,,-0.0303,0.0536,2.1006,0.02826,0.4788
516,4235264,1058816,909,3614.2,43.56,,-0.0344,0.0381,2.1006,0.02289,0.4529
517,4243456,1060864,909,3619.4,43.56,,-0.0337,0.0337,2.07,0.02412,0.4742
518,4251648,1062912,910,3624.7,43.53,,-0.0364,0.0531,2.1291,0.0219,0.4415
519,4259840,1064960,910,3629.9,43.53,,-0.0327,0.0328,2.0736,0.02144,0.4591
520,4268032,1067008,910,3635.2,43.53,,-0.0356,0.0454,2.0441,0.02296,0.4976
521,4276224,1069056,913,3640.5,44.2,,-0.035,0.0417,2.0413,0.02802,0.494
522,4284416,1071104,913,3645.7,44.2,,-0.0302,0.0486,2.1105,0.02677,0.4814
523,4292608,1073152,914,3651.0,44.79,,-0.0301,0.0392,2.1076,0.02538,0.4452
524,4300800,1075200,914,3656.2,44.79,,-0.0307,0.0373,2.0171,0.02407,0.4904
525,4308992,1077248,914,3661.5,44.79,,-0.0337,0.0468,2.0441,0.02691,0.4672
526,4317184,1079296,918,3666.8,46.01,,-0.0354,0.0492,2.0874,0.02872,0.4637
527,4325376,1081344,918,3672.0,46.01,,-0.0361,0.0392,2.198,0.02598,0.4656
528,4333568,1083392,922,3677.3,47.18,,-0.0305,0.0537,2.1194,0.02387,0.4691
529,4341760,1085440,923,3682.6,47.05,,-0.0359,0.042,2.0624,0.02534,0.4633
530,4349952,1087488,924,3687.8,47.5,,-0.0334,0.0398,2.0928,0.02191,0.4537
531,4358144,1089536,924,3693.1,47.5,,-0.0356,0.0369,2.056,0.02764,0.4973
532,4366336,1091584,926,3698.4,47.75,,-0.0321,0.0442,2.1513,0.02084,0.4481
533,4374528,1093632,927,3703.6,47.87,,-0.0345,0.0281,2.101,0.01904,0.4427
534,4382720,1095680,927,3708.8,47.87,,-0.0316,0.0261,1.9967,0.02105,0.4568
535,4390912,1097728,927,3714.1,47.87,,-0.0316,0.0313,2.0203,0.02436,0.4976
536,4399104,1099776,927,3719.3,47.87,,-0.0358,0.0352,2.0463,0.03194,0.4835
537,4407296,1101824,927,3724.6,47.87,,-0.0333,0.0424,2.1248,0.02604,0.4368
538,4415488,1103872,929,3729.8,48.72,,-0.0277,0.0427,2.0751,0.02279,0.4397
539,4423680,1105920,929,3735.0,48.72,,-0.0336,0.031,1.9887,0.01764,0.4329
540,4431872,1107968,931,3740.3,49.16,,-0.0357,0.0401,2.0111,0.02856,0.4944
541,4440064,1110016,933,3745.5,49.99,,-0.0318,0.0421,2.1114,0.0255,0.4697
542,4448256,1112064,936,3750.8,50.31,,-0.0296,0.0353,2.1235,0.0231,0.4515
543,4456448,1114112,938,3756.0,50.92,,-0.0254,0.0484,2.0585,0.02401,0.4637
544,4464640,1116160,939,3761.3,51.06,,-0.0378,0.0422,2.0245,0.0233,0.4818
545,4472832,1118208,939,3766.5,51.06,,-0.0334,0.0346,2.1372,0.02521,0.4816
546,4481024,1120256,941,3771.8,51.73,,-0.0373,0.0394,2.1643,0.02312,0.4457
547,4489216,1122304,941,3777.0,51.73,,-0.035,0.0343,2.176,0.02707,0.4673
548,4497408,1124352,941,3782.3,51.73,,-0.0365,0.0362,2.112,0.0256,0.4893
549,4505600,1126400,942,3787.5,52.13,,-0.0343,0.0418,2.1121,0.02503,0.4498
550,4513792,1128448,944,3792.8,52.27,,-0.0316,0.0438,2.1686,0.02429,0.4536
551,4521984,1130496,946,3798.0,52.59,,-0.0321,0.0413,2.1052,0.02495,0.4546
552,4530176,1132544,946,3803.3,52.59,,-0.032,0.0342,2.0435,0.02052,0.4658
553,4538368,1134592,948,3808.5,52.69,,-0.0314,0.04,2.0816,0.02631,0.4542
554,4546560,1136640,948,3813.7,52.69,,-0.0305,0.0324,2.1155,0.02393,0.4567
555,4554752,1138688,949,3819.0,53.11,,-0.0314,0.048,2.1651,0.02236,0.4359
556,4562944,1140736,950,3824.2,53.22,,-0.0364,0.0318,2.0897,0.01938,0.4232
557,4571136,1142784,951,3829.5,53.89,,-0.0334,0.0424,2.107,0.02541,0.4293
558,4579328,1144832,952,3834.7,54.43,,-0.0337,0.044,2.1277,0.02587,0.4502
559,4587520,1146880,953,3839.9,54.63,,-0.034,0.0526,2.1011,0.0239,0.4415
560,4595712,1148928,955,3845.2,55.33,,-0.0306,0.0389,2.0395,0.01852,0.4242
561,4603904,1150976,957,3850.5,55.62,,-0.0344,0.0459,2.0296,0.02499,0.441
562,4612096,1153024,958,3855.7,55.81,,-0.0336,0.0387,2.0852,0.02578,0.4512
563,4620288,1155072,959,3860.9,55.84,,-0.0352,0.0437,2.033,0.02168,0.4552
564,4628480,1157120,961,3866.2,55.91,,-0.0333,0.0304,2.1695,0.0213,0.4192
565,4636672,1159168,961,3871.4,55.91,,-0.0337,0.0402,2.0322,0.0218,0.4524
566,4644864,1161216,961,3876.7,55.91,,-0.0376,0.0407,2.0032,0.02462,0.4573
567,4653056,1163264,963,3881.9,56.79,,-0.0317,0.0319,2.1202,0.02413,0.451
568,4661248,1165312,965,3887.2,57.52,,-0.0357,0.0432,2.1123,0.02451,0.4404
569,4669440,1167360,966,3892.4,57.36,,-0.0345,0.0388,2.0209,0.02702,0.465
570,4677632,1169408,967,3897.6,57.34,,-0.0335,0.0545,2.0102,0.02433,0.4486
571,4685824,1171456,968,3902.9,57.59,,-0.0345,0.0327,2.0225,0.02732,0.4777
572,4694016,1173504,969,3908.2,57.92,,-0.0355,0.0293,2.0993,0.02474,0.4531
573,4702208,1175552,970,3913.4,57.74,,-0.0321,0.0428,2.0838,0.02794,0.4574
574,4710400,1177600,972,3918.6,57.72,,-0.0294,0.0694,2.0451,0.0247,0.4286
575,4718592,1179648,972,3923.9,57.72,,-0.0341,0.0398,2.0281,0.027,0.462
576,4726784,1181696,973,3929.1,57.85,,-0.032,0.0355,1.9633,0.02451,0.4644
577,4734976,1183744,974,3934.3,57.92,,-0.0348,0.0297,2.0019,0.02267,0.4535
578,4743168,1185792,974,3939.6,57.92,,-0.0334,0.0401,1.9786,0.02913,0.4829
579,4751360,1187840,977,3944.8,58.42,,-0.0307,0.0422,2.1192,0.02677,0.4347
580,4759552,1189888,979,3950.1,58.6,,-0.0296,0.0443,2.1038,0.02691,0.4482
581,4767744,1191936,979,3955.3,58.6,,-0.0343,0.045,2.0059,0.02684,0.4424
582,4775936,1193984,979,3960.6,58.6,,-0.0327,0.0433,1.9635,0.02463,0.4645
583,4784128,1196032,982,3965.8,58.83,,-0.0303,0.0467,2.1274,0.02494,0.4558
584,4792320,1198080,983,3971.0,59.15,,-0.0348,0.0325,2.0381,0.02299,0.4532
585,4800512,1200128,984,3976.3,59.44,,-0.0342,0.0364,2.0249,0.02565,0.4651
586,4808704,1202176,985,3981.5,59.33,,-0.0317,0.0465,2.0073,0.02492,0.4624
587,4816896,1204224,986,3986.8,59.43,,-0.0354,0.036,2.0944,0.02364,0.4495
588,4825088,1206272,988,3992.1,59.81,,-0.0299,0.033,2.0896,0.02547,0.4329
589,4833280,1208320,988,3997.3,59.81,,-0.0301,0.0315,1.9872,0.02204,0.4652
590,4841472,1210368,988,4002.5,59.81,,-0.0346,0.0325,2.0259,0.02365,0.4617
591,4849664,1212416,988,4007.7,59.81,,-0.0347,0.0395,2.0142,0.02566,0.4872
592,4857856,1214464,992,4013.0,61.12,,-0.0278,0.033,2.1424,0.02305,0.415
593,4866048,1216512,993,4018.3,61.43,,-0.0338,0.0345,2.0729,0.02327,0.4629
594,4874240,1218560,994,4023.5,61.28,,-0.0322,0.0293,2.0369,0.02339,0.4415
595,4882432,1220608,994,4028.7,61.28,,-0.0291,0.0473,2.054,0.02045,0.4382
596,4890624,1222656,994,4034.0,61.28,,-0.0378,0.0284,2.1286,0.02434,0.472
597,4898816,1224704,996,4039.2,61.48,,-0.0309,0.0471,2.1056,0.02403,0.4128
598,4907008,1226752,997,4044.4,61.5,,-0.0325,0.0463,2.025,0.02006,0.4263
599,4915200,1228800,998,4049.7,61.32,,-0.0342,0.0467,2.0364,0.02629,0.4567
600,4923392,1230848,1000,4308.5,61.91,1507.4000244140625,-0.0308,0.0295,2.0549,0.02191,0.4479
601,4931584,1232896,1000,4313.7,61.91,,-0.0324,0.0321,1.9881,0.02193,0.4578
602,4939776,1234944,1001,4318.9,61.56,,-0.0298,0.0442,2.0293,0.02758,0.4723
603,4947968,1236992,1003,4324.2,61.72,,-0.0311,0.0334,2.0426,0.02826,0.4443
604,4956160,1239040,1006,4329.4,61.92,,-0.0325,0.0332,2.0535,0.02637,0.4529
605,4964352,1241088,1007,4334.7,61.99,,-0.0302,0.0413,2.0249,0.02608,0.4615
606,4972544,1243136,1008,4339.9,62.18,,-0.0291,0.0355,2.0555,0.02143,0.4469
607,4980736,1245184,1008,4345.2,62.18,,-0.036,0.032,2.0188,0.02153,0.4403
608,4988928,1247232,1009,4350.4,62.11,,-0.0306,0.0404,2.063,0.02337,0.4623
609,4997120,1249280,1010,4355.6,62.53,,-0.0341,0.0305,2.0898,0.01675,0.4132
610,5005312,1251328,1011,4360.9,62.23,,-0.0342,0.0408,2.0277,0.02605,0.48
611,5013504,1253376,1012,4366.1,62.27,,-0.0326,0.0544,2.1046,0.02787,0.4211
612,5021696,1255424,1012,4371.4,62.27,,-0.0334,0.0376,2.0128,0.02732,0.4691
613,5029888,1257472,1013,4376.6,62.39,,-0.0312,0.0409,1.9733,0.02793,0.4622
614,5038080,1259520,1013,4381.8,62.39,,-0.0349,0.0324,1.9555,0.02686,0.4745
615,5046272,1261568,1016,4387.1,62.24,,-0.0296,0.0478,2.0505,0.0235,0.4484
616,5054464,1263616,1017,4392.4,62.31,,-0.0334,0.0407,2.0515,0.02532,0.4552
617,5062656,1265664,1019,4397.6,62.01,,-0.029,0.0623,2.0616,0.02612,0.4297
618,5070848,1267712,1020,4402.8,61.89,,-0.0322,0.0391,1.9759,0.03074,0.4756
619,5079040,1269760,1020,4408.1,61.89,,-0.0327,0.0447,2.0463,0.02663,0.4879
620,5087232,1271808,1024,4413.4,62.32,,-0.0327,0.0397,2.0645,0.01996,0.4349
621,5095424,1273856,1024,4418.6,62.32,,-0.0341,0.0347,1.9622,0.02535,0.4578
622,5103616,1275904,1024,4423.8,62.32,,-0.0292,0.0465,2.0348,0.03039,0.4728
623,5111808,1277952,1025,4429.1,62.35,,-0.0323,0.0364,2.0157,0.0256,0.4696
624,5120000,1280000,1026,4434.3,62.3,,-0.0343,0.0295,2.0616,0.02264,0.4414
625,5128192,1282048,1028,4439.6,62.26,,-0.0349,0.035,2.0421,0.03,0.4661
626,5136384,1284096,1029,4444.8,62.05,,-0.0321,0.0369,2.1003,0.02311,0.4493
627,5144576,1286144,1029,4450.0,62.05,,-0.0327,0.038,2.0639,0.02298,0.437
628,5152768,1288192,1029,4455.3,62.05,,-0.0332,0.0421,2.0059,0.02786,0.4583
629,5160960,1290240,1031,4460.5,61.86,,-0.034,0.0348,2.0691,0.03007,0.4724
630,5169152,1292288,1033,4465.8,61.63,,-0.0305,0.0459,2.01,0.02342,0.4476
631,5177344,1294336,1033,4471.0,61.63,,-0.0316,0.0416,2.0051,0.02521,0.4634
632,5185536,1296384,1035,4476.2,62.01,,-0.0343,0.0335,1.9746,0.02513,0.4622
633,5193728,1298432,1036,4481.5,61.93,,-0.037,0.044,1.9891,0.02832,0.4772
634,5201920,1300480,1036,4486.7,61.93,,-0.0332,0.0318,2.0004,0.02898,0.4583
635,5210112,1302528,1038,4492.0,62.04,,-0.0349,0.0319,1.9091,0.02873,0.4696
636,5218304,1304576,1039,4497.2,62.36,,-0.0294,0.0288,1.8953,0.02419,0.4709
637,5226496,1306624,1040,4502.5,62.37,,-0.0333,0.0384,1.9113,0.02809,0.4656
638,5234688,1308672,1041,4507.7,62.28,,-0.0301,0.0411,1.9856,0.03188,0.4374
639,5242880,1310720,1042,4513.0,62.06,,-0.035,0.0287,1.9558,0.02888,0.4819
640,5251072,1312768,1043,4518.2,61.99,,-0.0304,0.0387,1.95,0.02487,0.4456
641,5259264,1314816,1044,4523.4,62.25,,-0.0324,0.0354,1.9722,0.02493,0.4393
642,5267456,1316864,1045,4528.7,62.38,,-0.0351,0.0364,2.0304,0.02566,0.4579
643,5275648,1318912,1046,4533.9,62.67,,-0.0309,0.0371,2.0127,0.02265,0.4315
644,5283840,1320960,1046,4539.2,62.67,,-0.0341,0.0282,1.9225,0.0281,0.4482
645,5292032,1323008,1046,4544.4,62.67,,-0.0333,0.0366,1.9266,0.02997,0.459
646,5300224,1325056,1046,4549.6,62.67,,-0.032,0.0414,1.9511,0.0282,0.451
647,5308416,1327104,1050,4554.9,63.64,,-0.0351,0.0375,2.0212,0.02985,0.4406
648,5316608,1329152,1051,4560.1,63.71,,-0.0352,0.0265,1.9716,0.02594,0.4384
649,5324800,1331200,1051,4565.4,63.71,,-0.0341,0.0351,1.8988,0.03051,0.4667
650,5332992,1333248,1053,4570.6,63.87,,-0.0288,0.0549,1.9794,0.02576,0.4362
651,5341184,1335296,1056,4575.9,63.29,,-0.0307,0.0414,2.0403,0.02757,0.4624
652,5349376,1337344,1057,4581.1,63.33,,-0.0305,0.0373,2.0407,0.02947,0.4619
653,5357568,1339392,1058,4586.4,63.57,,-0.0339,0.0285,1.9227,0.02112,0.447
654,5365760,1341440,1058,4591.6,63.57,,-0.033,0.0321,1.9859,0.02934,0.4738
655,5373952,1343488,1059,4596.8,63.75,,-0.0376,0.0258,2.0303,0.02549,0.4578
656,5382144,1345536,1060,4602.1,64.26,,-0.0324,0.0316,2.0363,0.02612,0.4512
657,5390336,1347584,1060,4607.3,64.26,,-0.0344,0.0271,1.9775,0.02521,0.4806
658,5398528,1349632,1061,4612.6,64.39,,-0.0343,0.029,1.9296,0.02498,0.4774
659,5406720,1351680,1061,4617.8,64.39,,-0.0325,0.0416,1.9646,0.02496,0.4581
660,5414912,1353728,1063,4623.1,64.15,,-0.0346,0.0323,2.0744,0.02661,0.427
661,5423104,1355776,1064,4628.3,64.2,,-0.0341,0.0273,1.9943,0.02887,0.4598
662,5431296,1357824,1065,4633.5,64.1,,-0.0267,0.0533,1.9275,0.02866,0.4584
663,5439488,1359872,1065,4638.8,64.1,,-0.0335,0.0391,1.9326,0.029,0.4713
664,5447680,1361920,1066,4644.0,64.73,,-0.0355,0.0284,2.0175,0.02914,0.4625
665,5455872,1363968,1068,4649.3,65.2,,-0.0332,0.0283,1.9608,0.02838,0.4678
666,5464064,1366016,1069,4654.5,65.28,,-0.0316,0.0332,1.9516,0.02188,0.4633
667,5472256,1368064,1069,4659.7,65.28,,-0.0336,0.0438,1.946,0.02355,0.4353
668,5480448,1370112,1072,4665.0,65.7,,-0.0227,0.0439,2.0047,0.02658,0.4487
669,5488640,1372160,1074,4670.2,65.76,,-0.0332,0.0271,1.9561,0.02524,0.4591
670,5496832,1374208,1074,4675.5,65.76,,-0.0345,0.0401,1.9417,0.02728,0.4614
671,5505024,1376256,1075,4680.7,65.87,,-0.0307,0.0395,2.0006,0.02479,0.4619
672,5513216,1378304,1076,4686.0,65.85,,-0.0321,0.0388,2.0325,0.02454,0.4462
673,5521408,1380352,1077,4691.2,66.29,,-0.0323,0.0311,2.0362,0.03082,0.4492
674,5529600,1382400,1077,4696.4,66.29,,-0.0308,0.0439,2.0659,0.0225,0.4292
675,5537792,1384448,1077,4701.7,66.29,,-0.0365,0.0348,2.0175,0.02793,0.4441
676,5545984,1386496,1078,4706.9,66.37,,-0.0343,0.0604,1.9864,0.02855,0.4478
677,5554176,1388544,1082,4712.2,66.68,,-0.0309,0.0455,2.1169,0.02783,0.4276
678,5562368,1390592,1085,4717.4,66.45,,-0.0315,0.0306,1.9849,0.02438,0.4764
679,5570560,1392640,1085,4722.7,66.45,,-0.0329,0.0308,1.9198,0.02296,0.4515
680,5578752,1394688,1085,4727.9,66.45,,-0.0311,0.037,1.9547,0.02278,0.4427
681,5586944,1396736,1086,4733.2,66.53,,-0.0349,0.0316,2.0768,0.02216,0.4264
682,5595136,1398784,1086,4738.4,66.53,,-0.0286,0.0334,2.0189,0.0246,0.4351
683,5603328,1400832,1087,4743.6,66.36,,-0.0325,0.0342,1.9164,0.01846,0.4268
684,5611520,1402880,1087,4748.9,66.36,,-0.0353,0.0375,1.9168,0.02255,0.4465
685,5619712,1404928,1088,4754.1,66.79,,-0.033,0.032,1.9975,0.02462,0.4757
686,5627904,1406976,1090,4759.4,67.48,,-0.0329,0.019,2.1029,0.02433,0.4644
687,5636096,1409024,1091,4764.6,67.31,,-0.0289,0.0246,1.9505,0.02035,0.4602
688,5644288,1411072,1092,4769.8,67.38,,-0.0343,0.0242,1.9159,0.02216,0.4543
689,5652480,1413120,1092,4775.1,67.38,,-0.036,0.0267,1.9059,0.02507,0.4583
690,5660672,1415168,1093,4780.3,67.45,,-0.0343,0.0244,2.0846,0.02421,0.4178
691,5668864,1417216,1094,4785.6,67.48,,-0.0297,0.0288,1.9853,0.02003,0.4425
692,5677056,1419264,1095,4790.8,67.31,,-0.0314,0.0247,1.8972,0.02166,0.4438
693,5685248,1421312,1095,4796.0,67.31,,-0.0357,0.0278,1.9337,0.0188,0.4357
694,5693440,1423360,1097,4801.3,67.77,,-0.0326,0.028,2.0334,0.0209,0.4386
695,5701632,1425408,1101,4806.5,68.64,,-0.0311,0.026,2.0838,0.02094,0.4304
696,5709824,1427456,1102,4811.8,68.92,,-0.0276,0.0414,1.9293,0.02124,0.4294
697,5718016,1429504,1103,4817.0,68.72,,-0.0264,0.0525,1.9265,0.01273,0.353
698,5726208,1431552,1103,4822.3,68.72,,-0.0312,0.0305,1.9531,0.02117,0.4509
699,5734400,1433600,1103,4827.5,68.72,,-0.035,0.0297,1.9999,0.02537,0.4557
700,5742592,1435648,1103,5118.8,68.72,1738.0,-0.0342,0.0255,1.9224,0.02166,0.4395
701,5750784,1437696,1103,5124.0,68.72,,-0.035,0.0274,1.892,0.02649,0.4552
702,5758976,1439744,1104,5129.2,68.75,,-0.0326,0.0309,1.9612,0.02444,0.432
703,5767168,1441792,1106,5134.5,69.03,,-0.0348,0.0249,1.9384,0.02422,0.453
704,5775360,1443840,1106,5139.7,69.03,,-0.0355,0.0253,1.9437,0.02611,0.4541
705,5783552,1445888,1107,5145.0,69.33,,-0.0346,0.0291,1.8759,0.02529,0.4584
706,5791744,1447936,1110,5150.2,69.42,,-0.0352,0.0321,1.9508,0.02963,0.4789
707,5799936,1449984,1110,5155.5,69.42,,-0.0322,0.0334,1.9108,0.02245,0.4506
708,5808128,1452032,1111,5160.7,69.76,,-0.0351,0.0286,1.9362,0.02928,0.4596
709,5816320,1454080,1112,5165.9,69.64,,-0.0293,0.0341,1.8205,0.02849,0.454
710,5824512,1456128,1113,5171.2,69.63,,-0.0284,0.0523,1.8935,0.02863,0.4528
711,5832704,1458176,1114,5176.4,69.88,,-0.029,0.039,1.9084,0.03612,0.4626
712,5840896,1460224,1117,5181.7,69.74,,-0.0294,0.0462,1.8254,0.02867,0.4656
713,5849088,1462272,1119,5187.0,69.87,,-0.0342,0.026,1.8156,0.0299,0.4875
714,5857280,1464320,1120,5192.2,70.26,,-0.0286,0.0345,1.8531,0.02755,0.4598
715,5865472,1466368,1122,5197.5,70.18,,-0.0263,0.0319,1.9594,0.03332,0.4271
716,5873664,1468416,1122,5202.8,70.18,,-0.0329,0.0374,1.7816,0.02692,0.4503
717,5881856,1470464,1122,5208.0,70.18,,-0.0333,0.0365,1.8583,0.02582,0.4344
718,5890048,1472512,1123,5213.3,69.91,,-0.0329,0.0426,1.9087,0.02673,0.4139
719,5898240,1474560,1124,5218.5,69.96,,-0.0358,0.0305,2.0178,0.0241,0.4292
720,5906432,1476608,1124,5223.8,69.96,,-0.0315,0.0345,1.8981,0.02887,0.4503
721,5914624,1478656,1125,5229.0,69.57,,-0.0332,0.0284,1.8748,0.02931,0.4523
722,5922816,1480704,1127,5234.3,69.72,,-0.0331,0.0269,1.9318,0.02593,0.4767
723,5931008,1482752,1128,5239.5,69.83,,-0.0301,0.0245,1.9906,0.02597,0.4846
724,5939200,1484800,1129,5244.8,70.06,,-0.0325,0.0217,1.886,0.03144,0.4664
725,5947392,1486848,1129,5250.1,70.06,,-0.0278,0.0399,1.9232,0.02732,0.4501
726,5955584,1488896,1130,5255.3,69.94,,-0.0287,0.033,1.9427,0.02783,0.4337
727,5963776,1490944,1132,5260.6,70.65,,-0.0351,0.029,1.9137,0.02614,0.4521
728,5971968,1492992,1133,5265.8,70.69,,-0.0267,0.041,1.931,0.02389,0.4386
729,5980160,1495040,1134,5271.1,70.63,,-0.0321,0.0326,1.9126,0.02362,0.4657
730,5988352,1497088,1137,5276.4,70.7,,-0.0335,0.0349,1.9827,0.02481,0.4504
731,5996544,1499136,1138,5281.6,70.85,,-0.0339,0.0278,2.0175,0.02596,0.4379
732,6004736,1501184,1138,5286.9,70.85,,-0.0293,0.0403,1.9594,0.0258,0.4818
733,6012928,1503232,1138,5292.1,70.85,,-0.0339,0.0359,1.9358,0.02916,0.4696
734,6021120,1505280,1138,5297.4,70.85,,-0.0356,0.0388,1.955,0.02786,0.4429
735,6029312,1507328,1138,5302.6,70.85,,-0.0329,0.0335,1.996,0.03525,0.4614
736,6037504,1509376,1139,5307.9,70.85,,-0.0349,0.0337,1.9497,0.03417,0.4843
737,6045696,1511424,1140,5313.1,70.86,,-0.0376,0.0324,1.9596,0.02964,0.4707
738,6053888,1513472,1142,5318.4,71.06,,-0.0364,0.0271,1.976,0.02959,0.4644
739,6062080,1515520,1144,5323.7,71.08,,-0.0336,0.03,2.0221,0.02734,0.489
740,6070272,1517568,1146,5328.9,71.28,,-0.0301,0.0282,2.0584,0.03058,0.4725
741,6078464,1519616,1146,5334.2,71.28,,-0.0283,0.0368,2.0134,0.02361,0.4572
742,6086656,1521664,1147,5339.4,71.13,,-0.0356,0.0311,1.9415,0.02576,0.4714
743,6094848,1523712,1150,5344.7,70.94,,-0.0307,0.0406,1.9884,0.02863,0.4541
744,6103040,1525760,1150,5350.0,70.94,,-0.0341,0.0312,1.9995,0.029,0.4574
745,6111232,1527808,1152,5355.2,70.77,,-0.0343,0.0265,2.0731,0.03014,0.4647
746,6119424,1529856,1154,5360.5,71.07,,-0.0318,0.032,1.9451,0.02271,0.4376
747,6127616,1531904,1154,5365.8,71.07,,-0.0358,0.024,2.0274,0.0282,0.4457
748,6135808,1533952,1154,5371.0,71.07,,-0.0364,0.0255,2.0003,0.02377,0.4552
749,6144000,1536000,1154,5376.2,71.07,,-0.0358,0.0269,2.0984,0.02254,0.4396
750,6152192,1538048,1154,5381.5,71.07,,-0.0339,0.0301,2.0447,0.02409,0.45
751,6160384,1540096,1155,5386.7,71.09,,-0.0287,0.0533,2.0143,0.02556,0.447
752,6168576,1542144,1156,5392.0,70.93,,-0.0336,0.0346,2.0796,0.02667,0.4573
753,6176768,1544192,1158,5397.3,70.85,,-0.0348,0.0294,2.0151,0.0261,0.4641
754,6184960,1546240,1159,5402.5,70.95,,-0.0358,0.0252,2.0316,0.02386,0.4572
755,6193152,1548288,1159,5407.8,70.95,,-0.0384,0.0304,2.0232,0.02617,0.4663
756,6201344,1550336,1161,5413.0,70.98,,-0.0352,0.0239,2.0523,0.0209,0.4393
757,6209536,1552384,1162,5418.3,71.25,,-0.0282,0.0419,2.0113,0.03028,0.4266
758,6217728,1554432,1163,5423.5,71.37,,-0.0311,0.0292,1.9603,0.02209,0.4178
759,6225920,1556480,1163,5428.8,71.37,,-0.0367,0.0243,1.9256,0.02495,0.4647
760,6234112,1558528,1165,5434.1,71.5,,-0.0363,0.0305,2.0266,0.02794,0.4656
761,6242304,1560576,1168,5439.3,71.44,,-0.0357,0.0266,2.0578,0.02064,0.4332
762,6250496,1562624,1170,5444.6,71.52,,-0.0306,0.0313,2.0366,0.02335,0.4374
763,6258688,1564672,1170,5449.8,71.52,,-0.032,0.0281,1.9344,0.02207,0.4495
764,6266880,1566720,1170,5455.1,71.52,,-0.037,0.0273,1.9546,0.01998,0.4165
765,6275072,1568768,1170,5460.3,71.52,,-0.0362,0.0264,1.9845,0.02432,0.4474
766,6283264,1570816,1172,5465.6,71.63,,-0.0337,0.0321,1.9922,0.02369,0.4363
767,6291456,1572864,1172,5470.9,71.63,,-0.0317,0.0402,1.9708,0.02701,0.4156
768,6299648,1574912,1173,5476.1,71.5,,-0.0369,0.028,1.9406,0.02367,0.4392
769,6307840,1576960,1173,5481.4,71.5,,-0.036,0.0284,1.9478,0.02463,0.4431
770,6316032,1579008,1173,5486.6,71.5,,-0.0373,0.0254,1.9584,0.02611,0.4655
771,6324224,1581056,1176,5491.9,71.54,,-0.0361,0.0238,1.986,0.02591,0.4633
772,6332416,1583104,1177,5497.1,71.57,,-0.038,0.0224,1.9647,0.02499,0.4589
773,6340608,1585152,1177,5502.4,71.57,,-0.0357,0.0261,1.8932,0.02583,0.4725
774,6348800,1587200,1180,5507.6,71.48,,-0.0274,0.0497,2.0305,0.02701,0.4287
775,6356992,1589248,1181,5512.9,71.91,,-0.0319,0.0261,1.941,0.02897,0.4646
776,6365184,1591296,1181,5518.1,71.91,,-0.0313,0.0412,1.8575,0.03157,0.4349
777,6373376,1593344,1182,5523.4,71.89,,-0.0346,0.0337,1.8681,0.02387,0.4458
778,6381568,1595392,1185,5528.7,72.51,,-0.0305,0.0454,1.9738,0.03442,0.4731
779,6389760,1597440,1186,5533.9,72.6,,-0.0287,0.0279,1.9955,0.02513,0.45
780,6397952,1599488,1186,5539.2,72.6,,-0.0335,0.0259,1.8956,0.0272,0.4557
781,6406144,1601536,1186,5544.4,72.6,,-0.0361,0.0348,1.8861,0.03524,0.4662
782,6414336,1603584,1187,5549.7,72.65,,-0.0347,0.0298,1.9519,0.02943,0.4503
783,6422528,1605632,1188,5554.9,72.7,,-0.0325,0.0345,1.9335,0.02833,0.4601
784,6430720,1607680,1189,5560.2,72.7,,-0.0358,0.0233,1.9237,0.02788,0.4451
785,6438912,1609728,1190,5565.4,72.36,,-0.0332,0.0307,1.923,0.02999,0.4773
786,6447104,1611776,1190,5570.7,72.36,,-0.0358,0.0256,1.9087,0.02752,0.4741
787,6455296,1613824,1191,5575.9,72.42,,-0.0335,0.0266,1.9657,0.0262,0.4426
788,6463488,1615872,1193,5581.2,72.2,,-0.0321,0.0324,1.935,0.02862,0.4924
789,6471680,1617920,1196,5586.5,72.4,,-0.0335,0.0305,1.9318,0.03136,0.4652
790,6479872,1619968,1197,5591.8,72.36,,-0.0338,0.0244,1.9212,0.02653,0.4624
791,6488064,1622016,1197,5597.0,72.36,,-0.0332,0.0242,1.9545,0.02383,0.4589
792,6496256,1624064,1197,5602.3,72.36,,-0.0316,0.0293,1.8834,0.02764,0.4595
793,6504448,1626112,1197,5607.5,72.36,,-0.0321,0.0228,1.9061,0.02965,0.474
794,6512640,1628160,1198,5612.8,72.3,,-0.031,0.031,1.9663,0.02966,0.4645
795,6520832,1630208,1199,5618.0,72.3,,-0.034,0.0289,1.9146,0.02349,0.4385
796,6529024,1632256,1202,5623.3,72.42,,-0.0359,0.024,1.8818,0.02842,0.4663
797,6537216,1634304,1202,5628.6,72.42,,-0.0327,0.0263,1.8722,0.02771,0.4806
798,6545408,1636352,1203,5633.8,72.46,,-0.033,0.0381,1.9507,0.02596,0.4397
799,6553600,1638400,1204,5639.1,72.48,,-0.0354,0.0266,1.9598,0.028,0.4623
800,6561792,1640448,1204,5911.6,72.48,1607.199951171875,-0.0353,0.0249,1.9185,0.03036,0.449
801,6569984,1642496,1205,5916.8,72.48,,-0.0326,0.0298,1.862,0.03653,0.4896
802,6578176,1644544,1206,5922.0,72.42,,-0.0341,0.0421,1.9307,0.02721,0.4611
803,6586368,1646592,1208,5927.3,72.25,,-0.0325,0.0207,2.0009,0.02952,0.4619
804,6594560,1648640,1209,5932.6,72.33,,-0.0354,0.0245,1.9051,0.02844,0.4768
805,6602752,1650688,1210,5937.8,72.37,,-0.032,0.0439,1.9506,0.02964,0.4662
806,6610944,1652736,1211,5943.1,72.39,,-0.0315,0.0337,1.9725,0.02708,0.4464
807,6619136,1654784,1214,5948.3,72.19,,-0.0312,0.0497,1.9638,0.02287,0.4274
808,6627328,1656832,1215,5953.6,71.88,,-0.0344,0.0289,1.9363,0.02918,0.4741
809,6635520,1658880,1215,5958.8,71.88,,-0.0357,0.0305,1.9006,0.02925,0.4591
810,6643712,1660928,1216,5964.1,72.27,,-0.0313,0.0311,1.9477,0.02777,0.4557
811,6651904,1662976,1217,5969.4,72.03,,-0.0347,0.0307,1.9303,0.03356,0.4772
812,6660096,1665024,1218,5974.6,72.01,,-0.031,0.0321,1.9695,0.03085,0.4777
813,6668288,1667072,1219,5979.9,72.39,,-0.0334,0.0341,1.9223,0.03048,0.4766
814,6676480,1669120,1220,5985.1,72.38,,-0.036,0.0276,1.9368,0.02791,0.4568
815,6684672,1671168,1220,5990.4,72.38,,-0.0363,0.0294,1.9981,0.02782,0.4657
816,6692864,1673216,1220,5995.6,72.38,,-0.0351,0.0308,1.9621,0.02904,0.4695
817,6701056,1675264,1220,6000.9,72.38,,-0.0344,0.0403,1.9215,0.03094,0.4392
818,6709248,1677312,1222,6006.2,72.56,,-0.0309,0.043,1.9046,0.03745,0.4407
819,6717440,1679360,1222,6011.4,72.56,,-0.0323,0.05,1.8764,0.0287,0.4528
820,6725632,1681408,1225,6016.7,73.23,,-0.0357,0.0345,1.9766,0.03454,0.4559
821,6733824,1683456,1227,6021.9,73.48,,-0.0356,0.035,1.9277,0.03387,0.4763
822,6742016,1685504,1228,6027.2,73.27,,-0.0373,0.0404,1.8884,0.02997,0.4401
823,6750208,1687552,1229,6032.4,73.14,,-0.0349,0.0254,1.9175,0.02457,0.4501
824,6758400,1689600,1231,6037.7,73.2,,-0.0349,0.0262,1.9739,0.02603,0.4652
825,6766592,1691648,1231,6043.0,73.2,,-0.0334,0.0207,1.9692,0.02651,0.4501
826,6774784,1693696,1231,6048.2,73.2,,-0.0324,0.0324,1.9041,0.03353,0.4763
827,6782976,1695744,1232,6053.5,73.26,,-0.0349,0.0359,1.9351,0.03698,0.452
828,6791168,1697792,1232,6058.7,73.26,,-0.0358,0.0346,1.8797,0.0347,0.4955
829,6799360,1699840,1234,6064.0,73.36,,-0.033,0.0358,2.0242,0.0306,0.4406
830,6807552,1701888,1236,6069.3,73.18,,-0.0272,0.04,1.9296,0.02387,0.4518
831,6815744,1703936,1237,6074.5,73.19,,-0.0344,0.0267,1.9269,0.02875,0.4363
832,6823936,1705984,1237,6079.8,73.19,,-0.0362,0.0294,1.8954,0.02496,0.4403
833,6832128,1708032,1237,6085.0,73.19,,-0.0383,0.0255,2.0217,0.02976,0.4625
834,6840320,1710080,1239,6090.3,72.88,,-0.0292,0.0417,1.9594,0.0288,0.4259
835,6848512,1712128,1239,6095.5,72.88,,-0.0346,0.0316,1.8892,0.02723,0.4447
836,6856704,1714176,1240,6100.8,72.92,,-0.0337,0.0273,1.9015,0.02881,0.4581
837,6864896,1716224,1242,6106.0,72.9,,-0.033,0.0312,1.9845,0.02995,0.469
838,6873088,1718272,1244,6111.3,73.16,,-0.0348,0.0249,1.9998,0.02908,0.4858
839,6881280,1720320,1245,6116.6,73.17,,-0.0324,0.0323,1.9311,0.03351,0.4568
840,6889472,1722368,1245,6121.8,73.17,,-0.0357,0.0306,1.8741,0.02965,0.4686
841,6897664,1724416,1245,6127.1,73.17,,-0.0342,0.0359,1.8689,0.03209,0.4777
842,6905856,1726464,1247,6132.3,73.58,,-0.0357,0.0242,2.0052,0.02759,0.4493
843,6914048,1728512,1248,6137.6,73.46,,-0.0371,0.0227,1.9791,0.031,0.446
844,6922240,1730560,1249,6142.8,73.6,,-0.0317,0.0423,1.8656,0.03219,0.4746
845,6930432,1732608,1251,6148.1,73.67,,-0.0253,0.0486,1.9058,0.03115,0.4645
846,6938624,1734656,1251,6153.4,73.67,,-0.0353,0.0343,1.8751,0.02809,0.4629
847,6946816,1736704,1252,6158.6,73.89,,-0.035,0.0286,1.9424,0.02871,0.4534
848,6955008,1738752,1254,6163.9,73.85,,-0.0349,0.0249,1.9049,0.02657,0.4502
849,6963200,1740800,1254,6169.1,73.85,,-0.0365,0.0253,1.9739,0.02321,0.4269
850,6971392,1742848,1256,6174.4,73.85,,-0.033,0.0281,1.8709,0.02943,0.4547
851,6979584,1744896,1256,6179.6,73.85,,-0.0338,0.0207,1.9259,0.02292,0.444
852,6987776,1746944,1257,6184.9,73.98,,-0.0283,0.0403,1.9504,0.02619,0.4198
853,6995968,1748992,1259,6190.2,73.91,,-0.0302,0.0337,1.9696,0.02233,0.3892
854,7004160,1751040,1259,6195.4,73.91,,-0.0305,0.035,1.8601,0.02303,0.4303
855,7012352,1753088,1260,6200.7,73.94,,-0.0324,0.0366,1.8681,0.02357,0.4359
856,7020544,1755136,1261,6206.0,74.01,,-0.0329,0.0361,1.8623,0.02511,0.4363
857,7028736,1757184,1263,6211.2,74.0,,-0.0315,0.0304,1.882,0.02587,0.4391
858,7036928,1759232,1263,6216.5,74.0,,-0.0328,0.0337,1.8461,0.02949,0.4451
859,7045120,1761280,1263,6221.7,74.0,,-0.0345,0.0309,1.8436,0.03062,0.464
860,7053312,1763328,1264,6227.0,74.05,,-0.0316,0.0275,1.8585,0.0325,0.4419
861,7061504,1765376,1266,6232.2,74.03,,-0.0349,0.0255,1.912,0.02794,0.4338
862,7069696,1767424,1267,6237.5,74.0,,-0.0305,0.0283,1.9618,0.02601,0.4471
863,7077888,1769472,1268,6242.7,73.85,,-0.0311,0.0286,1.8896,0.02525,0.4636
864,7086080,1771520,1269,6248.0,73.9,,-0.0355,0.0278,1.944,0.02672,0.4302
865,7094272,1773568,1270,6253.2,73.98,,-0.0344,0.0215,1.9816,0.0339,0.4495
866,7102464,1775616,1271,6258.5,74.21,,-0.0348,0.0223,1.9831,0.02366,0.4236
867,7110656,1777664,1272,6263.7,74.35,,-0.0307,0.03,1.9248,0.02459,0.4445
868,7118848,1779712,1272,6269.0,74.35,,-0.0328,0.0357,1.9074,0.02671,0.4442
869,7127040,1781760,1273,6274.3,74.54,,-0.034,0.027,1.9543,0.02628,0.4573
870,7135232,1783808,1274,6279.5,74.8,,-0.0353,0.0241,1.9503,0.02526,0.4438
871,7143424,1785856,1275,6284.8,74.79,,-0.0377,0.0238,1.9413,0.02817,0.4512
872,7151616,1787904,1275,6290.0,74.79,,-0.0353,0.0282,1.919,0.02573,0.4506
873,7159808,1789952,1277,6295.3,74.84,,-0.0346,0.0276,1.9508,0.02992,0.4338
874,7168000,1792000,1278,6300.5,74.84,,-0.0382,0.0256,1.9751,0.02983,0.4709
875,7176192,1794048,1279,6305.8,75.16,,-0.0362,0.0245,1.9891,0.02948,0.4393
876,7184384,1796096,1279,6311.0,75.16,,-0.0353,0.0264,1.9407,0.02445,0.4546
877,7192576,1798144,1281,6316.3,75.09,,-0.0321,0.0303,1.9402,0.02103,0.4293
878,7200768,1800192,1282,6321.6,75.17,,-0.0346,0.0377,1.9021,0.03328,0.4379
879,7208960,1802240,1284,6326.8,75.17,,-0.0287,0.0465,2.0076,0.02796,0.4039
880,7217152,1804288,1285,6332.1,75.21,,-0.0358,0.0257,1.9182,0.0262,0.4408
881,7225344,1806336,1285,6337.3,75.21,,-0.0357,0.0233,1.8967,0.02923,0.4478
882,7233536,1808384,1286,6342.6,75.28,,-0.0352,0.0225,1.9772,0.03048,0.4498
883,7241728,1810432,1286,6347.8,75.28,,-0.0351,0.0268,2.0111,0.02567,0.4355
884,7249920,1812480,1288,6353.1,75.39,,-0.0348,0.0251,1.9959,0.03066,0.4558
885,7258112,1814528,1290,6358.4,75.62,,-0.0317,0.0285,1.9397,0.0296,0.441
886,7266304,1816576,1290,6363.6,75.62,,-0.0336,0.0229,1.9379,0.02974,0.452
887,7274496,1818624,1291,6368.9,75.48,,-0.0328,0.0412,1.9449,0.03145,0.4603
888,7282688,1820672,1293,6374.2,75.56,,-0.0332,0.0271,1.9961,0.03316,0.465
889,7290880,1822720,1293,6379.4,75.56,,-0.0379,0.0228,1.9525,0.0302,0.4784
890,7299072,1824768,1293,6384.6,75.56,,-0.0358,0.024,1.9855,0.02678,0.4673
891,7307264,1826816,1294,6389.9,75.77,,-0.0354,0.027,1.9626,0.02721,0.4656
892,7315456,1828864,1296,6395.2,75.63,,-0.0263,0.0392,2.0181,0.02924,0.449
893,7323648,1830912,1297,6400.4,75.46,,-0.0258,0.0475,1.9808,0.03184,0.463
894,7331840,1832960,1298,6405.7,75.55,,-0.0379,0.0273,1.9758,0.02513,0.4489
895,7340032,1835008,1299,6410.9,75.44,,-0.0369,0.0316,1.9823,0.03061,0.4502
896,7348224,1837056,1301,6416.2,75.44,,-0.0328,0.0272,1.9677,0.03823,0.4513
897,7356416,1839104,1302,6421.5,75.35,,-0.0331,0.0394,1.9586,0.02466,0.4254
898,7364608,1841152,1303,6426.7,75.36,,-0.0366,0.0366,1.9284,0.02435,0.4492
899,7372800,1843200,1304,6432.0,75.27,,-0.0356,0.0265,1.9212,0.02308,0.439
900,7380992,1845248,1305,6698.0,75.1,1619.4000244140625,-0.0361,0.0237,1.9922,0.02752,0.4497
901,7389184,1847296,1306,6703.2,75.02,,-0.0297,0.0421,1.9431,0.02794,0.4355
902,7397376,1849344,1307,6708.4,75.25,,-0.0364,0.0228,1.9752,0.02396,0.425
903,7405568,1851392,1307,6713.7,75.25,,-0.0356,0.0195,1.9541,0.03007,0.4646
904,7413760,1853440,1307,6718.9,75.25,,-0.0328,0.0271,2.0269,0.02682,0.4266
905,7421952,1855488,1308,6724.2,75.1,,-0.0316,0.0409,1.9595,0.03303,0.4515
906,7430144,1857536,1310,6729.4,75.34,,-0.0367,0.026,2.0175,0.0281,0.4312
907,7438336,1859584,1310,6734.7,75.34,,-0.036,0.0299,1.9441,0.0303,0.475
908,7446528,1861632,1311,6739.9,75.15,,-0.033,0.0293,1.942,0.02786,0.4464
909,7454720,1863680,1313,6745.2,75.2,,-0.0348,0.0337,1.9391,0.03279,0.4508
910,7462912,1865728,1314,6750.5,75.7,,-0.035,0.049,1.9717,0.0305,0.4456
911,7471104,1867776,1315,6755.7,75.94,,-0.0357,0.034,2.0051,0.03101,0.4396
912,7479296,1869824,1316,6761.0,76.04,,-0.0348,0.028,1.9773,0.02849,0.4471
913,7487488,1871872,1317,6766.2,76.12,,-0.0371,0.0283,1.9944,0.02685,0.4568
914,7495680,1873920,1318,6771.5,76.12,,-0.0367,0.0293,1.9883,0.03133,0.4722
915,7503872,1875968,1320,6776.8,76.01,,-0.0357,0.0245,2.0624,0.02504,0.431
916,7512064,1878016,1321,6782.0,75.9,,-0.0352,0.0231,1.9711,0.02893,0.4775
917,7520256,1880064,1321,6787.3,75.9,,-0.0342,0.0269,2.0018,0.02673,0.4541
918,7528448,1882112,1322,6792.6,76.05,,-0.0344,0.0316,2.0408,0.02506,0.4562
919,7536640,1884160,1323,6797.8,76.14,,-0.0347,0.0273,2.0782,0.02477,0.4436
920,7544832,1886208,1324,6803.1,76.01,,-0.0361,0.0248,1.996,0.0336,0.4613
921,7553024,1888256,1325,6808.3,75.92,,-0.0343,0.0275,1.9938,0.02617,0.4592
922,7561216,1890304,1325,6813.6,75.92,,-0.0361,0.0255,2.0317,0.02551,0.4581
923,7569408,1892352,1326,6818.8,75.93,,-0.0373,0.0241,2.036,0.03082,0.4551
924,7577600,1894400,1327,6824.1,75.98,,-0.0309,0.0328,2.09,0.02702,0.4609
925,7585792,1896448,1329,6829.3,76.09,,-0.0318,0.0358,2.0072,0.03026,0.4382
926,7593984,1898496,1329,6834.6,76.09,,-0.0336,0.0375,2.0146,0.0271,0.4448
927,7602176,1900544,1330,6839.8,76.28,,-0.0333,0.0312,2.059,0.03372,0.4443
928,7610368,1902592,1332,6845.1,76.28,,-0.0347,0.024,2.1328,0.02534,0.4216
929,7618560,1904640,1332,6850.3,76.28,,-0.0353,0.0259,1.9775,0.03171,0.4537
930,7626752,1906688,1333,6855.6,76.43,,-0.037,0.0227,2.066,0.02495,0.4365
931,7634944,1908736,1335,6860.8,76.82,,-0.0356,0.0257,2.04,0.02275,0.4127
932,7643136,1910784,1336,6866.1,76.84,,-0.033,0.0301,2.0493,0.02777,0.4301
933,7651328,1912832,1337,6871.4,76.87,,-0.0339,0.0341,2.0093,0.02761,0.4171
934,7659520,1914880,1337,6876.6,76.87,,-0.0336,0.0277,2.078,0.02442,0.4227
935,7667712,1916928,1339,6881.9,77.18,,-0.0328,0.0289,1.997,0.02512,0.4572
936,7675904,1918976,1340,6887.1,76.84,,-0.0391,0.0278,1.9871,0.02934,0.4613
937,7684096,1921024,1341,6892.4,76.85,,-0.0361,0.026,2.0832,0.03041,0.4368
938,7692288,1923072,1343,6897.6,76.86,,-0.0366,0.0261,2.0593,0.03219,0.4664
939,7700480,1925120,1343,6902.9,76.86,,-0.033,0.044,2.0255,0.03105,0.4493
940,7708672,1927168,1343,6908.1,76.86,,-0.0375,0.036,1.9159,0.03469,0.4576
941,7716864,1929216,1345,6913.4,76.68,,-0.0361,0.0327,2.0192,0.03141,0.4606
942,7725056,1931264,1345,6918.6,76.68,,-0.035,0.036,2.0344,0.02942,0.4399
943,7733248,1933312,1348,6923.9,76.56,,-0.032,0.0383,2.0479,0.04344,0.4613
944,7741440,1935360,1349,6929.1,76.29,,-0.0358,0.0293,1.9801,0.0276,0.4618
945,7749632,1937408,1349,6934.4,76.29,,-0.0366,0.0327,1.988,0.0381,0.4688
946,7757824,1939456,1349,6939.6,76.29,,-0.0363,0.0289,1.9554,0.0317,0.4664
947,7766016,1941504,1350,6944.9,76.43,,-0.0378,0.0312,1.9875,0.03347,0.4717
948,7774208,1943552,1352,6950.2,76.1,,-0.0329,0.027,1.9283,0.03117,0.4718
949,7782400,1945600,1353,6955.4,76.24,,-0.0347,0.0303,1.9241,0.03398,0.4879
950,7790592,1947648,1353,6960.7,76.24,,-0.0359,0.0245,1.9663,0.03226,0.4646
951,7798784,1949696,1355,6966.0,76.39,,-0.0386,0.0219,1.9402,0.03435,0.4918
952,7806976,1951744,1356,6971.2,76.51,,-0.0308,0.0255,1.9458,0.03734,0.465
953,7815168,1953792,1357,6976.5,76.53,,-0.0351,0.0228,1.8934,0.02638,0.4503
954,7823360,1955840,1357,6981.7,76.53,,-0.0342,0.0287,1.9437,0.03169,0.4755
955,7831552,1957888,1358,6987.0,76.69,,-0.0325,0.0253,1.9012,0.03729,0.464
956,7839744,1959936,1359,6992.2,76.81,,-0.0335,0.0272,1.9775,0.03624,0.4485
957,7847936,1961984,1359,6997.5,76.81,,-0.0313,0.0356,1.8328,0.04346,0.4673
958,7856128,1964032,1360,7002.7,76.64,,-0.0362,0.0273,1.8195,0.0393,0.4777
959,7864320,1966080,1363,7008.0,76.79,,-0.0306,0.0333,1.8631,0.03164,0.4392
960,7872512,1968128,1365,7013.3,77.09,,-0.0362,0.0232,1.898,0.03197,0.4584
961,7880704,1970176,1365,7018.5,77.09,,-0.0379,0.0222,1.8611,0.03125,0.4614
962,7888896,1972224,1366,7023.8,76.72,,-0.0344,0.023,1.8625,0.036,0.4553
963,7897088,1974272,1366,7029.0,76.72,,-0.034,0.0205,1.9123,0.02781,0.4651
964,7905280,1976320,1366,7034.3,76.72,,-0.0333,0.0211,1.8265,0.03811,0.4692
965,7913472,1978368,1368,7039.5,77.07,,-0.0359,0.0209,1.9135,0.03462,0.4596
966,7921664,1980416,1369,7044.8,77.05,,-0.0346,0.0212,1.8316,0.03171,0.4554
967,7929856,1982464,1370,7050.1,77.03,,-0.0311,0.0279,1.8284,0.03458,0.4453
968,7938048,1984512,1370,7055.3,77.03,,-0.036,0.021,1.9133,0.03252,0.4897
969,7946240,1986560,1371,7060.6,77.01,,-0.0326,0.0224,1.9122,0.0322,0.483
970,7954432,1988608,1372,7065.8,77.04,,-0.0346,0.0204,1.8542,0.03714,0.4747
971,7962624,1990656,1373,7071.1,77.06,,-0.0343,0.0201,1.8669,0.03416,0.4762
972,7970816,1992704,1374,7076.3,77.03,,-0.0261,0.0362,1.9705,0.03061,0.4277
973,7979008,1994752,1376,7081.6,76.88,,-0.0364,0.0217,1.8336,0.03114,0.475
974,7987200,1996800,1376,7086.9,76.88,,-0.0351,0.0186,1.8508,0.03319,0.4663
975,7995392,1998848,1376,7092.1,76.88,,-0.0363,0.0288,1.8242,0.03138,0.4816
976,8003584,2000896,1377,7097.4,76.97,,-0.0377,0.0284,1.8944,0.03716,0.4838
977,8011776,2002944,1380,7102.6,76.97,,-0.0289,0.0378,1.9116,0.02993,0.4249
978,8019968,2004992,1382,7107.9,76.95,,-0.0323,0.0254,1.8647,0.03392,0.4346
979,8028160,2007040,1383,7113.1,76.97,,-0.0351,0.0227,1.7551,0.04183,0.4835
980,8036352,2009088,1383,7118.4,76.97,,-0.0296,0.0236,1.8134,0.03205,0.4757
981,8044544,2011136,1384,7123.6,77.0,,-0.036,0.0232,1.8737,0.03099,0.4607
982,8052736,2013184,1384,7128.9,77.0,,-0.0355,0.026,1.811,0.03522,0.4639
983,8060928,2015232,1385,7134.1,77.02,,-0.0338,0.0215,1.7814,0.02811,0.4526
984,8069120,2017280,1385,7139.4,77.02,,-0.0353,0.0263,1.8028,0.02996,0.447
985,8077312,2019328,1386,7144.7,77.05,,-0.0327,0.0229,1.8215,0.03119,0.4783
986,8085504,2021376,1386,7149.9,77.05,,-0.0328,0.0264,1.8609,0.03468,0.463
987,8093696,2023424,1389,7155.2,77.04,,-0.031,0.0274,1.878,0.03262,0.4424
988,8101888,2025472,1389,7160.4,77.04,,-0.0326,0.0311,1.7602,0.02922,0.4601
989,8110080,2027520,1391,7165.7,77.43,,-0.0356,0.0235,1.8569,0.02732,0.4667
990,8118272,2029568,1391,7170.9,77.43,,-0.0363,0.0204,1.9322,0.03368,0.4642
991,8126464,2031616,1392,7176.2,77.43,,-0.0339,0.0248,1.9043,0.03092,0.4639
992,8134656,2033664,1392,7181.5,77.43,,-0.0245,0.038,1.8176,0.02976,0.4374
993,8142848,2035712,1393,7186.7,77.45,,-0.0308,0.0315,1.8632,0.03235,0.4583
994,8151040,2037760,1395,7192.0,77.66,,-0.0364,0.0288,1.8337,0.03394,0.4817
995,8159232,2039808,1397,7197.2,77.84,,-0.0315,0.0342,1.8856,0.03357,0.449
996,8167424,2041856,1398,7202.5,77.87,,-0.0312,0.0339,1.8605,0.02643,0.4163
997,8175616,2043904,1400,7207.8,77.82,,-0.0366,0.0281,1.9111,0.02931,0.4591
998,8183808,2045952,1400,7213.0,77.82,,-0.0349,0.0265,1.8763,0.02856,0.4846
999,8192000,2048000,1402,7218.3,77.79,,-0.0354,0.0244,1.9351,0.02991,0.4792
1000,8200192,2050048,1402,7510.3,77.79,1732.5999755859375,-0.0347,0.0238,1.93,0.03035,0.4501
1001,8208384,2052096,1402,7515.4,77.79,,-0.036,0.023,1.8968,0.02945,0.4524
1002,8216576,2054144,1402,7520.7,77.79,,-0.0319,0.0257,1.8847,0.03098,0.4507
1003,8224768,2056192,1402,7525.9,77.79,,-0.0345,0.0289,1.8164,0.03521,0.4569
1004,8232960,2058240,1403,7531.2,77.93,,-0.0338,0.0278,1.9032,0.03231,0.4742
1005,8241152,2060288,1406,7536.4,78.17,,-0.0305,0.0213,1.9305,0.03123,0.4684
1006,8249344,2062336,1407,7541.7,78.16,,-0.0358,0.0237,1.9537,0.03052,0.4712
1007,8257536,2064384,1409,7546.9,78.2,,-0.0381,0.0217,1.9107,0.02778,0.4677
1008,8265728,2066432,1409,7552.2,78.2,,-0.0386,0.0199,1.9416,0.0303,0.4657
1009,8273920,2068480,1409,7557.4,78.2,,-0.031,0.0278,1.9453,0.03131,0.4341
1010,8282112,2070528,1410,7562.6,78.14,,-0.0325,0.0293,1.8484,0.03145,0.4308
1011,8290304,2072576,1410,7567.9,78.14,,-0.0354,0.0278,1.8828,0.02958,0.4449
1012,8298496,2074624,1413,7573.2,78.31,,-0.0311,0.042,1.9252,0.02406,0.4147
1013,8306688,2076672,1414,7578.4,78.28,,-0.0355,0.0267,1.8887,0.03478,0.4657
1014,8314880,2078720,1414,7583.6,78.28,,-0.0343,0.0215,1.8999,0.03042,0.4427
1015,8323072,2080768,1416,7588.9,78.41,,-0.0333,0.0201,1.9244,0.02997,0.4335
1016,8331264,2082816,1416,7594.2,78.41,,-0.0353,0.0285,1.9167,0.02783,0.4468
1017,8339456,2084864,1418,7599.4,78.53,,-0.0355,0.0211,2.0024,0.03017,0.4642
1018,8347648,2086912,1418,7604.7,78.53,,-0.033,0.0332,2.0416,0.02929,0.4401
1019,8355840,2088960,1418,7609.9,78.53,,-0.0356,0.0424,1.8793,0.03509,0.4412
1020,8364032,2091008,1418,7615.1,78.53,,-0.0376,0.0256,1.8729,0.02492,0.4385
1021,8372224,2093056,1418,7620.4,78.53,,-0.035,0.0213,1.8777,0.02772,0.4669
1022,8380416,2095104,1419,7625.7,78.67,,-0.0347,0.0307,1.9334,0.03868,0.4625
1023,8388608,2097152,1422,7630.9,78.85,,-0.0354,0.0245,1.9935,0.02672,0.4097
1024,8396800,2099200,1423,7636.2,78.86,,-0.036,0.023,1.9584,0.03024,0.4332
1025,8404992,2101248,1424,7641.4,79.04,,-0.0359,0.0234,1.881,0.03252,0.4225
1026,8413184,2103296,1424,7646.7,79.04,,-0.0361,0.0236,1.9144,0.03518,0.4709
1027,8421376,2105344,1425,7651.9,79.4,,-0.0374,0.024,2.0353,0.03445,0.4468
1028,8429568,2107392,1428,7657.2,79.3,,-0.0319,0.031,1.9202,0.03263,0.448
1029,8437760,2109440,1428,7662.5,79.3,,-0.0321,0.0393,1.9185,0.03227,0.4585
1030,8445952,2111488,1430,7667.7,79.53,,-0.0353,0.0335,1.8584,0.03316,0.4559
1031,8454144,2113536,1432,7673.0,79.45,,-0.0355,0.0297,1.9176,0.03392,0.4539
1032,8462336,2115584,1433,7678.2,79.5,,-0.0368,0.0218,1.9731,0.03166,0.4612
1033,8470528,2117632,1434,7683.5,79.63,,-0.0352,0.02,1.9519,0.03248,0.4647
1034,8478720,2119680,1434,7688.7,79.63,,-0.0301,0.0312,1.8658,0.03186,0.4376
1035,8486912,2121728,1434,7694.0,79.63,,-0.0374,0.0266,1.8754,0.03135,0.449
1036,8495104,2123776,1434,7699.2,79.63,,-0.0328,0.0304,1.9147,0.03165,0.4397
1037,8503296,2125824,1435,7704.5,79.46,,-0.0359,0.0243,1.8783,0.03122,0.4393
1038,8511488,2127872,1436,7709.7,79.32,,-0.0305,0.0282,1.8958,0.03079,0.4402
1039,8519680,2129920,1436,7715.0,79.32,,-0.037,0.0246,1.9088,0.03556,0.4337
1040,8527872,2131968,1438,7720.2,79.33,,-0.0295,0.0368,1.8736,0.02767,0.4082
1041,8536064,2134016,1440,7725.5,79.34,,-0.0328,0.0337,1.8554,0.03287,0.4357
1042,8544256,2136064,1442,7730.7,79.29,,-0.0328,0.0273,1.8831,0.03894,0.451
1043,8552448,2138112,1442,7736.0,79.29,,-0.0322,0.0271,1.7918,0.03874,0.4448
1044,8560640,2140160,1442,7741.2,79.29,,-0.0373,0.0272,1.8531,0.04067,0.4658
1045,8568832,2142208,1444,7746.5,79.31,,-0.0329,0.0249,1.8406,0.03733,0.4523
1046,8577024,2144256,1445,7751.8,79.01,,-0.0372,0.0193,1.8618,0.03606,0.4556
1047,8585216,2146304,1445,7757.0,79.01,,-0.0353,0.0252,1.8305,0.0361,0.4927
1048,8593408,2148352,1447,7762.3,79.44,,-0.0368,0.0309,1.9137,0.03013,0.4537
1049,8601600,2150400,1449,7767.5,79.72,,-0.0337,0.0275,1.9145,0.03045,0.4396
1050,8609792,2152448,1450,7772.8,79.73,,-0.0328,0.0313,1.8818,0.03486,0.4628
1051,8617984,2154496,1450,7778.0,79.73,,-0.035,0.0247,1.9054,0.03404,0.4734
1052,8626176,2156544,1450,7783.3,79.73,,-0.0353,0.0198,1.924,0.03255,0.4564
1053,8634368,2158592,1451,7788.5,79.91,,-0.0275,0.044,1.9728,0.02129,0.3989
1054,8642560,2160640,1452,7793.8,80.2,,-0.0354,0.0256,1.9135,0.02875,0.4575
1055,8650752,2162688,1453,7799.0,80.23,,-0.0338,0.0236,1.8892,0.02857,0.4634
1056,8658944,2164736,1454,7804.3,80.04,,-0.0382,0.0223,1.8804,0.03132,0.4684
1057,8667136,2166784,1456,7809.5,80.23,,-0.0391,0.0258,1.9414,0.0268,0.463
1058,8675328,2168832,1457,7814.8,80.23,,-0.033,0.0247,1.9561,0.03446,0.4534
1059,8683520,2170880,1457,7820.0,80.23,,-0.0367,0.0211,1.9165,0.03177,0.4551
1060,8691712,2172928,1458,7825.3,80.23,,-0.0385,0.0258,1.8547,0.03124,0.4628
1061,8699904,2174976,1458,7830.5,80.23,,-0.0361,0.0233,1.9713,0.03278,0.4594
1062,8708096,2177024,1460,7835.8,80.44,,-0.0369,0.0258,2.0386,0.02929,0.4506
1063,8716288,2179072,1462,7841.0,80.29,,-0.0375,0.0235,2.0238,0.03085,0.457
1064,8724480,2181120,1462,7846.3,80.29,,-0.0363,0.0249,1.9508,0.02474,0.4587
1065,8732672,2183168,1463,7851.5,80.3,,-0.0365,0.0283,2.019,0.02415,0.4639
1066,8740864,2185216,1464,7856.8,80.28,,-0.037,0.0247,1.9933,0.03174,0.4504
1067,8749056,2187264,1465,7862.0,80.24,,-0.0353,0.0195,2.0824,0.03181,0.4587
1068,8757248,2189312,1467,7867.3,80.43,,-0.0291,0.0341,2.0409,0.0235,0.4407
1069,8765440,2191360,1467,7872.6,80.43,,-0.037,0.0265,1.9923,0.03349,0.4902
1070,8773632,2193408,1467,7877.8,80.43,,-0.0399,0.0245,1.949,0.03152,0.4845
1071,8781824,2195456,1467,7883.1,80.43,,-0.0382,0.024,2.0892,0.03323,0.4625
1072,8790016,2197504,1469,7888.3,80.33,,-0.033,0.0242,2.0501,0.03698,0.4709
1073,8798208,2199552,1470,7893.6,80.08,,-0.0354,0.0242,1.9541,0.02734,0.4393
1074,8806400,2201600,1472,7898.8,79.97,,-0.034,0.0309,1.9672,0.02938,0.4475
1075,8814592,2203648,1473,7904.1,79.95,,-0.0374,0.0322,2.0027,0.02793,0.4573
1076,8822784,2205696,1474,7909.3,79.93,,-0.039,0.023,2.0369,0.02821,0.4476
1077,8830976,2207744,1475,7914.6,79.92,,-0.0367,0.0264,1.9447,0.03315,0.4692
1078,8839168,2209792,1475,7919.8,79.92,,-0.0312,0.0438,1.9705,0.03104,0.4662
1079,8847360,2211840,1476,7925.1,79.73,,-0.0376,0.0326,1.9034,0.03208,0.4568
1080,8855552,2213888,1480,7930.3,79.58,,-0.0386,0.0232,2.053,0.0293,0.4784
1081,8863744,2215936,1480,7935.6,79.58,,-0.0379,0.0238,1.9727,0.02802,0.478
1082,8871936,2217984,1481,7940.8,79.47,,-0.0387,0.0242,1.9622,0.02951,0.4546
1083,8880128,2220032,1481,7946.1,79.47,,-0.0393,0.023,1.9813,0.03462,0.4659
1084,8888320,2222080,1482,7951.3,79.39,,-0.0361,0.0344,2.0045,0.03169,0.4573
1085,8896512,2224128,1483,7956.6,79.33,,-0.0328,0.0291,2.009,0.0292,0.4482
1086,8904704,2226176,1484,7961.9,79.26,,-0.034,0.0338,1.8846,0.03343,0.4698
1087,8912896,2228224,1484,7967.1,79.26,,-0.0383,0.033,1.969,0.03427,0.4749
1088,8921088,2230272,1485,7972.4,79.16,,-0.0334,0.0411,1.9628,0.03177,0.437
1089,8929280,2232320,1485,7977.6,79.16,,-0.0363,0.0264,1.9715,0.03866,0.4758
1090,8937472,2234368,1486,7982.9,79.14,,-0.0364,0.0309,1.9111,0.05432,0.4641
1091,8945664,2236416,1488,7988.2,79.01,,-0.0348,0.0296,1.9783,0.03226,0.4695
1092,8953856,2238464,1489,7993.4,78.97,,-0.0375,0.0331,1.9925,0.02837,0.4474
1093,8962048,2240512,1490,7998.7,78.98,,-0.0392,0.0261,2.0707,0.03607,0.4639
1094,8970240,2242560,1491,8003.9,78.98,,-0.0355,0.0317,1.9852,0.03368,0.4871
1095,8978432,2244608,1491,8009.2,78.98,,-0.0387,0.0264,1.9932,0.03888,0.4779
1096,8986624,2246656,1493,8014.4,78.93,,-0.0324,0.047,2.0066,0.02853,0.444
1097,8994816,2248704,1496,8019.7,78.76,,-0.0322,0.0454,2.0835,0.0325,0.4259
1098,9003008,2250752,1497,8025.0,78.77,,-0.0355,0.0344,2.0546,0.03121,0.453
1099,9011200,2252800,1497,8030.2,78.77,,-0.0353,0.0334,1.9912,0.03321,0.4587
1100,9019392,2254848,1497,8302.0,78.77,1642.0,-0.0373,0.028,2.1125,0.03217,0.4952
1101,9027584,2256896,1499,8307.2,78.47,,-0.0392,0.033,2.0778,0.03716,0.4535
1102,9035776,2258944,1501,8312.4,78.46,,-0.038,0.0227,2.1284,0.02865,0.4856
1103,9043968,2260992,1501,8317.7,78.46,,-0.0356,0.0252,2.1296,0.02695,0.4503
1104,9052160,2263040,1501,8322.9,78.46,,-0.0366,0.0249,2.1112,0.03338,0.4907
1105,9060352,2265088,1502,8328.2,78.43,,-0.0298,0.0448,2.1489,0.03141,0.4403
1106,9068544,2267136,1503,8333.4,78.3,,-0.0328,0.0433,2.1499,0.02694,0.4486
1107,9076736,2269184,1505,8338.7,77.9,,-0.0352,0.0405,2.1254,0.03136,0.4613
1108,9084928,2271232,1506,8343.9,78.23,,-0.0359,0.0394,2.1569,0.03102,0.4768
1109,9093120,2273280,1507,8349.2,77.87,,-0.0319,0.0479,2.1481,0.03346,0.4635
1110,9101312,2275328,1509,8354.4,77.18,,-0.0377,0.0362,2.1934,0.03645,0.4554
1111,9109504,2277376,1509,8359.7,77.18,,-0.036,0.0345,2.0883,0.04444,0.4797
1112,9117696,2279424,1510,8364.9,77.22,,-0.0396,0.0249,2.0966,0.02912,0.4718
1113,9125888,2281472,1512,8370.2,77.25,,-0.0365,0.0363,2.1486,0.02571,0.4897
1114,9134080,2283520,1512,8375.4,77.25,,-0.04,0.0423,2.2442,0.03385,0.4745
1115,9142272,2285568,1516,8380.7,76.47,,-0.0358,0.0475,2.2051,0.03213,0.4569
1116,9150464,2287616,1518,8385.9,76.15,,-0.0346,0.0385,2.2622,0.03492,0.4573
1117,9158656,2289664,1518,8391.2,76.15,,-0.0371,0.0383,2.1078,0.03131,0.4734
1118,9166848,2291712,1518,8396.4,76.15,,-0.0389,0.0355,2.1056,0.03913,0.4836
1119,9175040,2293760,1521,8401.7,75.06,,-0.0339,0.0543,2.2021,0.02675,0.4911
1120,9183232,2295808,1521,8407.0,75.06,,-0.0321,0.0456,2.2158,0.02778,0.437
1121,9191424,2297856,1523,8412.2,74.42,,-0.0359,0.0406,2.0725,0.03147,0.4873
1122,9199616,2299904,1523,8417.5,74.42,,-0.0332,0.0357,2.0856,0.03021,0.4656
1123,9207808,2301952,1524,8422.7,74.29,,-0.0374,0.039,2.0962,0.03234,0.4623
1124,9216000,2304000,1525,8428.0,73.84,,-0.0382,0.0282,2.1954,0.02486,0.4553
1125,9224192,2306048,1525,8433.2,73.84,,-0.0393,0.0373,2.0709,0.03255,0.495
1126,9232384,2308096,1526,8438.5,73.44,,-0.0332,0.0366,2.0301,0.0291,0.4614
1127,9240576,2310144,1527,8443.7,73.18,,-0.0357,0.0294,2.0415,0.03456,0.4819
1128,9248768,2312192,1528,8449.0,73.21,,-0.0349,0.0286,2.0502,0.03062,0.4565
1129,9256960,2314240,1530,8454.2,72.85,,-0.0364,0.0332,2.0502,0.02857,0.4623
1130,9265152,2316288,1530,8459.5,72.85,,-0.0365,0.0346,2.051,0.02915,0.4718
1131,9273344,2318336,1533,8464.7,72.71,,-0.0393,0.0254,2.0878,0.03196,0.472
1132,9281536,2320384,1534,8470.0,72.71,,-0.0327,0.0371,2.098,0.02755,0.4635
1133,9289728,2322432,1534,8475.2,72.71,,-0.0303,0.0355,2.1661,0.03769,0.4689
1134,9297920,2324480,1535,8480.5,72.71,,-0.0374,0.0292,2.1465,0.02515,0.4539
1135,9306112,2326528,1535,8485.7,72.71,,-0.0349,0.0274,2.1052,0.02837,0.4694
1136,9314304,2328576,1535,8491.0,72.71,,-0.0374,0.028,2.1567,0.03074,0.4932
1137,9322496,2330624,1537,8496.2,72.85,,-0.0341,0.0294,2.1491,0.03373,0.4572
1138,9330688,2332672,1537,8501.5,72.85,,-0.0346,0.0466,2.1971,0.03028,0.4543
1139,9338880,2334720,1540,8506.7,72.61,,-0.0296,0.0487,2.0878,0.02765,0.4346
1140,9347072,2336768,1540,8512.0,72.61,,-0.0386,0.0307,2.1608,0.03229,0.494
1141,9355264,2338816,1543,8517.2,72.27,,-0.0296,0.054,2.1433,0.02881,0.4418
1142,9363456,2340864,1545,8522.5,72.5,,-0.0378,0.0326,2.1684,0.02929,0.4722
1143,9371648,2342912,1547,8527.8,72.1,,-0.0341,0.0438,2.1816,0.02845,0.4526
1144,9379840,2344960,1547,8533.0,72.1,,-0.0353,0.0494,2.1816,0.02984,0.4669
1145,9388032,2347008,1548,8538.2,71.78,,-0.0377,0.0385,2.2137,0.03083,0.464
1146,9396224,2349056,1548,8543.5,71.78,,-0.0355,0.0331,2.1149,0.0265,0.4431
1147,9404416,2351104,1550,8548.7,71.51,,-0.0388,0.0365,2.1307,0.03103,0.462
1148,9412608,2353152,1550,8554.0,71.51,,-0.0397,0.0328,2.188,0.02881,0.4539
1149,9420800,2355200,1552,8559.2,71.01,,-0.0368,0.0363,2.1884,0.03259,0.4659
1150,9428992,2357248,1554,8564.5,70.56,,-0.0343,0.0305,2.1907,0.02578,0.4481
1151,9437184,2359296,1554,8569.7,70.56,,-0.0361,0.0326,2.1597,0.03289,0.4677
1152,9445376,2361344,1555,8575.0,70.33,,-0.0315,0.0445,2.1528,0.02961,0.476
1153,9453568,2363392,1556,8580.2,70.09,,-0.0351,0.0349,2.1674,0.03013,0.4886
1154,9461760,2365440,1557,8585.5,69.77,,-0.0403,0.0267,2.1885,0.02914,0.4384
1155,9469952,2367488,1559,8590.8,69.25,,-0.0372,0.0294,2.1342,0.02995,0.4696
1156,9478144,2369536,1560,8596.0,68.96,,-0.0361,0.0416,2.1118,0.02859,0.4611
1157,9486336,2371584,1560,8601.2,68.96,,-0.0368,0.0292,2.122,0.02594,0.4694
1158,9494528,2373632,1561,8606.5,69.03,,-0.0352,0.0323,2.1224,0.03315,0.4558
1159,9502720,2375680,1562,8611.7,69.03,,-0.0328,0.0259,2.1117,0.03293,0.4734
1160,9510912,2377728,1563,8617.0,68.63,,-0.0282,0.0544,2.0194,0.02878,0.4543
1161,9519104,2379776,1566,8622.2,68.13,,-0.0332,0.0365,2.157,0.03202,0.4615
1162,9527296,2381824,1567,8627.5,68.09,,-0.0388,0.0334,2.1153,0.02674,0.4651
1163,9535488,2383872,1568,8632.7,67.98,,-0.0384,0.0251,2.1364,0.0296,0.4583
1164,9543680,2385920,1569,8637.9,67.88,,-0.0338,0.0338,2.0657,0.03062,0.4617
1165,9551872,2387968,1570,8643.2,67.81,,-0.0343,0.0439,2.202,0.02713,0.442
1166,9560064,2390016,1570,8648.4,67.81,,-0.0337,0.034,2.0691,0.02647,0.4535
1167,9568256,2392064,1570,8653.7,67.81,,-0.0372,0.0303,2.1337,0.03014,0.462
1168,9576448,2394112,1571,8658.9,67.75,,-0.0389,0.0311,2.1067,0.02558,0.4609
1169,9584640,2396160,1573,8664.2,67.41,,-0.0386,0.0281,2.0425,0.03347,0.4771
1170,9592832,2398208,1574,8669.4,67.42,,-0.0334,0.028,2.1057,0.03208,0.4791
1171,9601024,2400256,1575,8674.7,67.23,,-0.0366,0.0299,2.0956,0.03271,0.4359
1172,9609216,2402304,1576,8679.9,67.37,,-0.037,0.026,1.9822,0.02831,0.4409
1173,9617408,2404352,1576,8685.2,67.37,,-0.0392,0.0352,1.9575,0.03035,0.4614
1174,9625600,2406400,1578,8690.4,67.06,,-0.0356,0.0444,2.0694,0.02937,0.4368
1175,9633792,2408448,1581,8695.7,66.88,,-0.0346,0.0303,2.1374,0.03487,0.454
1176,9641984,2410496,1583,8701.0,66.7,,-0.0316,0.0255,2.0323,0.02812,0.4385
1177,9650176,2412544,1584,8706.2,66.61,,-0.0329,0.0488,2.0246,0.03147,0.4523
1178,9658368,2414592,1585,8711.5,66.59,,-0.0331,0.0486,2.0495,0.03274,0.4592
1179,9666560,2416640,1586,8716.7,66.45,,-0.0387,0.0282,2.1214,0.02806,0.4678
1180,9674752,2418688,1586,8722.0,66.45,,-0.0339,0.0358,2.151,0.02962,0.4521
1181,9682944,2420736,1588,8727.2,66.1,,-0.0318,0.0455,2.0217,0.02946,0.4514
1182,9691136,2422784,1588,8732.5,66.1,,-0.0368,0.0293,2.0415,0.03141,0.4683
1183,9699328,2424832,1588,8737.7,66.1,,-0.0347,0.0371,2.0597,0.03191,0.4778
1184,9707520,2426880,1590,8743.0,65.73,,-0.033,0.0265,2.1935,0.03275,0.4462
1185,9715712,2428928,1591,8748.3,65.24,,-0.0311,0.0453,2.0532,0.05104,0.4535
1186,9723904,2430976,1592,8753.5,65.1,,-0.0321,0.0483,2.0963,0.03034,0.439
1187,9732096,2433024,1592,8758.7,65.1,,-0.0391,0.035,2.0667,0.02821,0.4771
1188,9740288,2435072,1592,8764.0,65.1,,-0.0363,0.0297,2.066,0.03118,0.4642
1189,9748480,2437120,1595,8769.2,64.75,,-0.0336,0.0481,2.1038,0.03476,0.4608
1190,9756672,2439168,1597,8774.5,64.18,,-0.0359,0.0304,2.1319,0.03311,0.4656
1191,9764864,2441216,1598,8779.7,63.8,,-0.0355,0.0417,1.96,0.03581,0.4668
1192,9773056,2443264,1601,8785.0,64.06,,-0.033,0.0385,2.0174,0.03251,0.4775
1193,9781248,2445312,1603,8790.3,64.33,,-0.0314,0.0248,2.0648,0.04387,0.469
1194,9789440,2447360,1604,8795.5,64.26,,-0.0301,0.0471,2.044,0.0286,0.429
1195,9797632,2449408,1606,8800.8,63.57,,-0.0307,0.0307,1.9877,0.02981,0.4543
1196,9805824,2451456,1606,8806.0,63.57,,-0.0378,0.0289,1.9867,0.03066,0.4458
1197,9814016,2453504,1606,8811.3,63.57,,-0.0344,0.0393,2.0132,0.02669,0.434
1198,9822208,2455552,1607,8816.5,63.69,,-0.0361,0.026,2.0958,0.03519,0.4709
1199,9830400,2457600,1607,8821.8,63.69,,-0.0359,0.0312,2.0774,0.02739,0.4467
1200,9838592,2459648,1607,8973.1,63.69,806.7999877929688,-0.0388,0.0347,2.0136,0.02966,0.4626
1201,9846784,2461696,1607,8978.2,63.69,,-0.0391,0.0313,2.1044,0.0322,0.5022
1202,9854976,2463744,1607,8983.5,63.69,,-0.0358,0.0411,2.0644,0.03588,0.4867
1203,9863168,2465792,1610,8988.7,63.97,,-0.0403,0.0263,2.0608,0.03018,0.4624
1204,9871360,2467840,1610,8994.0,63.97,,-0.0358,0.035,2.0594,0.02926,0.4443
1205,9879552,2469888,1611,8999.2,63.94,,-0.0386,0.0364,2.1213,0.02508,0.4385
1206,9887744,2471936,1613,9004.5,63.97,,-0.0338,0.0406,2.0683,0.03085,0.4484
1207,9895936,2473984,1614,9009.7,63.79,,-0.0378,0.0308,2.0568,0.03507,0.483
1208,9904128,2476032,1616,9015.0,64.08,,-0.0344,0.0254,2.0111,0.03379,0.4813
1209,9912320,2478080,1618,9020.3,64.2,,-0.0366,0.0362,2.0513,0.0326,0.474
1210,9920512,2480128,1620,9025.6,64.64,,-0.0364,0.0263,2.0897,0.03472,0.4648
1211,9928704,2482176,1622,9030.8,65.23,,-0.0357,0.0291,2.0081,0.0402,0.4738
1212,9936896,2484224,1623,9036.1,65.46,,-0.0323,0.0281,2.0316,0.02927,0.4618
1213,9945088,2486272,1623,9041.3,65.46,,-0.0376,0.0202,2.0183,0.02941,0.4644
1214,9953280,2488320,1623,9046.6,65.46,,-0.0369,0.0277,2.018,0.02879,0.453
1215,9961472,2490368,1623,9051.8,65.46,,-0.036,0.0233,2.0714,0.02974,0.4943
1216,9969664,2492416,1623,9057.1,65.46,,-0.0386,0.0262,2.0736,0.0287,0.4668
1217,9977856,2494464,1623,9062.3,65.46,,-0.0369,0.0225,2.0301,0.03159,0.4845
1218,9986048,2496512,1623,9067.6,65.46,,-0.0354,0.0278,2.0188,0.03483,0.4788
1219,9994240,2498560,1623,9072.9,65.46,,-0.0354,0.023,2.0546,0.03335,0.4879
1220,10002432,2500608,1624,9078.1,65.52,,-0.0344,0.0304,1.9719,0.03344,0.4519
1221,10010624,2502656,1626,9083.4,66.16,,-0.0366,0.0229,1.9932,0.02731,0.4542
1222,10018816,2504704,1626,9088.6,66.16,,-0.0336,0.0293,1.9163,0.03827,0.4882
1223,10027008,2506752,1629,9093.9,66.39,,-0.0367,0.0235,2.0535,0.03805,0.4875
1224,10035200,2508800,1633,9099.2,66.58,,-0.0257,0.0435,2.0277,0.03278,0.4343
1225,10043392,2510848,1633,9104.4,66.58,,-0.0282,0.0355,1.9819,0.03524,0.4576
1226,10051584,2512896,1634,9109.7,66.56,,-0.0353,0.0264,1.9574,0.0428,0.4734
1227,10059776,2514944,1635,9115.0,66.71,,-0.0376,0.0317,2.0298,0.0306,0.4755
1228,10067968,2516992,1637,9120.2,66.7,,-0.0371,0.0258,1.9992,0.0303,0.4622
1229,10076160,2519040,1638,9125.5,66.68,,-0.035,0.0306,2.0306,0.03398,0.4609
1230,10084352,2521088,1639,9130.7,66.71,,-0.0354,0.0243,2.0017,0.03316,0.4766
1231,10092544,2523136,1639,9136.0,66.71,,-0.0363,0.0258,1.9932,0.02952,0.4932
1232,10100736,2525184,1639,9141.3,66.71,,-0.0364,0.0291,2.0907,0.03348,0.4766
1233,10108928,2527232,1639,9146.5,66.71,,-0.0339,0.0247,2.1086,0.03094,0.4761
1234,10117120,2529280,1639,9151.7,66.71,,-0.036,0.0343,2.0531,0.03039,0.4508
1235,10125312,2531328,1640,9157.0,67.04,,-0.0313,0.0436,2.0056,0.03161,0.4457
1236,10133504,2533376,1640,9162.3,67.04,,-0.0402,0.0235,2.0242,0.03323,0.4794
1237,10141696,2535424,1640,9167.5,67.04,,-0.037,0.0233,2.0897,0.03219,0.4773
1238,10149888,2537472,1641,9172.7,67.05,,-0.0403,0.0282,1.978,0.03812,0.4794
1239,10158080,2539520,1646,9178.0,67.03,,-0.0372,0.0225,2.0663,0.02959,0.4637
1240,10166272,2541568,1647,9183.3,67.24,,-0.0391,0.0282,2.0399,0.03426,0.4767
1241,10174464,2543616,1650,9188.6,67.46,,-0.0296,0.0351,2.0856,0.02813,0.4409
1242,10182656,2545664,1651,9193.8,67.68,,-0.0391,0.0258,2.0755,0.02722,0.4609
1243,10190848,2547712,1651,9199.1,67.68,,-0.0386,0.0254,2.0776,0.0262,0.4695
1244,10199040,2549760,1651,9204.3,67.68,,-0.0384,0.027,2.0708,0.02689,0.4679
1245,10207232,2551808,1652,9209.6,67.81,,-0.036,0.0336,2.0709,0.02896,0.446
1246,10215424,2553856,1655,9214.9,68.65,,-0.0382,0.0233,2.04,0.02937,0.4622
1247,10223616,2555904,1655,9220.1,68.65,,-0.0374,0.034,2.0829,0.02989,0.4685
1248,10231808,2557952,1655,9225.4,68.65,,-0.0366,0.0254,2.0522,0.02821,0.4362
1249,10240000,2560000,1655,9230.6,68.65,,-0.038,0.0264,2.0353,0.02721,0.4695
1250,10248192,2562048,1655,9235.9,68.65,,-0.0333,0.0342,2.1084,0.02951,0.4391
1251,10256384,2564096,1656,9241.1,68.75,,-0.0359,0.026,1.9888,0.0293,0.4452
1252,10264576,2566144,1656,9246.4,68.75,,-0.0349,0.0237,1.9489,0.02638,0.4524
1253,10272768,2568192,1656,9251.6,68.75,,-0.0329,0.0323,1.9841,0.0276,0.452
1254,10280960,2570240,1658,9256.9,69.03,,-0.0359,0.0281,2.0561,0.03877,0.4276
1255,10289152,2572288,1662,9262.2,69.21,,-0.0302,0.0283,2.0397,0.02669,0.4303
1256,10297344,2574336,1663,9267.4,69.59,,-0.0352,0.0272,1.9315,0.0273,0.4471
1257,10305536,2576384,1664,9272.7,69.85,,-0.0371,0.0285,1.9395,0.0261,0.4639
1258,10313728,2578432,1666,9278.0,70.17,,-0.0369,0.0272,2.051,0.03011,0.451
1259,10321920,2580480,1668,9283.2,70.15,,-0.0264,0.0452,2.0925,0.0398,0.4283
1260,10330112,2582528,1669,9288.5,70.07,,-0.0308,0.03,2.0156,0.03319,0.426
1261,10338304,2584576,1669,9293.7,70.07,,-0.0291,0.0339,1.9638,0.02892,0.423
1262,10346496,2586624,1669,9299.0,70.07,,-0.0349,0.031,2.0031,0.03485,0.4738
1263,10354688,2588672,1670,9304.3,70.34,,-0.0375,0.0227,2.0927,0.0289,0.4529
1264,10362880,2590720,1671,9309.5,70.43,,-0.0302,0.0251,2.0623,0.0428,0.4604
1265,10371072,2592768,1672,9314.8,70.2,,-0.0329,0.0426,1.9407,0.02715,0.4252
1266,10379264,2594816,1672,9320.0,70.2,,-0.0354,0.0348,2.0026,0.03087,0.459
1267,10387456,2596864,1672,9325.3,70.2,,-0.0383,0.0301,2.0067,0.02895,0.4523
1268,10395648,2598912,1673,9330.5,70.2,,-0.0402,0.027,2.0106,0.03335,0.4594
1269,10403840,2600960,1674,9335.8,70.19,,-0.0382,0.024,2.0148,0.0316,0.4736
1270,10412032,2603008,1676,9341.0,70.3,,-0.037,0.0244,2.0306,0.03126,0.4713
1271,10420224,2605056,1676,9346.3,70.3,,-0.038,0.0273,1.9528,0.03828,0.4701
1272,10428416,2607104,1679,9351.6,70.9,,-0.0369,0.0215,2.0403,0.02909,0.4626
1273,10436608,2609152,1679,9356.8,70.9,,-0.036,0.0201,2.0297,0.04305,0.4528
1274,10444800,2611200,1680,9362.1,71.02,,-0.0369,0.0257,2.0252,0.0337,0.4636
1275,10452992,2613248,1682,9367.4,71.44,,-0.0358,0.0246,2.0279,0.03795,0.4771
1276,10461184,2615296,1683,9372.6,71.5,,-0.0373,0.0231,2.0119,0.02882,0.4847
1277,10469376,2617344,1685,9377.9,71.8,,-0.0338,0.0213,2.0883,0.03002,0.4711
1278,10477568,2619392,1685,9383.1,71.8,,-0.0334,0.0303,2.0463,0.0281,0.4652
1279,10485760,2621440,1686,9388.4,71.83,,-0.0363,0.0233,2.0675,0.02791,0.4493
1280,10493952,2623488,1686,9393.6,71.83,,-0.0381,0.02,2.0556,0.03287,0.4706
1281,10502144,2625536,1686,9398.9,71.83,,-0.0374,0.0211,2.0555,0.03148,0.4703
1282,10510336,2627584,1688,9404.2,72.48,,-0.0364,0.0223,2.0498,0.02859,0.4652
1283,10518528,2629632,1689,9409.4,72.47,,-0.0363,0.0202,2.0797,0.03081,0.4636
1284,10526720,2631680,1689,9414.6,72.47,,-0.0279,0.0406,2.0043,0.03605,0.443
1285,10534912,2633728,1689,9419.9,72.47,,-0.0375,0.0211,2.0004,0.03314,0.4722
1286,10543104,2635776,1690,9425.1,72.66,,-0.0365,0.0251,1.999,0.04263,0.4974
1287,10551296,2637824,1693,9430.4,73.09,,-0.0386,0.0227,2.0799,0.03245,0.4761
1288,10559488,2639872,1694,9435.7,73.3,,-0.0382,0.0245,2.0169,0.03345,0.4795
1289,10567680,2641920,1696,9440.9,73.72,,-0.0391,0.0248,2.0408,0.03382,0.475
1290,10575872,2643968,1697,9446.2,73.84,,-0.0304,0.0308,2.0781,0.03113,0.4434
1291,10584064,2646016,1698,9451.5,74.19,,-0.0364,0.0236,2.0526,0.03598,0.4922
1292,10592256,2648064,1698,9456.7,74.19,,-0.0315,0.0236,2.1063,0.03247,0.4818
1293,10600448,2650112,1699,9462.0,74.26,,-0.0379,0.0227,2.1304,0.03313,0.4889
1294,10608640,2652160,1700,9467.2,74.32,,-0.0391,0.022,2.0508,0.03235,0.4879
1295,10616832,2654208,1702,9472.5,74.09,,-0.0353,0.0378,2.0339,0.02999,0.4557
1296,10625024,2656256,1702,9477.8,74.09,,-0.0353,0.0199,2.0825,0.03183,0.4722
1297,10633216,2658304,1703,9483.0,74.14,,-0.0374,0.0225,2.0887,0.02729,0.4806
1298,10641408,2660352,1703,9488.3,74.14,,-0.0334,0.0294,2.0443,0.02998,0.4529
1299,10649600,2662400,1704,9493.5,74.39,,-0.0396,0.0224,2.1119,0.03559,0.49
1300,10657792,2664448,1706,9780.2,75.05,1712.800048828125,-0.0346,0.031,2.0545,0.03932,0.4714
