global_step,episodic_return
0,0.0
480,55.0
528,15.0
568,65.0
664,80.0
672,15.0
688,75.0
832,150.0
1408,310.0
1456,35.0
1640,85.0
1648,130.0
1664,85.0
1880,175.0
1984,220.0
2136,30.0
2160,30.0
2344,330.0
2544,135.0
2576,285.0
2744,45.0
2856,95.0
2944,175.0
3104,75.0
3296,525.0
3432,35.0
3776,450.0
3848,370.0
3912,345.0
4016,35.0
4080,235.0
4192,320.0
4208,60.0
4232,50.0
4248,135.0
4536,20.0
4632,90.0
4640,145.0
4672,65.0
4744,120.0
4824,65.0
4888,60.0
5168,120.0
5320,15.0
5336,125.0
5408,50.0
5464,80.0
5608,45.0
5672,115.0
5888,205.0
6048,40.0
6280,150.0
6312,70.0
6328,175.0
6408,65.0
6448,110.0
6504,45.0
6904,15.0
6968,125.0
7064,80.0
7352,185.0
7488,110.0
7616,220.0
7704,180.0
7792,120.0
8024,125.0
8320,95.0
8328,265.0
8360,140.0
8392,630.0
8568,135.0
8680,140.0
9232,155.0
9304,210.0
9320,85.0
9384,290.0
9496,270.0
9672,275.0
9696,20.0
9832,220.0
10208,105.0
10240,165.0
10352,100.0
10392,120.0
10784,60.0
10848,570.0
10928,245.0
10960,95.0
11264,370.0
11296,120.0
11336,130.0
11552,135.0
11656,95.0
11752,20.0
11776,165.0
11992,50.0
12032,200.0
12440,35.0
12528,20.0
12640,340.0
12704,45.0
12800,150.0
12856,190.0
12904,110.0
13264,200.0
13320,20.0
13384,25.0
13456,80.0
13496,120.0
13672,175.0
13760,220.0
13776,20.0
14040,80.0
14176,140.0
14232,55.0
14296,60.0
14472,95.0
14504,115.0
14608,80.0
14816,115.0
14856,50.0
14952,90.0
15032,35.0
15464,305.0
15640,20.0
15952,360.0
15984,315.0
16000,300.0
16024,175.0
16080,110.0
16128,220.0
16176,450.0
16816,100.0
16848,230.0
16864,160.0
16880,90.0
17104,195.0
17304,145.0
17480,435.0
17712,155.0
17736,125.0
17968,445.0
17992,40.0
18016,45.0
18048,130.0
18224,125.0
18296,60.0
18456,200.0
18872,190.0
18912,65.0
18936,120.0
18937,70.0
19104,160.0
19136,160.0
19344,335.0
19360,170.0
19456,65.0
19592,45.0
19664,40.0
19696,30.0
19848,125.0
20160,190.0
20320,105.0
20321,30.0
20408,125.0
20592,225.0
20800,140.0
20968,260.0
21024,265.0
21328,115.0
21376,185.0
21496,190.0
21568,235.0
21728,50.0
21729,105.0
21872,110.0
22160,210.0
22200,110.0
22216,20.0
22472,85.0
22728,20.0
22768,110.0
22904,245.0
22960,390.0
23032,115.0
23144,155.0
23176,70.0
23328,395.0
23352,30.0
23560,5.0
23600,55.0
23608,30.0
23848,390.0
23904,130.0
24176,120.0
24240,160.0
24344,80.0
24496,215.0
24568,545.0
24632,55.0
24760,150.0
24872,370.0
25112,210.0
25152,135.0
25192,35.0
25336,95.0
25400,90.0
25448,190.0
25560,75.0
25816,50.0
25944,60.0
26168,320.0
26344,80.0
26400,105.0
26456,230.0
26504,485.0
26584,80.0
26720,165.0
26888,310.0
27064,160.0
27096,90.0
27224,100.0
27248,120.0
27392,140.0
27600,115.0
27968,180.0
27969,95.0
28184,170.0
28208,90.0
28312,275.0
28432,455.0
28544,210.0
28608,315.0
28824,120.0
28992,180.0
29016,115.0
29112,115.0
29144,55.0
29552,75.0
29720,230.0
29848,380.0
29864,260.0
30056,145.0
30096,110.0
30136,200.0
30216,195.0
30304,80.0
30576,90.0
30704,45.0
30712,110.0
30760,200.0
30976,65.0
31320,230.0
31392,255.0
31504,90.0
31592,330.0
31616,95.0
31696,155.0
31704,185.0
31824,115.0
32008,110.0
32208,65.0
32360,90.0
32384,175.0
32760,105.0
32792,165.0
32856,565.0
32857,90.0
32968,45.0
33240,375.0
33392,505.0
33480,110.0
33592,105.0
33824,170.0
33976,435.0
34104,150.0
34264,220.0
34352,120.0
34408,160.0
34416,45.0
34560,155.0
34616,345.0
34720,75.0
34752,175.0
34824,50.0
34936,90.0
35112,105.0
35168,70.0
35264,90.0
35544,45.0
35656,185.0
35768,110.0
36048,285.0
36080,480.0
36520,30.0
36521,390.0
36522,200.0
36544,170.0
36680,85.0
36976,15.0
37072,515.0
37272,465.0
37400,105.0
37456,180.0
37464,220.0
37480,105.0
37688,125.0
38104,115.0
38192,35.0
38360,130.0
38392,190.0
38408,245.0
38608,280.0
38616,145.0
38640,45.0
38672,260.0
38856,30.0
39136,60.0
39144,130.0
39416,80.0
39432,160.0
39624,260.0
39656,105.0
39784,135.0
39928,200.0
40016,205.0
40056,245.0
40320,100.0
40488,140.0
40560,245.0
40576,175.0
40584,120.0
40624,25.0
41264,120.0
41336,100.0
41376,365.0
41504,100.0
41592,335.0
41784,335.0
42088,105.0
42128,105.0
42320,350.0
42392,275.0
42424,120.0
42568,690.0
42648,380.0
42720,105.0
43104,110.0
43192,205.0
43520,205.0
43576,620.0
43656,145.0
43832,125.0
43856,250.0
43864,375.0
44448,315.0
44472,155.0
44496,160.0
44864,475.0
45000,225.0
45088,210.0
45096,290.0
45440,135.0
45544,55.0
45856,270.0
46024,260.0
46184,255.0
46208,575.0
46248,140.0
46304,105.0
46752,340.0
46776,615.0
46872,90.0
47072,225.0
47112,140.0
47464,205.0
47465,115.0
47496,310.0
47808,300.0
47912,120.0
47960,405.0
48128,260.0
48232,505.0
48336,180.0
48360,115.0
48512,90.0
48744,175.0
48880,215.0
49200,280.0
49216,105.0
49256,125.0
49408,215.0
49440,165.0
49544,140.0
49688,225.0
49728,230.0
50408,230.0
50544,150.0
50584,155.0
50608,305.0
50744,275.0
50768,280.0
51080,125.0
51216,440.0
51240,480.0
51456,380.0
51728,220.0
51752,170.0
52208,470.0
52360,190.0
52536,80.0
52632,400.0
52633,125.0
52704,275.0
52784,230.0
52880,385.0
53448,265.0
53464,185.0
53504,140.0
53656,120.0
53736,205.0
53808,200.0
54008,105.0
54032,110.0
54033,55.0
54200,405.0
54304,470.0
54312,65.0
54624,190.0
54720,110.0
54824,140.0
55456,475.0
55600,330.0
55824,555.0
55840,615.0
55856,140.0
55864,320.0
55928,235.0
56384,250.0
56856,165.0
57008,175.0
57040,435.0
57160,245.0
57208,155.0
57232,290.0
57616,600.0
57992,335.0
58120,145.0
58176,465.0
58416,315.0
58448,345.0
58552,170.0
58832,300.0
59000,195.0
59088,240.0
59096,460.0
59632,110.0
59633,265.0
59712,190.0
59768,170.0
60096,460.0
60416,230.0
60488,175.0
60584,140.0
60632,400.0
60736,65.0
60936,340.0
61008,165.0
61128,265.0
61784,210.0
61785,330.0
62008,515.0
62048,170.0
62216,315.0
62344,430.0
62624,730.0
62720,140.0
63304,210.0
63336,225.0
63337,485.0
63400,220.0
63488,395.0
63520,215.0
63896,715.0
64000,170.0
64168,335.0
64352,140.0
64472,295.0
64632,465.0
64832,430.0
64952,140.0
65056,165.0
65128,370.0
65144,250.0
65176,225.0
65792,205.0
65896,190.0
65897,415.0
66008,160.0
66280,170.0
66352,280.0
66624,380.0
66768,135.0
66816,470.0
66928,215.0
67008,435.0
67232,385.0
67552,210.0
67632,220.0
67928,300.0
68064,320.0
68128,180.0
68344,320.0
68408,320.0
68736,305.0
68968,180.0
69288,50.0
69296,390.0
69544,380.0
69568,335.0
69616,310.0
69752,570.0
69920,360.0
70040,125.0
70112,110.0
70128,245.0
70496,115.0
70544,285.0
70568,170.0
70704,120.0
71184,80.0
71256,545.0
71368,200.0
71440,250.0
71536,570.0
71688,195.0
71816,175.0
71944,275.0
72088,50.0
72200,160.0
72304,85.0
72584,385.0
72680,145.0
72736,130.0
72840,595.0
72928,340.0
73080,180.0
73416,110.0
73984,370.0
74096,220.0
74120,350.0
74264,340.0
74312,380.0
74424,220.0
74832,575.0
74888,145.0
74976,185.0
75208,635.0
75280,165.0
75432,255.0
75632,185.0
75696,560.0
75880,135.0
76104,220.0
76232,305.0
76416,310.0
76688,110.0
76696,375.0
76840,380.0
77168,420.0
77192,220.0
77232,340.0
77352,80.0
77592,170.0
77792,110.0
78088,205.0
78120,450.0
78152,150.0
78160,635.0
78248,80.0
78272,225.0
78896,530.0
78920,85.0
79024,215.0
79152,110.0
79216,460.0
79288,245.0
79496,225.0
79648,300.0
80040,315.0
80056,160.0
80168,235.0
80288,305.0
80416,320.0
80600,330.0
80856,235.0
80928,395.0
81112,150.0
81144,210.0
81264,220.0
81408,160.0
81552,185.0
81712,260.0
81872,115.0
82112,400.0
82160,190.0
82240,300.0
82264,145.0
82696,410.0
82760,110.0
83032,440.0
83104,275.0
83216,325.0
83312,450.0
83424,245.0
83768,355.0
84048,175.0
84120,140.0
84200,730.0
84296,445.0
84424,610.0
84512,75.0
84552,245.0
84848,400.0
84984,205.0
85144,85.0
85352,160.0
85368,620.0
85369,370.0
85680,205.0
85944,185.0
86096,145.0
86112,360.0
86408,130.0
86536,75.0
86552,225.0
86648,265.0
86656,355.0
86736,575.0
86912,195.0
87464,125.0
87592,435.0
87752,340.0
87848,235.0
87944,320.0
88224,810.0
88304,205.0
88488,695.0
88552,175.0
88640,215.0
88920,360.0
89016,285.0
89152,200.0
89240,170.0
89432,180.0
89472,620.0
89808,220.0
89832,230.0
90032,125.0
90432,270.0
90456,490.0
90704,610.0
90744,300.0
90856,480.0
91208,115.0
91264,180.0
91312,315.0
91600,210.0
91696,535.0
91920,240.0
92056,145.0
92392,440.0
92664,255.0
92752,435.0
93072,510.0
93336,350.0
93568,295.0
93624,515.0
93632,195.0
93688,345.0
93792,185.0
94128,445.0
94168,290.0
94400,110.0
94496,110.0
94497,165.0
94688,445.0
94896,215.0
95040,225.0
95064,125.0
95072,200.0
95104,260.0
95240,110.0
95648,240.0
95784,175.0
95785,200.0
95848,315.0
96208,170.0
96320,185.0
96504,355.0
96704,240.0
96872,360.0
97080,275.0
97400,140.0
97504,85.0
97736,465.0
97840,385.0
97872,350.0
97984,770.0
98048,120.0
98160,325.0
98504,200.0
98576,105.0
98752,120.0
98753,190.0
98976,145.0
98992,425.0
99216,110.0
99248,475.0
99280,340.0
99472,155.0
99760,115.0
99984,395.0
100216,250.0
100256,295.0
100584,280.0
100640,385.0
100641,455.0
101088,375.0
101128,165.0
101288,305.0
101360,160.0
101432,215.0
101552,220.0
101752,740.0
101768,145.0
101952,375.0
102720,390.0
102824,285.0
102848,310.0
102856,220.0
102888,215.0
103136,315.0
103137,485.0
103280,420.0
103992,370.0
104152,165.0
104240,395.0
104256,275.0
104504,360.0
104528,385.0
104568,315.0
104800,575.0
105240,150.0
105368,265.0
105536,290.0
105744,415.0
105800,210.0
105912,455.0
106248,485.0
106544,145.0
106704,475.0
106712,205.0
106728,180.0
106736,350.0
106880,345.0
107216,110.0
107280,90.0
107296,120.0
107408,335.0
107640,375.0
108384,235.0
108400,360.0
108736,360.0
109120,715.0
109121,550.0
109122,460.0
109160,185.0
109176,580.0
109464,570.0
109696,175.0
109760,405.0
110392,155.0
110456,245.0
110560,320.0
110736,545.0
110760,380.0
110800,375.0
110904,275.0
111320,385.0
111536,185.0
111600,180.0
112040,245.0
112144,485.0
112272,140.0
112376,565.0
112464,500.0
112552,135.0
112632,415.0
112728,115.0
112960,400.0
113008,95.0
113128,115.0
113584,375.0
113616,410.0
113656,150.0
113848,270.0
113880,385.0
114336,495.0
114720,225.0
114952,285.0
114984,115.0
115120,265.0
115280,340.0
115304,530.0
115344,475.0
115536,730.0
116216,255.0
116256,300.0
116512,450.0
116704,560.0
116816,420.0
116824,300.0
116856,375.0
116904,305.0
117520,305.0
117680,360.0
117792,185.0
117832,175.0
118112,290.0
118304,280.0
118480,325.0
118544,115.0
118584,390.0
118640,730.0
119008,255.0
119224,265.0
119624,370.0
119656,170.0
119832,85.0
120000,450.0
120001,500.0
120192,70.0
120240,540.0
120896,365.0
120897,695.0
120944,215.0
121184,270.0
121376,315.0
121416,205.0
121592,390.0
121664,500.0
122144,350.0
122440,325.0
122480,520.0
122536,230.0
122816,115.0
123096,405.0
123296,585.0
123496,135.0
123600,515.0
123648,525.0
123672,200.0
123800,185.0
123976,270.0
124088,380.0
124400,130.0
124544,85.0
124584,230.0
124640,175.0
124648,140.0
124656,370.0
125352,365.0
125488,205.0
125536,400.0
125744,150.0
125928,385.0
126128,440.0
126440,140.0
126704,590.0
126984,345.0
126992,340.0
127184,295.0
127256,505.0
127416,645.0
127568,120.0
127720,355.0
127752,95.0
127912,375.0
128320,160.0
128616,235.0
128648,285.0
128848,395.0
128872,500.0
129104,405.0
129568,155.0
129880,575.0
129912,590.0
130088,355.0
130120,195.0
130200,290.0
130201,515.0
130432,375.0
130696,140.0
130736,105.0
130992,125.0
131336,345.0
131480,145.0
131488,415.0
131568,305.0
131824,345.0
131992,380.0
131993,330.0
132800,280.0
132872,180.0
132920,355.0
132968,450.0
132976,700.0
133096,300.0
133128,415.0
133552,600.0
133832,165.0
134488,365.0
134704,285.0
134808,610.0
134816,445.0
134912,750.0
135040,425.0
135144,555.0
135360,460.0
136176,590.0
136456,330.0
136496,620.0
136592,340.0
136624,510.0
136664,445.0
136665,695.0
136720,300.0
137680,270.0
137784,485.0
137872,445.0
137896,230.0
137984,240.0
138336,365.0
138896,550.0
139048,230.0
139176,465.0
139192,215.0
139208,755.0
139224,540.0
139544,120.0
139632,315.0
140200,240.0
140376,255.0
140392,595.0
140424,845.0
140464,340.0
140704,325.0
140960,270.0
141112,380.0
141456,200.0
141768,315.0
141880,465.0
141928,310.0
142456,290.0
142584,455.0
142608,490.0
142640,570.0
142704,425.0
142944,215.0
143416,580.0
143560,155.0
143664,270.0
143696,485.0
143728,270.0
144056,290.0
144064,405.0
144248,390.0
144928,365.0
145024,410.0
145088,350.0
145184,230.0
145224,325.0
145400,255.0
145584,380.0
146080,535.0
146096,205.0
146360,505.0
146536,245.0
146840,365.0
146872,195.0
146976,215.0
146992,545.0
147192,650.0
147544,310.0
147616,450.0
147880,145.0
147960,365.0
148424,395.0
148560,395.0
148824,460.0
149128,255.0
149136,545.0
149232,435.0
149304,500.0
149808,215.0
150152,545.0
150176,275.0
150208,385.0
150608,310.0
150656,310.0
150688,550.0
150912,445.0
151152,170.0
151400,235.0
151416,410.0
151912,290.0
151960,420.0
152192,400.0
152584,355.0
152672,285.0
152728,485.0
152776,110.0
152784,250.0
152824,780.0
153192,305.0
153312,290.0
153928,340.0
154128,310.0
154168,315.0
154200,335.0
154344,395.0
154424,165.0
154896,575.0
155256,550.0
155336,215.0
155392,785.0
155488,530.0
155576,370.0
156064,505.0
156192,330.0
156608,205.0
156744,275.0
156904,480.0
156912,335.0
157040,455.0
157416,410.0
157417,805.0
157752,170.0
158072,340.0
158208,470.0
158280,265.0
158328,445.0
158496,375.0
159072,345.0
159520,335.0
159568,535.0
159824,740.0
159912,370.0
160056,300.0
160176,480.0
160208,770.0
160784,425.0
161064,345.0
161256,360.0
161312,300.0
161336,510.0
161344,425.0
161832,440.0
162168,520.0
162592,340.0
162616,340.0
162624,450.0
162672,435.0
162816,340.0
163520,600.0
163528,130.0
163648,345.0
163824,480.0
164600,580.0
164632,735.0
164872,605.0
164880,785.0
164912,240.0
165216,430.0
165264,350.0
165672,550.0
165912,120.0
166104,325.0
166112,300.0
166352,315.0
166552,425.0
166616,330.0
166752,440.0
167016,400.0
167304,135.0
167592,180.0
167728,220.0
167736,625.0
167784,545.0
167800,440.0
168312,280.0
168512,450.0
168872,210.0
168896,380.0
169104,375.0
169136,255.0
169200,370.0
169224,360.0
170088,400.0
170120,165.0
170280,525.0
170816,455.0
171072,470.0
171136,740.0
171168,530.0
171496,305.0
171520,575.0
171720,430.0
171744,110.0
171888,315.0
172176,225.0
172352,285.0
172440,410.0
172600,85.0
172752,240.0
173264,365.0
173560,625.0
173656,545.0
173720,255.0
173808,320.0
173984,170.0
174360,500.0
174672,575.0
175120,265.0
175144,370.0
175240,510.0
175280,560.0
175664,440.0
175840,660.0
176368,355.0
176408,660.0
176616,300.0
176736,370.0
176912,555.0
176936,445.0
177008,235.0
177296,390.0
177616,410.0
178208,400.0
178248,250.0
178336,400.0
178792,620.0
178976,435.0
179088,500.0
179248,645.0
179272,480.0
179504,280.0
179616,365.0
180168,700.0
180680,600.0
180736,475.0
180968,490.0
181064,585.0
181296,435.0
181304,455.0
181376,280.0
181528,575.0
181856,180.0
182024,320.0
182432,170.0
182728,400.0
182840,330.0
182936,770.0
183096,495.0
183328,470.0
183520,545.0
183576,500.0
183832,310.0
184096,340.0
184304,105.0
184432,220.0
184472,295.0
184616,475.0
184624,210.0
184912,550.0
184960,220.0
185344,165.0
185584,420.0
185736,320.0
185880,325.0
185952,405.0
186288,310.0
186368,750.0
186624,345.0
186792,215.0
187288,230.0
187328,240.0
187488,890.0
187768,515.0
187936,560.0
188048,495.0
188088,55.0
188176,385.0
188560,690.0
189144,460.0
189648,740.0
189784,525.0
189800,545.0
189968,740.0
190032,485.0
190328,465.0
190512,180.0
190568,635.0
191168,220.0
191184,460.0
191216,425.0
191512,335.0
191856,365.0
191896,440.0
192280,375.0
192336,75.0
192688,415.0
192920,710.0
193016,460.0
193368,265.0
193392,700.0
193416,940.0
193632,345.0
193976,520.0
194104,185.0
194272,190.0
194448,160.0
194552,465.0
194752,695.0
194896,190.0
195400,505.0
195592,435.0
195648,395.0
195688,615.0
195728,230.0
196008,260.0
196232,150.0
196456,435.0
196504,365.0
196840,470.0
197296,360.0
197352,450.0
197528,435.0
197904,600.0
197920,530.0
197952,250.0
198160,585.0
198672,645.0
198744,300.0
198928,305.0
198992,210.0
199104,415.0
199648,330.0
199672,175.0
199904,570.0
200008,135.0
200072,270.0
200128,525.0
200400,715.0
200584,375.0
201032,335.0
201328,420.0
201664,450.0
201704,390.0
202272,440.0
202328,570.0
202584,500.0
202752,240.0
202768,450.0
202769,740.0
203112,435.0
203128,300.0
203704,205.0
203888,155.0
204096,495.0
204320,380.0
204328,345.0
204672,675.0
204688,895.0
204792,520.0
205488,185.0
205528,430.0
205552,410.0
205632,275.0
205920,710.0
206008,315.0
206168,605.0
206256,240.0
206784,270.0
207432,235.0
207496,665.0
207512,380.0
207536,540.0
207632,615.0
207656,555.0
207728,525.0
208112,345.0
209040,190.0
209041,430.0
209042,390.0
209056,285.0
209072,300.0
209344,600.0
209384,500.0
209472,600.0
210288,265.0
210368,135.0
210536,580.0
210696,610.0
210704,260.0
210976,570.0
211072,450.0
211080,515.0
211720,365.0
212032,405.0
212176,525.0
212184,340.0
212248,425.0
212336,260.0
212472,400.0
213176,630.0
213304,215.0
213560,545.0
213592,330.0
213760,245.0
213912,455.0
214200,605.0
214448,495.0
214736,145.0
214744,430.0
214824,370.0
215152,430.0
215568,365.0
215600,460.0
215648,415.0
216264,110.0
216424,505.0
216576,630.0
216632,325.0
216736,480.0
217024,455.0
217032,360.0
217240,395.0
217552,120.0
217672,145.0
218080,195.0
218088,325.0
218176,525.0
218424,985.0
218576,335.0
219168,770.0
219408,425.0
219432,395.0
219624,770.0
219856,500.0
220048,605.0
220064,440.0
220216,275.0
220720,150.0
220856,470.0
221008,420.0
221080,540.0
221320,295.0
221416,355.0
221616,665.0
221976,465.0
222024,390.0
222256,315.0
222616,490.0
222856,190.0
222992,495.0
222993,105.0
223104,535.0
223304,380.0
223736,255.0
223808,695.0
223824,160.0
224216,305.0
224272,160.0
224480,960.0
224744,380.0
225008,160.0
225128,440.0
225280,375.0
225496,450.0
225680,270.0
225712,425.0
225984,675.0
226152,180.0
226424,235.0
226672,365.0
226673,580.0
226736,335.0
226800,170.0
226960,360.0
227056,170.0
227520,375.0
227928,610.0
227952,160.0
227960,310.0
228320,390.0
228432,415.0
228480,575.0
228488,180.0
228736,500.0
228872,120.0
229240,415.0
229464,375.0
229640,500.0
229688,305.0
230080,345.0
230144,385.0
230360,205.0
230488,600.0
230712,245.0
230848,450.0
231184,445.0
231232,315.0
231352,280.0
231536,525.0
231632,255.0
231736,415.0
232312,645.0
232320,270.0
232496,400.0
232720,310.0
232880,470.0
232976,345.0
233184,310.0
233248,440.0
234024,405.0
234040,370.0
234072,415.0
234312,470.0
234336,485.0
234696,325.0
234832,605.0
234984,150.0
234992,605.0
235384,305.0
235472,285.0
235552,95.0
235744,455.0
235832,325.0
235944,450.0
236048,205.0
236616,475.0
236656,120.0
236872,255.0
237048,420.0
237224,225.0
237312,485.0
237552,510.0
237624,415.0
237808,210.0
238280,450.0
238496,395.0
238576,465.0
238656,325.0
238696,255.0
238728,295.0
239112,335.0
239392,465.0
239408,180.0
239824,450.0
239832,160.0
240064,385.0
240120,180.0
240400,395.0
240880,370.0
241008,565.0
241240,560.0
241720,365.0
241752,330.0
241824,510.0
241832,430.0
241960,195.0
242112,530.0
242904,335.0
243040,325.0
243056,235.0
243280,855.0
243536,495.0
243576,260.0
243584,500.0
243768,275.0
244280,325.0
244496,155.0
244624,410.0
244840,470.0
244896,340.0
245080,450.0
245192,310.0
245600,420.0
245664,370.0
246216,455.0
246280,575.0
246704,450.0
246992,830.0
247056,330.0
247080,575.0
247128,610.0
247376,500.0
247472,290.0
247712,400.0
248200,320.0
248272,150.0
248448,530.0
248584,330.0
248912,510.0
249056,605.0
249296,470.0
249368,125.0
249680,800.0
249712,485.0
249792,120.0
249920,375.0
249968,405.0
250544,415.0
250912,185.0
250928,350.0
251080,485.0
251088,325.0
251448,445.0
251712,425.0
251904,345.0
252224,600.0
252368,305.0
252480,405.0
252648,425.0
252728,295.0
252729,570.0
252968,175.0
253136,280.0
253408,325.0
253768,370.0
253888,85.0
254112,440.0
254128,485.0
254408,410.0
254504,510.0
254696,450.0
255040,135.0
255216,600.0
255432,100.0
255440,435.0
255632,300.0
255888,570.0
256192,695.0
256232,410.0
256344,390.0
256608,320.0
256672,175.0
256912,320.0
257088,415.0
257568,375.0
257648,255.0
257656,330.0
257696,425.0
257856,215.0
257992,515.0
258272,255.0
258792,505.0
258880,530.0
259080,325.0
259400,490.0
259408,275.0
259536,575.0
259576,370.0
259704,480.0
260408,225.0
260520,185.0
260536,500.0
260537,230.0
260736,355.0
260760,765.0
261000,385.0
261288,95.0
261448,520.0
261896,255.0
261936,175.0
262304,445.0
262312,375.0
262320,650.0
262392,655.0
262784,325.0
263208,445.0
263384,235.0
263624,310.0
263920,320.0
263968,440.0
264032,605.0
264432,215.0
264440,610.0
264736,550.0
264960,475.0
265072,220.0
265144,335.0
265208,185.0
265312,315.0
265944,345.0
266008,570.0
266264,350.0
266352,555.0
266424,255.0
266616,365.0
266808,430.0
266944,330.0
267152,150.0
267160,180.0
267448,290.0
268024,335.0
268040,550.0
268120,445.0
268376,345.0
268424,485.0
268704,545.0
268872,440.0
269104,820.0
269152,315.0
269672,270.0
269680,350.0
269792,480.0
270056,560.0
270120,190.0
270152,325.0
270496,375.0
270712,435.0
270760,255.0
271120,340.0
271424,245.0
271680,155.0
271696,330.0
271736,180.0
271784,340.0
271792,770.0
272216,580.0
272816,230.0
272984,575.0
272985,395.0
273080,255.0
273096,345.0
273128,305.0
273560,205.0
273744,745.0
274240,380.0
274376,415.0
274440,200.0
274472,205.0
274824,200.0
274984,525.0
275040,755.0
275240,275.0
275480,225.0
275960,425.0
276008,495.0
276248,720.0
276344,505.0
276600,535.0
276744,560.0
276920,560.0
277240,380.0
277320,270.0
277408,370.0
277568,170.0
277608,145.0
278056,320.0
278136,565.0
278320,770.0
278560,320.0
278656,195.0
278944,310.0
279376,545.0
279680,320.0
279704,545.0
279848,455.0
279928,465.0
280304,215.0
280344,335.0
280384,475.0
280528,520.0
280928,120.0
281400,415.0
281656,370.0
281848,645.0
281936,470.0
281976,475.0
282088,500.0
282504,505.0
282776,115.0
282816,645.0
282888,330.0
283184,480.0
283288,490.0
283528,410.0
283688,150.0
283760,290.0
283872,490.0
284328,435.0
284504,325.0
284904,770.0
285224,490.0
285232,450.0
285328,360.0
285400,375.0
285832,260.0
286000,430.0
286032,265.0
286064,540.0
286320,165.0
286880,490.0
287080,525.0
287240,125.0
287256,565.0
287376,340.0
287544,555.0
287664,450.0
287768,170.0
288144,575.0
288648,310.0
288704,390.0
288792,470.0
288872,85.0
288888,420.0
288936,335.0
289224,555.0
289360,270.0
289592,240.0
290112,215.0
290200,370.0
290328,305.0
290552,200.0
290560,805.0
290984,720.0
290992,1000.0
291608,335.0
291648,570.0
291912,175.0
292128,750.0
292312,370.0
292328,745.0
292440,570.0
292512,225.0
292568,215.0
293144,340.0
293464,425.0
293520,345.0
293784,105.0
293920,460.0
293960,300.0
294504,805.0
294520,630.0
294656,545.0
294704,135.0
295240,350.0
295376,400.0
295416,330.0
295432,435.0
295712,230.0
296008,325.0
296272,175.0
296376,600.0
296736,570.0
296816,300.0
296896,620.0
297176,695.0
297312,395.0
297632,325.0
297712,465.0
298000,430.0
298608,470.0
298712,470.0
298728,405.0
298872,675.0
299056,590.0
299256,575.0
299632,495.0
299633,800.0
300072,640.0
300096,310.0
300136,270.0
300296,250.0
300432,480.0
300880,715.0
301304,530.0
301600,515.0
301720,390.0
301744,540.0
301776,500.0
301960,260.0
302168,660.0
302232,575.0
302472,255.0
302872,290.0
303232,655.0
303240,410.0
303344,515.0
303800,450.0
303801,575.0
303872,75.0
304432,175.0
304568,570.0
304728,575.0
304888,570.0
305152,400.0
305296,600.0
305792,450.0
305840,605.0
305992,280.0
306288,320.0
306472,570.0
306744,695.0
306936,420.0
306952,305.0
307400,385.0
307560,355.0
307561,575.0
307648,365.0
307896,335.0
308744,465.0
308752,545.0
308768,525.0
308784,210.0
308896,295.0
309312,575.0
309504,575.0
309760,600.0
310176,345.0
310256,375.0
310272,340.0
310280,330.0
310368,335.0
311128,515.0
311160,610.0
311192,335.0
311200,220.0
311704,430.0
311728,390.0
311992,475.0
312088,630.0
312336,320.0
312768,295.0
312800,300.0
312832,390.0
312856,415.0
313400,350.0
313504,310.0
313560,435.0
314136,310.0
314137,690.0
314264,545.0
314272,450.0
314408,135.0
314856,440.0
314880,600.0
315104,495.0
315624,275.0
315648,315.0
315776,405.0
315896,220.0
316000,465.0
316336,140.0
316392,360.0
316792,720.0
317112,375.0
317113,540.0
317296,145.0
317376,390.0
317392,575.0
317584,185.0
317968,770.0
318064,355.0
318408,175.0
318528,390.0
318792,315.0
318824,470.0
318920,575.0
319384,250.0
319512,325.0
319800,645.0
320080,555.0
320104,360.0
320400,455.0
320640,495.0
320856,510.0
320992,165.0
321024,295.0
321504,555.0
321600,975.0
322128,495.0
322200,715.0
322456,510.0
322457,255.0
322480,510.0
322848,560.0
323264,360.0
323424,130.0
323640,600.0
323736,425.0
323824,490.0
324032,850.0
324280,520.0
324360,410.0
324752,285.0
324776,245.0
324777,415.0
325224,110.0
325304,220.0
325320,485.0
325488,570.0
325896,580.0
326120,405.0
326232,310.0
326312,545.0
326392,210.0
326552,215.0
326640,475.0
326848,115.0
326936,680.0
327080,215.0
327656,455.0
327992,355.0
328120,165.0
328232,390.0
328248,500.0
328456,440.0
328584,465.0
328832,550.0
328920,95.0
329016,700.0
329472,340.0
329656,540.0
329952,660.0
330304,450.0
330432,555.0
330600,495.0
330880,575.0
330928,975.0
331048,215.0
331049,540.0
331832,575.0
332000,660.0
332272,510.0
332296,325.0
332352,460.0
332520,575.0
332856,575.0
332896,700.0
333232,175.0
333272,355.0
333616,230.0
333840,580.0
333984,235.0
334168,570.0
334264,375.0
334280,735.0
334792,375.0
335272,800.0
335320,465.0
335328,210.0
335848,980.0
336000,470.0
336224,800.0
336232,515.0
336984,380.0
337232,315.0
337280,545.0
337408,690.0
337520,525.0
337736,580.0
338384,250.0
338424,500.0
338568,425.0
338600,265.0
338601,710.0
338648,350.0
338920,275.0
339408,105.0
339648,600.0
339760,365.0
339904,320.0
339984,270.0
340048,385.0
340424,470.0
340864,550.0
341096,495.0
341512,510.0
341528,450.0
341560,460.0
341640,430.0
341832,775.0
342368,315.0
342504,355.0
342600,630.0
343128,590.0
343144,345.0
343304,390.0
343344,155.0
343432,375.0
343904,555.0
344032,410.0
344208,410.0
344328,155.0
344448,255.0
344520,265.0
345024,485.0
345448,445.0
345488,570.0
345512,530.0
345880,460.0
345960,545.0
346256,395.0
346336,315.0
346536,555.0
346776,475.0
346784,325.0
347168,670.0
347200,280.0
347648,405.0
347968,505.0
348104,550.0
348120,605.0
348368,260.0
348456,490.0
348656,550.0
348696,370.0
349208,390.0
349560,315.0
349928,545.0
350008,325.0
350104,600.0
350112,455.0
350424,500.0
350512,580.0
350848,555.0
351232,245.0
351288,435.0
351368,390.0
351416,365.0
351776,545.0
351896,280.0
351920,370.0
352520,280.0
352784,365.0
352824,395.0
352856,605.0
352976,595.0
353104,355.0
353256,410.0
353416,455.0
353840,375.0
353944,205.0
354384,520.0
354584,455.0
354624,195.0
355088,440.0
355136,780.0
355424,600.0
355425,295.0
355632,520.0
355688,335.0
355776,320.0
356352,610.0
356488,290.0
356552,395.0
356616,525.0
356816,415.0
356976,280.0
357024,105.0
357440,525.0
357744,810.0
357888,420.0
358168,395.0
358392,480.0
358664,490.0
358808,515.0
358992,505.0
359048,150.0
359248,475.0
359408,800.0
359688,440.0
359792,265.0
360320,340.0
360456,510.0
360472,470.0
360680,390.0
360920,350.0
361000,475.0
361024,415.0
361568,480.0
361848,570.0
361856,375.0
361928,235.0
362128,335.0
362576,605.0
363000,520.0
363064,400.0
363112,165.0
363120,610.0
363121,340.0
363568,575.0
363872,585.0
364024,750.0
364064,140.0
364224,235.0
364424,285.0
364592,385.0
364840,770.0
365064,400.0
365624,390.0
365776,490.0
365944,695.0
366136,425.0
366160,575.0
366360,255.0
366488,725.0
366712,425.0
367104,300.0
367672,425.0
367800,540.0
367984,305.0
367992,500.0
368320,600.0
368376,760.0
368408,575.0
368696,210.0
368736,340.0
369536,735.0
369648,145.0
369649,255.0
369768,395.0
369848,555.0
369992,550.0
370104,480.0
370584,745.0
370744,325.0
370952,305.0
371136,400.0
371232,310.0
371536,725.0
371824,540.0
371944,570.0
371952,235.0
372440,475.0
372584,495.0
373032,300.0
373152,600.0
373272,450.0
373312,665.0
373472,340.0
373632,235.0
374064,620.0
374128,515.0
374584,550.0
374680,390.0
374800,320.0
374872,510.0
375136,440.0
375296,435.0
375528,105.0
375824,380.0
376056,345.0
376096,240.0
376152,440.0
376608,490.0
376808,310.0
377088,370.0
377104,545.0
377448,605.0
377480,285.0
377760,320.0
377776,125.0
377800,530.0
377952,425.0
378368,375.0
378856,440.0
378952,295.0
379048,515.0
379288,165.0
379576,425.0
379584,600.0
379792,575.0
379984,720.0
380184,255.0
380280,345.0
380968,530.0
381120,435.0
381224,695.0
381240,485.0
381464,340.0
381640,595.0
381752,415.0
382352,225.0
382408,600.0
382672,115.0
382888,490.0
383024,570.0
383264,515.0
383336,605.0
383568,405.0
383584,170.0
383960,470.0
384048,440.0
384216,115.0
384264,340.0
384368,385.0
384648,450.0
384896,545.0
384944,110.0
385440,250.0
385552,570.0
385640,355.0
385936,520.0
386448,165.0
386544,590.0
386800,285.0
386801,500.0
387064,570.0
387328,1280.0
387560,440.0
387720,405.0
387760,175.0
388136,370.0
388440,530.0
388464,385.0
388728,590.0
389088,270.0
389352,800.0
389432,230.0
389576,525.0
389656,610.0
389664,150.0
389672,375.0
390360,455.0
390440,490.0
390792,280.0
390872,395.0
390896,325.0
391072,450.0
391192,500.0
391256,150.0
391496,545.0
392064,215.0
392416,270.0
392464,405.0
392576,575.0
392664,415.0
392768,445.0
392912,715.0
393016,110.0
393248,440.0
393472,330.0
393784,275.0
394256,410.0
394352,315.0
394360,570.0
394496,495.0
394688,720.0
394800,830.0
394976,375.0
394984,300.0
395248,220.0
395568,230.0
395768,245.0
396136,450.0
396216,370.0
396232,145.0
396496,405.0
396728,555.0
396776,575.0
396896,80.0
396968,330.0
397368,290.0
397520,470.0
397776,580.0
397896,325.0
398216,220.0
398520,230.0
398544,600.0
398624,395.0
398712,370.0
398864,405.0
399112,55.0
399240,345.0
399312,365.0
399560,235.0
399904,330.0
400000,575.0
400104,205.0
400296,550.0
400536,330.0
400752,420.0
401104,335.0
401216,460.0
401408,590.0
401512,115.0
401704,650.0
401824,490.0
401952,405.0
402104,225.0
402352,250.0
402728,480.0
402984,480.0
403088,430.0
403120,585.0
403288,710.0
403488,395.0
403920,435.0
404192,385.0
404264,320.0
404312,570.0
404392,185.0
404536,275.0
404640,415.0
404872,425.0
404904,145.0
405640,360.0
405728,595.0
405800,350.0
406144,495.0
406224,605.0
406320,150.0
406456,470.0
406920,485.0
407200,185.0
407392,605.0
407432,560.0
407464,390.0
407760,825.0
408264,585.0
408296,745.0
408464,390.0
408624,35.0
408816,380.0
408824,630.0
408888,400.0
409240,525.0
409400,160.0
410072,195.0
410080,310.0
410200,410.0
410312,525.0
410504,640.0
410776,550.0
410816,325.0
411136,630.0
411368,185.0
411568,255.0
411640,210.0
412008,670.0
412064,500.0
412448,395.0
412616,505.0
412848,405.0
413024,250.0
413040,595.0
413296,175.0
413376,745.0
413952,800.0
414080,390.0
414224,660.0
414480,220.0
414528,395.0
414632,465.0
414720,285.0
415184,270.0
415576,575.0
415840,490.0
416040,775.0
416160,480.0
416168,360.0
416552,565.0
416728,520.0
416800,315.0
416928,180.0
417136,550.0
417264,325.0
417608,540.0
418312,515.0
418313,400.0
418320,520.0
418416,200.0
418656,555.0
419048,500.0
419104,430.0
419360,555.0
420144,495.0
420224,495.0
420480,750.0
420496,520.0
420584,490.0
420624,470.0
421000,600.0
421248,615.0
421352,240.0
421848,290.0
422024,330.0
422032,140.0
422064,575.0
422144,475.0
422264,430.0
422368,260.0
422696,65.0
422760,200.0
423000,725.0
423384,380.0
423616,165.0
423624,315.0
423960,630.0
424152,630.0
424296,335.0
424328,470.0
424344,340.0
424760,450.0
425032,210.0
425048,385.0
425248,385.0
425384,255.0
426080,490.0
426128,510.0
426144,255.0
426336,290.0
426368,240.0
426464,460.0
426536,315.0
426800,575.0
427456,500.0
427560,345.0
427672,435.0
427800,790.0
427920,360.0
427976,420.0
428120,635.0
428336,425.0
428712,325.0
428968,220.0
429096,355.0
429256,210.0
429368,355.0
429432,710.0
429433,720.0
430280,435.0
430320,470.0
430496,195.0
430512,425.0
430864,480.0
430920,425.0
430976,430.0
431568,235.0
431624,755.0
431776,210.0
431792,240.0
431793,350.0
431832,185.0
432288,170.0
432608,500.0
432888,300.0
432976,755.0
433160,415.0
433416,430.0
433560,195.0
433664,500.0
433744,220.0
433840,550.0
434320,315.0
434440,445.0
434808,360.0
435096,475.0
435176,325.0
435264,450.0
435320,575.0
435448,580.0
435880,285.0
436080,285.0
436320,220.0
436336,545.0
436536,385.0
436696,135.0
436816,230.0
436928,485.0
437120,555.0
437480,605.0
437512,170.0
438216,255.0
438248,770.0
438376,625.0
438384,320.0
438776,780.0
438784,525.0
438960,110.0
439424,295.0
439512,575.0
439536,540.0
439624,145.0
439664,190.0
439704,150.0
439712,490.0
440400,495.0
440488,245.0
440536,190.0
440848,525.0
440896,370.0
441200,360.0
441592,550.0
441600,720.0
441601,300.0
441824,265.0
442096,295.0
442224,605.0
442496,400.0
442720,335.0
442800,450.0
443192,575.0
443200,345.0
443504,505.0
443800,495.0
443832,455.0
443888,275.0
444160,570.0
444536,185.0
444784,555.0
444968,745.0
445120,525.0
445568,520.0
445784,475.0
445824,545.0
445848,410.0
445936,125.0
446352,485.0
446600,515.0
446784,600.0
447000,250.0
447112,350.0
447264,500.0
447552,495.0
447680,505.0
448016,235.0
448064,245.0
448256,490.0
448384,220.0
448776,495.0
448840,545.0
449176,790.0
449424,395.0
449728,625.0
449760,195.0
449864,745.0
450008,515.0
450256,470.0
450392,275.0
450472,220.0
450928,375.0
451248,365.0
451408,970.0
451528,455.0
451720,460.0
452040,490.0
452080,350.0
452248,490.0
452296,520.0
453112,800.0
453384,315.0
453440,505.0
453504,600.0
453536,240.0
453537,580.0
453600,455.0
453648,580.0
454456,215.0
454688,670.0
455032,425.0
455112,530.0
455152,685.0
455288,540.0
455480,405.0
455808,515.0
455944,165.0
456200,250.0
456232,465.0
456233,615.0
456440,285.0
456640,290.0
457152,510.0
457496,410.0
457544,325.0
457576,495.0
457584,340.0
457760,485.0
457872,560.0
457904,135.0
458128,420.0
458632,235.0
458744,175.0
458760,315.0
458792,410.0
459136,410.0
459520,570.0
459904,700.0
460072,355.0
460160,235.0
460320,435.0
460384,355.0
460760,555.0
460816,575.0
461464,510.0
461648,405.0
461672,730.0
461928,455.0
462008,600.0
462120,515.0
462440,200.0
462536,430.0
462880,255.0
463016,765.0
463256,620.0
463288,385.0
463976,500.0
464088,715.0
464089,575.0
464192,585.0
464488,525.0
464560,535.0
464776,550.0
464777,675.0
464936,245.0
465128,155.0
465432,365.0
465552,240.0
465840,100.0
466096,350.0
466384,585.0
466464,560.0
466512,585.0
466792,235.0
466960,330.0
467176,395.0
467520,715.0
467664,400.0
467672,295.0
467960,370.0
468312,470.0
468656,515.0
468712,570.0
468792,455.0
469128,475.0
469336,455.0
469400,335.0
469536,485.0
469544,540.0
469936,230.0
470256,490.0
470664,270.0
470832,260.0
470872,520.0
471080,515.0
471120,485.0
471360,805.0
471920,575.0
471968,425.0
472456,570.0
472728,525.0
472760,490.0
472761,410.0
472776,470.0
473008,415.0
473024,230.0
473184,270.0
473904,290.0
474112,205.0
474120,500.0
474592,530.0
474728,595.0
474864,540.0
475040,545.0
475192,630.0
475576,505.0
475688,575.0
475992,465.0
476160,600.0
476280,425.0
476360,345.0
476376,360.0
476512,500.0
476632,245.0
477000,275.0
477120,510.0
477720,410.0
477888,505.0
478080,580.0
478088,455.0
478152,425.0
478160,460.0
478720,475.0
478776,175.0
478832,475.0
479480,380.0
479584,665.0
479600,295.0
480016,405.0
480208,415.0
480584,545.0
480616,925.0
480632,600.0
480872,330.0
480896,675.0
481272,480.0
481656,570.0
482128,685.0
482192,550.0
482296,705.0
482304,545.0
482504,715.0
482552,375.0
482760,405.0
483504,320.0
483752,630.0
483792,510.0
483920,410.0
483992,680.0
484056,350.0
484192,470.0
484624,110.0
484640,525.0
484672,150.0
484984,335.0
485144,385.0
485216,300.0
485416,370.0
485880,255.0
486368,525.0
486560,455.0
486616,655.0
486624,400.0
486632,550.0
486912,435.0
487376,600.0
487584,165.0
488128,780.0
488144,710.0
488160,505.0
488320,745.0
488368,720.0
488800,705.0
488824,110.0
489128,685.0
489336,310.0
489664,805.0
489816,510.0
489960,545.0
490080,530.0
490288,430.0
490336,365.0
490352,325.0
490664,300.0
491120,505.0
491616,670.0
491648,445.0
491808,575.0
491840,440.0
491880,415.0
491920,475.0
492280,475.0
492344,375.0
492928,275.0
493352,515.0
493560,515.0
493600,465.0
493768,455.0
493800,300.0
493968,650.0
494008,520.0
494272,160.0
494304,185.0
494536,475.0
494648,250.0
495400,680.0
495496,610.0
495664,575.0
495840,730.0
496112,455.0
496248,455.0
496368,580.0
496416,575.0
496608,295.0
497136,445.0
497216,615.0
497600,455.0
497832,485.0
497833,445.0
498176,515.0
498208,520.0
498256,545.0
498472,305.0
498824,710.0
499072,250.0
499456,550.0
499472,420.0
499576,525.0
499656,515.0
499736,435.0
500264,405.0
500424,415.0
500824,680.0
501104,445.0
501424,605.0
501576,725.0
501616,575.0
501712,465.0
501936,250.0
502016,745.0
502600,410.0
502952,550.0
503000,600.0
503072,650.0
503120,230.0
503312,565.0
503648,605.0
503864,455.0
504120,490.0
504224,310.0
504512,270.0
504752,370.0
505072,570.0
505104,410.0
505136,785.0
505440,655.0
505568,210.0
505648,185.0
505800,280.0
505880,780.0
506688,610.0
506800,745.0
506816,475.0
506832,270.0
507024,320.0
507056,680.0
507544,575.0
507920,600.0
507992,330.0
508216,390.0
508232,380.0
508832,800.0
508864,550.0
508936,360.0
509032,600.0
509288,545.0
509688,430.0
509864,540.0
510008,700.0
510216,420.0
510552,545.0
510600,445.0
510616,360.0
510960,760.0
511104,510.0
511248,400.0
511584,600.0
511736,575.0
512360,545.0
512376,560.0
512760,525.0
512824,655.0
513048,520.0
513288,575.0
513320,325.0
513448,260.0
513608,770.0
513640,270.0
514168,755.0
514224,200.0
514368,395.0
514488,380.0
514760,520.0
514792,555.0
514912,520.0
515464,540.0
515624,325.0
515792,185.0
515832,385.0
515984,485.0
516024,320.0
516256,425.0
516272,460.0
516760,365.0
516976,495.0
517120,265.0
517488,105.0
517544,445.0
517664,610.0
517688,315.0
517689,460.0
517704,575.0
518560,545.0
518688,190.0
518720,260.0
518848,310.0
518896,395.0
519296,450.0
519440,580.0
519464,495.0
519880,310.0
519944,545.0
520248,365.0
520256,590.0
520360,280.0
520528,625.0
521240,530.0
521320,380.0
521321,665.0
521600,505.0
521792,290.0
521968,470.0
522008,420.0
522408,980.0
522424,265.0
522592,270.0
522680,275.0
522688,190.0
522832,415.0
523208,365.0
523416,185.0
523672,300.0
523720,265.0
523784,295.0
524144,385.0
524432,495.0
524624,490.0
524888,615.0
525040,370.0
525136,170.0
525240,470.0
525400,540.0
525864,475.0
525912,330.0
526464,360.0
526472,370.0
526760,430.0
526784,600.0
526880,600.0
527096,240.0
527288,515.0
527320,160.0
527640,580.0
527744,390.0
528024,295.0
528376,440.0
528504,355.0
528616,605.0
528720,545.0
528728,205.0
528864,465.0
529328,280.0
529664,725.0
529784,275.0
530024,480.0
530032,445.0
530136,315.0
530664,545.0
530800,550.0
530880,500.0
531152,200.0
531416,465.0
531417,530.0
531568,475.0
532080,875.0
532104,105.0
532192,270.0
532352,150.0
532592,350.0
532632,600.0
533088,940.0
533312,225.0
533352,390.0
533360,285.0
533544,775.0
534104,540.0
534368,515.0
534568,525.0
534640,510.0
534720,480.0
535072,465.0
535344,495.0
535544,415.0
535608,545.0
536080,450.0
536216,390.0
536272,655.0
536608,770.0
536664,415.0
536720,450.0
537328,520.0
537536,410.0
537648,575.0
537704,435.0
537880,305.0
537944,345.0
538072,270.0
538360,815.0
538928,425.0
539208,380.0
539248,440.0
539304,505.0
539336,325.0
539488,475.0
539608,425.0
539840,415.0
540408,645.0
540576,225.0
540616,515.0
540792,365.0
541000,515.0
541512,555.0
541584,540.0
541816,200.0
542048,230.0
542056,440.0
542216,610.0
542512,690.0
542600,805.0
542920,280.0
543288,460.0
543472,330.0
543473,420.0
543552,605.0
543672,745.0
543904,300.0
544128,800.0
544176,345.0
544352,165.0
544728,360.0
544760,205.0
544984,540.0
545248,170.0
545448,290.0
545560,340.0
545664,685.0
545720,605.0
546128,390.0
546376,585.0
546472,200.0
547112,465.0
547280,600.0
547344,495.0
547512,800.0
547768,310.0
547808,510.0
547920,705.0
547936,325.0
548272,315.0
548920,405.0
548921,715.0
549120,460.0
549144,360.0
549184,570.0
549400,855.0
550144,320.0
550256,770.0
550384,575.0
550440,300.0
550472,435.0
550576,665.0
550672,570.0
551072,515.0
551720,430.0
551808,380.0
551840,480.0
552016,470.0
552248,665.0
552408,560.0
552536,760.0
552720,570.0
553032,300.0
553344,700.0
553576,400.0
553664,750.0
553760,575.0
553944,410.0
554144,500.0
554216,435.0
554768,285.0
554856,670.0
555144,370.0
555264,470.0
555736,535.0
555824,460.0
555825,525.0
555912,570.0
556256,350.0
556600,660.0
556872,470.0
556920,450.0
557048,290.0
557368,685.0
557512,535.0
557776,605.0
558272,570.0
558416,480.0
558488,635.0
558552,480.0
559048,425.0
559216,775.0
559328,475.0
560040,610.0
560072,495.0
560368,580.0
560624,530.0
560632,655.0
561080,450.0
561096,530.0
561184,915.0
561200,455.0
561728,725.0
561840,470.0
561944,515.0
562256,660.0
562712,685.0
562808,420.0
563152,525.0
563176,275.0
563216,535.0
563656,600.0
563984,500.0
564000,385.0
564136,800.0
564288,235.0
564328,365.0
564896,450.0
564968,455.0
565544,495.0
565680,375.0
565912,500.0
566104,775.0
566144,805.0
566264,600.0
566568,535.0
566952,605.0
567136,735.0
567304,475.0
567520,185.0
567648,555.0
567888,570.0
567912,545.0
568264,490.0
568528,370.0
568712,565.0
569096,705.0
569200,420.0
569448,495.0
569504,955.0
569624,575.0
569920,500.0
569984,405.0
570240,430.0
570704,760.0
570784,200.0
570896,755.0
571144,460.0
571248,465.0
571264,310.0
571712,430.0
571736,165.0
571744,420.0
572136,285.0
572760,490.0
573048,530.0
573104,315.0
573112,780.0
573296,280.0
573304,570.0
573336,630.0
573528,465.0
573840,160.0
574344,325.0
574400,330.0
574520,340.0
574544,205.0
575120,495.0
575376,575.0
575488,570.0
575848,600.0
575960,655.0
576120,500.0
576280,570.0
576352,715.0
576896,440.0
577064,165.0
577176,430.0
577208,485.0
577232,555.0
577624,325.0
577752,515.0
578272,335.0
578336,525.0
578440,315.0
578744,700.0
578848,450.0
579144,580.0
579304,460.0
579400,525.0
579600,395.0
579856,315.0
580168,280.0
580264,540.0
580416,775.0
580464,465.0
580880,360.0
580928,485.0
580936,395.0
581368,420.0
581688,360.0
581720,465.0
581992,415.0
582256,340.0
582408,260.0
582520,450.0
582560,540.0
582592,545.0
582968,320.0
582976,280.0
583464,80.0
583544,525.0
584112,495.0
584144,490.0
584272,415.0
584584,545.0
584704,495.0
584952,600.0
585432,570.0
585536,745.0
585616,595.0
586000,475.0
586112,375.0
586152,600.0
586192,475.0
586296,325.0
587080,490.0
587144,550.0
587232,300.0
587312,680.0
587376,315.0
587712,730.0
587792,525.0
588312,745.0
588384,525.0
588664,370.0
589032,450.0
589168,715.0
589512,545.0
589568,770.0
589760,455.0
589960,600.0
590208,345.0
590384,510.0
590592,400.0
590920,695.0
591440,420.0
591448,540.0
591592,680.0
591840,310.0
591920,665.0
592016,665.0
592240,775.0
592864,495.0
593264,430.0
593440,575.0
593536,740.0
593616,505.0
593880,535.0
593888,575.0
594016,600.0
594304,205.0
594312,430.0
594912,730.0
594968,225.0
595096,300.0
595097,600.0
595472,405.0
595648,460.0
596160,680.0
596272,775.0
596280,340.0
596696,550.0
596728,455.0
596800,485.0
596976,395.0
597048,470.0
597416,400.0
597456,315.0
597920,775.0
597952,310.0
598328,150.0
598688,360.0
598704,525.0
598752,780.0
598792,575.0
598952,250.0
599080,530.0
599544,485.0
599936,405.0
600024,405.0
600120,175.0
600312,325.0
600344,475.0
600400,470.0
600856,345.0
601040,555.0
601320,425.0
601680,400.0
601800,635.0
601904,805.0
602176,480.0
602608,530.0
602784,550.0
602872,225.0
603080,515.0
603312,445.0
603504,770.0
603768,205.0
603784,490.0
604176,550.0
604184,360.0
604432,520.0
604720,500.0
604896,480.0
605160,560.0
605480,545.0
605600,310.0
605688,530.0
605960,580.0
606464,600.0
606544,365.0
606872,310.0
606912,430.0
606936,470.0
606976,360.0
607248,560.0
607896,330.0
607992,600.0
608000,340.0
608224,295.0
608608,575.0
608672,470.0
608696,600.0
609048,495.0
609120,565.0
609288,310.0
609600,545.0
609992,570.0
610144,445.0
610376,350.0
610464,555.0
610568,570.0
610848,575.0
610864,320.0
610904,350.0
611320,290.0
611632,400.0
611968,635.0
612176,325.0
612232,425.0
612248,330.0
612368,775.0
612544,555.0
613328,470.0
613400,220.0
613408,435.0
613504,385.0
613680,570.0
613681,435.0
614416,545.0
614920,640.0
615104,550.0
615208,600.0
615432,550.0
615504,645.0
615728,530.0
615760,660.0
615816,490.0
616416,395.0
616800,440.0
616968,475.0
617160,495.0
617192,405.0
617344,465.0
617488,430.0
617632,770.0
617808,415.0
617864,285.0
618008,425.0
618440,340.0
618592,390.0
618896,225.0
618936,595.0
619064,310.0
619120,515.0
619384,475.0
619992,290.0
620008,580.0
620224,425.0
620504,415.0
620688,540.0
620832,500.0
620856,450.0
621056,575.0
621384,130.0
621640,465.0
621752,715.0
621768,510.0
621800,100.0
622256,445.0
622328,425.0
622752,600.0
622800,350.0
622832,240.0
623208,410.0
623360,280.0
623544,505.0
623896,785.0
623904,635.0
624056,225.0
624152,320.0
624153,300.0
624296,215.0
624536,365.0
624776,375.0
625472,460.0
625512,620.0
625680,475.0
625760,410.0
625976,330.0
626024,510.0
626168,495.0
626672,745.0
627104,470.0
627176,525.0
627408,470.0
627560,410.0
627648,540.0
627856,495.0
628096,365.0
628320,155.0
628328,385.0
628352,655.0
628752,320.0
629032,555.0
629320,560.0
629584,550.0
629616,395.0
629704,700.0
629920,515.0
630248,500.0
630320,470.0
630321,560.0
630536,150.0
630648,310.0
631416,575.0
631624,155.0
631784,545.0
631792,575.0
631816,555.0
632040,355.0
632424,545.0
632568,555.0
632800,220.0
632896,520.0
633152,330.0
633336,440.0
633656,305.0
633672,950.0
633680,700.0
634040,350.0
634536,325.0
634600,430.0
634624,540.0
634864,155.0
634872,545.0
635416,540.0
635640,370.0
635688,550.0
636080,260.0
636344,565.0
636416,190.0
636536,455.0
636544,550.0
636744,570.0
637472,340.0
637480,480.0
637568,555.0
637824,455.0
637832,385.0
638048,465.0
638056,405.0
638968,515.0
639040,535.0
639152,660.0
639224,495.0
639248,495.0
639256,550.0
639696,450.0
639944,425.0
640312,225.0
640432,255.0
640456,450.0
640560,400.0
640568,325.0
640712,500.0
640912,320.0
641576,430.0
641696,350.0
641800,495.0
641801,225.0
642056,520.0
642168,495.0
642240,520.0
642248,530.0
642976,295.0
643144,565.0
643200,410.0
643248,230.0
643296,390.0
643752,450.0
643753,510.0
644368,250.0
644448,775.0
644616,315.0
644624,545.0
645256,570.0
645312,575.0
645472,395.0
645528,555.0
645688,390.0
645952,365.0
646032,430.0
646536,955.0
646616,600.0
646736,320.0
646880,350.0
647120,455.0
647136,465.0
647568,435.0
647704,490.0
648024,375.0
648160,350.0
648360,570.0
648448,575.0
648776,475.0
649048,550.0
649320,355.0
649392,700.0
649400,210.0
649440,545.0
649864,465.0
650672,360.0
650720,670.0
650856,415.0
650864,440.0
650968,515.0
651192,535.0
651536,500.0
651600,580.0
651712,105.0
651912,210.0
652040,310.0
652120,225.0
652328,700.0
652440,185.0
652792,600.0
653416,575.0
653448,610.0
653776,740.0
653777,615.0
653824,535.0
653856,395.0
654152,600.0
654328,400.0
654888,375.0
655304,435.0
655312,530.0
655352,540.0
655488,745.0
655576,295.0
655616,455.0
655952,455.0
656576,580.0
656776,380.0
656848,340.0
657264,545.0
657472,585.0
657488,600.0
657496,845.0
657640,805.0
658432,345.0
658464,610.0
658480,345.0
658584,430.0
658872,570.0
658896,570.0
658912,340.0
659512,240.0
659520,745.0
660032,400.0
660344,545.0
660392,655.0
660424,365.0
660464,610.0
660520,690.0
660616,260.0
661048,335.0
661536,460.0
661712,415.0
661856,270.0
661992,370.0
662192,560.0
662392,305.0
662408,665.0
662432,585.0
662800,410.0
663096,240.0
663184,360.0
663360,435.0
663616,275.0
663632,485.0
663640,620.0
663904,530.0
664200,225.0
664520,135.0
664840,495.0
664968,430.0
665040,570.0
665120,350.0
665456,480.0
665560,800.0
666128,600.0
666152,510.0
666376,405.0
666744,490.0
666745,290.0
666944,520.0
667088,455.0
667312,800.0
667736,360.0
667768,525.0
668000,385.0
668184,555.0
668264,455.0
668384,325.0
668512,520.0
668912,670.0
669256,520.0
669528,470.0
669600,435.0
669720,545.0
669912,405.0
670120,550.0
670344,480.0
670704,310.0
670752,550.0
670760,515.0
671336,470.0
671632,500.0
671672,195.0
671673,520.0
671832,555.0
671936,290.0
672232,535.0
672504,335.0
672568,775.0
672712,220.0
672976,305.0
673528,600.0
673784,600.0
673904,340.0
673936,485.0
673976,385.0
674288,470.0
674408,775.0
674544,690.0
675088,450.0
675168,380.0
675488,355.0
675616,295.0
675904,410.0
675944,570.0
676496,500.0
676520,810.0
676648,410.0
676760,390.0
676872,495.0
676952,410.0
677072,380.0
677768,455.0
677832,315.0
678368,390.0
678512,445.0
678520,490.0
678648,500.0
678664,515.0
678896,810.0
679752,545.0
680000,575.0
680112,720.0
680152,695.0
680168,465.0
680312,455.0
680464,570.0
680888,575.0
681256,370.0
681624,520.0
681832,440.0
681880,535.0
681912,750.0
682168,585.0
682312,555.0
682744,115.0
682880,500.0
682920,485.0
682936,360.0
682992,410.0
683008,400.0
683816,370.0
683840,480.0
683896,140.0
684160,385.0
684408,480.0
684600,665.0
684800,550.0
685072,335.0
685144,600.0
685440,340.0
685792,360.0
685808,245.0
686064,580.0
686312,815.0
686456,340.0
687152,820.0
687160,475.0
687440,390.0
687512,285.0
687760,475.0
687840,610.0
688048,1195.0
688472,835.0
688920,545.0
689136,225.0
689200,375.0
689208,365.0
689248,575.0
689264,600.0
689960,635.0
690048,190.0
690584,200.0
690640,310.0
690848,145.0
691024,520.0
691248,600.0
691256,685.0
691560,300.0
691616,520.0
691872,215.0
692304,495.0
692576,580.0
692592,255.0
693144,600.0
693160,350.0
693344,690.0
693448,575.0
693648,575.0
693760,430.0
694392,670.0
694528,335.0
694728,335.0
694904,480.0
695016,1065.0
695240,465.0
695272,625.0
696160,280.0
696296,735.0
696432,545.0
696560,555.0
696928,755.0
696952,600.0
697168,545.0
697328,640.0
697392,275.0
697472,55.0
698136,600.0
698240,380.0
698241,480.0
698512,600.0
699000,360.0
699176,750.0
699200,455.0
699448,345.0
699504,300.0
699616,345.0
700144,315.0
700200,910.0
700360,365.0
700456,520.0
700896,505.0
701208,445.0
701352,310.0
701408,805.0
701528,450.0
701824,460.0
702416,575.0
702488,225.0
702672,745.0
702696,600.0
703048,450.0
703176,785.0
703328,545.0
703528,195.0
703784,600.0
703872,415.0
703912,560.0
704168,455.0
704328,345.0
704880,385.0
705000,410.0
705080,450.0
705192,505.0
705352,305.0
705544,715.0
705696,720.0
705880,500.0
706152,515.0
706232,310.0
706800,380.0
706984,455.0
707272,555.0
707280,565.0
707368,585.0
707888,525.0
707920,600.0
707976,520.0
708536,415.0
709096,755.0
709184,770.0
709248,560.0
709288,610.0
709368,395.0
709584,460.0
709704,415.0
710288,840.0
710432,510.0
710696,230.0
710864,500.0
710920,460.0
711168,450.0
711280,600.0
711360,465.0
711856,495.0
712144,410.0
712176,500.0
712184,260.0
712192,355.0
712312,295.0
712680,415.0
712824,395.0
713504,415.0
713624,360.0
713672,455.0
713776,470.0
713992,720.0
714584,645.0
714632,470.0
714688,600.0
715112,650.0
715376,370.0
715400,575.0
715856,490.0
715952,495.0
715992,445.0
716456,165.0
716472,600.0
716792,950.0
716912,545.0
717032,490.0
717592,555.0
717904,385.0
718048,385.0
718280,655.0
718288,290.0
718448,545.0
718544,725.0
718912,475.0
719216,130.0
719504,250.0
719544,435.0
719568,575.0
719569,480.0
720176,475.0
720752,570.0
720960,500.0
720968,305.0
721016,465.0
721032,420.0
721096,540.0
721152,455.0
721504,345.0
721568,55.0
722280,505.0
722456,660.0
722520,460.0
722568,420.0
722696,485.0
722808,695.0
723136,455.0
723544,755.0
723744,785.0
723920,550.0
724048,335.0
724136,405.0
724224,680.0
724488,515.0
724744,485.0
724776,270.0
724976,190.0
725544,340.0
725672,545.0
725696,220.0
725944,300.0
726080,775.0
726232,455.0
726304,320.0
726488,745.0
726792,435.0
727064,715.0
727344,690.0
727368,520.0
727520,355.0
727936,510.0
728216,290.0
728384,600.0
728664,410.0
728672,525.0
728928,525.0
729104,640.0
729400,560.0
729584,545.0
729784,380.0
729785,355.0
729952,470.0
730064,520.0
730584,495.0
730744,550.0
730912,600.0
731176,485.0
731184,110.0
731368,425.0
731560,545.0
731600,515.0
732312,630.0
732400,340.0
732416,500.0
732664,505.0
732688,285.0
733088,505.0
733144,385.0
733472,775.0
733504,450.0
733512,670.0
733592,255.0
734160,510.0
734416,745.0
734624,400.0
734760,370.0
734976,410.0
735024,740.0
735416,605.0
735480,555.0
735808,275.0
736016,355.0
736032,610.0
736488,690.0
736608,545.0
736768,285.0
736904,365.0
737088,640.0
737504,435.0
737640,485.0
737648,585.0
737824,110.0
738040,480.0
738072,325.0
738176,330.0
738632,110.0
738672,515.0
738960,275.0
739072,330.0
739112,490.0
739176,430.0
739624,490.0
740080,325.0
740096,110.0
740392,490.0
740520,585.0
740552,540.0
740600,465.0
740616,550.0
741592,545.0
741776,305.0
741856,540.0
741857,445.0
741928,420.0
742128,470.0
742328,575.0
742704,440.0
743264,415.0
743360,375.0
743376,580.0
743464,475.0
743536,495.0
743768,485.0
744504,405.0
744672,380.0
744840,585.0
745048,415.0
745128,555.0
745216,850.0
745288,510.0
745416,565.0
746080,275.0
746368,525.0
746440,465.0
746504,365.0
746688,435.0
746800,710.0
746944,605.0
747440,575.0
747600,255.0
747728,495.0
748160,495.0
748360,480.0
748384,600.0
748632,535.0
748752,345.0
748768,490.0
749600,715.0
749728,540.0
749856,460.0
750272,575.0
750304,415.0
750320,425.0
750488,575.0
750528,515.0
751328,505.0
751360,570.0
751440,365.0
751552,410.0
751944,545.0
752104,510.0
752168,690.0
752648,555.0
752808,440.0
752864,455.0
752944,470.0
752945,235.0
753632,605.0
753728,600.0
753928,410.0
754104,580.0
754105,675.0
754280,675.0
754632,915.0
754960,270.0
754976,525.0
755152,700.0
755280,400.0
755568,460.0
755984,540.0
756136,565.0
756176,195.0
756264,420.0
756576,710.0
756752,480.0
756896,400.0
757056,570.0
757264,435.0
757400,415.0
757592,640.0
757752,515.0
757936,590.0
758056,485.0
758352,510.0
758560,515.0
759056,455.0
759128,375.0
759488,245.0
759528,610.0
759584,570.0
759880,485.0
760216,580.0
760584,380.0
760832,405.0
760864,465.0
761064,745.0
761176,375.0
761280,520.0
761368,105.0
761464,600.0
761784,135.0
761976,520.0
762360,355.0
762544,370.0
762688,680.0
762816,540.0
763088,515.0
763440,420.0
763688,805.0
763744,570.0
764000,345.0
764264,600.0
764328,475.0
764648,365.0
764784,775.0
765256,480.0
765488,305.0
766056,600.0
766057,575.0
766168,500.0
766416,500.0
766464,715.0
766608,545.0
766672,990.0
767008,365.0
767392,340.0
767632,245.0
767720,465.0
767888,555.0
768064,415.0
768264,490.0
768968,435.0
769000,495.0
769096,460.0
769320,570.0
769368,275.0
769640,585.0
769888,600.0
770000,150.0
770320,345.0
770456,580.0
770560,265.0
770584,475.0
771040,430.0
771688,725.0
771784,475.0
771808,665.0
771816,405.0
772112,475.0
772320,420.0
772408,610.0
772632,160.0
772792,175.0
773080,600.0
773232,450.0
773544,470.0
773545,355.0
773824,320.0
774152,605.0
774200,780.0
774376,495.0
774512,455.0
774592,745.0
774600,245.0
775112,510.0
775248,110.0
775392,335.0
775560,500.0
775561,360.0
776360,555.0
776368,600.0
776424,440.0
776768,625.0
777128,440.0
777256,550.0
777776,570.0
777896,665.0
777968,735.0
778224,640.0
778504,630.0
778872,395.0
778936,750.0
779032,390.0
779072,650.0
779664,535.0
779736,470.0
780064,415.0
780184,575.0
780224,545.0
780664,470.0
780760,495.0
780792,705.0
781320,435.0
781400,310.0
781632,470.0
781648,915.0
781968,110.0
781992,545.0
782424,115.0
782608,580.0
782609,540.0
782688,605.0
782720,240.0
782952,525.0
783168,220.0
783408,340.0
783480,190.0
783872,385.0
783880,275.0
783936,480.0
784224,575.0
784808,410.0
784824,440.0
785040,530.0
785192,555.0
785216,650.0
785256,325.0
785872,605.0
785888,270.0
785992,120.0
786152,510.0
786336,375.0
786440,105.0
786464,445.0
786504,380.0
787056,575.0
787072,290.0
787096,170.0
787464,315.0
787848,345.0
788392,600.0
788456,605.0
788664,560.0
788704,440.0
788760,280.0
789224,600.0
789560,515.0
789928,385.0
790096,510.0
790200,525.0
790216,465.0
790248,640.0
790488,530.0
790816,330.0
790976,500.0
791448,505.0
791449,460.0
791480,365.0
791576,380.0
792056,545.0
792208,405.0
792288,520.0
792872,545.0
792952,365.0
793000,415.0
793112,600.0
793216,450.0
793472,465.0
793488,340.0
793984,480.0
794488,755.0
794656,395.0
794720,580.0
794856,555.0
795160,465.0
795336,775.0
795352,455.0
795488,560.0
796088,445.0
796640,755.0
796688,475.0
796800,545.0
796816,875.0
796832,400.0
796864,545.0
796888,390.0
797176,485.0
798216,400.0
798512,555.0
798584,765.0
798600,515.0
798664,495.0
798744,915.0
798896,555.0
799504,650.0
799600,165.0
799840,325.0
800144,395.0
800184,570.0
800336,570.0
800352,475.0
800776,600.0
800920,375.0
801224,465.0
801240,215.0
801416,400.0
801632,415.0
801800,290.0
801864,580.0
802368,500.0
802488,465.0
803016,350.0
803017,600.0
803048,600.0
803312,545.0
803928,545.0
803952,690.0
804056,575.0
804336,695.0
804432,445.0
804656,360.0
804704,530.0
804776,455.0
805392,470.0
805568,445.0
805784,575.0
805808,405.0
806152,405.0
806448,600.0
806568,605.0
806624,575.0
806888,470.0
807000,405.0
807312,660.0
807504,465.0
807696,555.0
807912,600.0
808032,435.0
808360,490.0
809040,520.0
809136,280.0
809216,575.0
809416,415.0
809464,575.0
809504,640.0
809520,925.0
809696,580.0
810552,320.0
810832,565.0
810833,645.0
810968,375.0
811024,650.0
811048,440.0
811256,630.0
811288,485.0
812128,350.0
812160,640.0
812344,380.0
812400,620.0
812401,500.0
812680,415.0
812896,495.0
812968,535.0
813688,235.0
813752,440.0
813840,530.0
813976,700.0
814128,505.0
814160,260.0
814232,490.0
814896,265.0
815136,570.0
815456,335.0
815496,530.0
815632,545.0
815720,430.0
815800,485.0
815856,695.0
816624,465.0
816680,320.0
817112,600.0
817144,500.0
817176,445.0
817488,470.0
817544,520.0
817840,545.0
818328,520.0
818416,405.0
818632,600.0
819088,430.0
819152,465.0
819264,600.0
819368,650.0
819728,600.0
819776,340.0
819960,630.0
820280,440.0
820528,305.0
820544,520.0
820632,325.0
820664,420.0
821024,340.0
821192,415.0
821648,410.0
822064,470.0
822128,645.0
822352,455.0
822440,535.0
822688,555.0
822696,575.0
823104,600.0
823464,685.0
823656,355.0
823768,450.0
823808,305.0
823832,600.0
823840,280.0
824056,545.0
824336,330.0
825112,435.0
825360,385.0
825544,430.0
825648,800.0
825664,655.0
825672,450.0
825864,475.0
826080,530.0
826312,75.0
826584,410.0
827360,510.0
827464,550.0
827465,575.0
827576,455.0
827792,520.0
828104,770.0
828232,680.0
828248,110.0
828344,130.0
828480,600.0
829048,475.0
829160,690.0
829344,395.0
829376,345.0
829424,560.0
829696,410.0
830384,800.0
830440,500.0
830464,325.0
830664,405.0
830912,450.0
831008,775.0
831032,310.0
831152,430.0
831752,400.0
832056,525.0
832088,500.0
832232,420.0
832448,385.0
832800,580.0
832888,530.0
832904,775.0
833216,275.0
833464,480.0
833584,535.0
833960,485.0
834120,700.0
834121,275.0
834208,400.0
834464,340.0
834776,295.0
834880,575.0
835040,440.0
835384,335.0
835672,510.0
835736,540.0
835784,385.0
836032,575.0
836048,365.0
836328,455.0
836760,605.0
836968,385.0
837184,450.0
837288,435.0
837520,380.0
837824,700.0
838296,485.0
838360,350.0
838440,460.0
838480,545.0
839048,565.0
839112,1055.0
839256,195.0
839272,515.0
839688,700.0
840032,650.0
840112,470.0
840208,490.0
840312,370.0
840344,285.0
840816,715.0
840976,325.0
841264,225.0
841265,635.0
841464,285.0
841560,220.0
841704,575.0
842520,555.0
842696,600.0
842704,370.0
842904,895.0
843000,510.0
843192,495.0
843432,600.0
843984,260.0
844216,510.0
844272,410.0
844288,170.0
844376,995.0
844424,355.0
844608,605.0
844968,670.0
845344,365.0
845576,310.0
845792,700.0
846032,575.0
846176,720.0
846200,495.0
846656,725.0
846704,345.0
846808,600.0
847016,475.0
847280,370.0
847344,360.0
847736,580.0
847984,95.0
848248,580.0
848352,635.0
848456,605.0
848736,440.0
848808,955.0
849088,740.0
849232,630.0
849696,315.0
849888,590.0
849960,555.0
850136,380.0
850192,520.0
850312,400.0
850688,510.0
851192,575.0
851280,505.0
851496,425.0
851600,490.0
851616,440.0
851752,525.0
851872,580.0
852136,840.0
852312,265.0
852968,605.0
852976,405.0
853080,425.0
853304,440.0
853336,500.0
853448,345.0
853600,600.0
853720,270.0
854104,280.0
854544,500.0
854672,400.0
854696,475.0
854712,570.0
855096,335.0
855328,550.0
855400,500.0
855648,455.0
855952,365.0
856176,525.0
856288,520.0
856504,600.0
856728,95.0
856824,600.0
856880,390.0
857048,535.0
857648,610.0
857664,605.0
857704,600.0
858288,705.0
858536,415.0
858568,490.0
858664,580.0
858680,775.0
858896,535.0
859128,495.0
859208,550.0
859728,265.0
859736,425.0
860048,355.0
860224,720.0
860416,475.0
860528,315.0
860832,650.0
860840,415.0
861304,475.0
861392,220.0
861560,455.0
861576,545.0
861904,550.0
861960,200.0
862176,350.0
862696,585.0
862760,320.0
862824,340.0
863008,295.0
863064,580.0
863072,585.0
863208,425.0
863976,470.0
864288,410.0
864304,525.0
864576,500.0
864912,745.0
865040,570.0
865041,545.0
865056,310.0
865576,765.0
866216,535.0
866280,520.0
866344,600.0
866632,505.0
866872,775.0
866944,550.0
866976,440.0
867000,520.0
867040,90.0
867552,355.0
867672,485.0
867896,95.0
867904,265.0
868384,445.0
868672,520.0
868808,545.0
869000,735.0
869256,755.0
869376,445.0
869456,360.0
869744,765.0
869872,410.0
870032,405.0
870680,335.0
871008,600.0
871024,450.0
871072,720.0
871112,305.0
871328,545.0
871536,600.0
871616,575.0
872032,455.0
872456,560.0
872584,245.0
872960,805.0
872968,545.0
873072,600.0
873104,640.0
873112,545.0
873328,200.0
873896,525.0
873936,420.0
874312,300.0
874560,440.0
874792,840.0
874944,800.0
875080,545.0
875096,525.0
875352,460.0
875456,465.0
875584,285.0
876240,485.0
876472,490.0
876672,700.0
876896,610.0
876976,460.0
877344,600.0
877456,610.0
877784,655.0
877984,480.0
878400,670.0
878640,300.0
879024,505.0
879048,445.0
879064,445.0
879184,725.0
879640,450.0
880072,940.0
880088,525.0
880208,495.0
880272,520.0
880808,980.0
880848,610.0
880952,580.0
881208,180.0
881384,600.0
881640,445.0
881808,445.0
882048,600.0
882296,415.0
882528,500.0
882832,650.0
882872,725.0
883016,490.0
883368,600.0
883512,725.0
883600,555.0
883904,635.0
884080,540.0
884232,390.0
884600,810.0
884784,425.0
884928,575.0
885112,415.0
885200,575.0
885480,485.0
885800,535.0
885960,600.0
886256,445.0
886368,430.0
886448,570.0
886584,330.0
886864,450.0
886984,300.0
887592,600.0
887624,365.0
887808,515.0
888104,600.0
888128,290.0
888224,515.0
888288,495.0
888648,420.0
888664,235.0
889168,435.0
889304,545.0
889616,425.0
889736,505.0
889960,800.0
890048,600.0
890120,410.0
890744,480.0
890856,155.0
890880,600.0
891032,345.0
891272,455.0
891776,190.0
891800,600.0
891992,330.0
892000,490.0
892192,235.0
892488,575.0
892600,600.0
893032,520.0
893312,425.0
893424,495.0
893520,505.0
893632,365.0
893800,760.0
894480,800.0
894560,525.0
894664,615.0
894720,130.0
894728,485.0
894736,390.0
895440,540.0
895568,650.0
895680,290.0
896064,680.0
896240,460.0
896336,570.0
896528,570.0
896792,655.0
896968,375.0
897232,470.0
897512,505.0
897688,405.0
898216,495.0
898400,505.0
898472,465.0
898736,575.0
898888,715.0
899144,435.0
899145,370.0
899360,965.0
899968,745.0
900064,490.0
900264,535.0
900664,470.0
900800,715.0
900952,575.0
901336,600.0
901432,600.0
901856,175.0
901880,605.0
902232,650.0
902704,450.0
902720,450.0
903000,995.0
903008,600.0
903256,395.0
903328,425.0
903400,605.0
903992,670.0
904280,435.0
904392,520.0
904568,265.0
904808,600.0
904880,450.0
904952,465.0
905560,770.0
905592,220.0
905728,545.0
905888,450.0
905904,315.0
905992,390.0
906056,420.0
906160,320.0
906824,175.0
907096,320.0
907216,395.0
907344,340.0
907400,460.0
907680,510.0
907736,610.0
907760,515.0
908792,460.0
908793,515.0
909240,610.0
909248,700.0
909280,645.0
909376,445.0
909848,570.0
909976,520.0
910104,455.0
910264,310.0
910824,445.0
911032,600.0
911088,800.0
911256,575.0
911312,205.0
911880,605.0
911896,565.0
912176,605.0
912360,430.0
912680,385.0
912704,500.0
912736,575.0
913296,310.0
913312,435.0
913504,330.0
913552,830.0
913600,495.0
914184,355.0
914560,560.0
914712,420.0
914832,655.0
914912,545.0
915536,510.0
915640,555.0
915664,800.0
915768,290.0
916352,385.0
916472,465.0
916488,640.0
916736,600.0
917184,140.0
917296,485.0
917304,395.0
917336,395.0
917568,570.0
917992,385.0
918464,350.0
918728,600.0
918736,465.0
918864,290.0
918928,520.0
919016,570.0
919064,580.0
919984,605.0
920200,465.0
920224,425.0
920480,685.0
920568,390.0
920616,750.0
920664,490.0
920904,575.0
921304,300.0
921656,580.0
921808,365.0
921936,550.0
922120,525.0
922272,600.0
922488,465.0
922784,510.0
922888,570.0
923248,455.0
923512,495.0
923600,475.0
923664,460.0
924056,570.0
924144,350.0
924192,600.0
924736,780.0
924792,510.0
924832,480.0
924904,310.0
924928,355.0
925408,315.0
925832,605.0
925928,510.0
926088,390.0
926408,455.0
926520,490.0
926624,490.0
926640,400.0
927040,605.0
927424,400.0
927648,615.0
927672,575.0
927696,295.0
928336,475.0
928784,285.0
928792,390.0
928952,680.0
928953,655.0
929088,575.0
929144,500.0
929312,470.0
930040,520.0
930592,505.0
930600,390.0
930608,560.0
930728,780.0
930920,520.0
931072,495.0
931136,570.0
931728,220.0
931840,480.0
932016,340.0
932256,310.0
932280,365.0
932360,480.0
933048,315.0
933120,905.0
933208,555.0
933720,460.0
933872,545.0
934072,570.0
934080,170.0
934312,600.0
934648,470.0
934744,485.0
934904,660.0
935200,370.0
935376,450.0
935528,315.0
935552,430.0
935808,445.0
936008,455.0
936576,485.0
936664,570.0
937128,725.0
937168,600.0
937216,490.0
937400,485.0
937520,550.0
938064,725.0
938120,195.0
938224,485.0
938480,425.0
938536,495.0
938768,375.0
938776,455.0
938904,600.0
939624,450.0
939824,400.0
939928,545.0
940008,305.0
940128,410.0
940168,520.0
941088,895.0
941089,400.0
941128,220.0
941168,685.0
941616,585.0
941872,800.0
942208,860.0
942384,350.0
942752,530.0
942808,460.0
942840,700.0
943320,860.0
943600,605.0
943688,430.0
943736,600.0
943920,285.0
944448,545.0
944464,635.0
944504,510.0
944688,195.0
945008,470.0
945480,480.0
945576,220.0
945720,445.0
945768,575.0
945832,360.0
946176,520.0
946592,440.0
946728,600.0
946888,305.0
947184,225.0
947624,585.0
947672,600.0
947696,545.0
947872,285.0
948160,435.0
948176,205.0
948248,650.0
948600,500.0
949216,465.0
949408,390.0
949488,550.0
949624,540.0
949840,420.0
950040,885.0
950096,600.0
950624,490.0
950944,350.0
950992,545.0
951072,395.0
951096,330.0
951192,810.0
951376,405.0
951704,620.0
951936,350.0
952272,400.0
952504,365.0
952808,460.0
952840,560.0
952856,530.0
952872,275.0
953016,370.0
953312,750.0
953728,385.0
954488,570.0
954536,475.0
954616,520.0
954808,805.0
955152,515.0
955200,80.0
955201,500.0
955272,555.0
955936,895.0
956192,155.0
956288,540.0
956344,305.0
956488,460.0
956680,545.0
957088,315.0
957112,675.0
957280,575.0
957392,200.0
957680,370.0
957840,350.0
957992,145.0
958192,500.0
958320,330.0
958352,395.0
958376,600.0
958512,125.0
958904,535.0
958960,60.0
959160,495.0
959296,525.0
959864,645.0
959992,525.0
960016,405.0
960312,365.0
960576,600.0
960688,465.0
960776,520.0
960800,495.0
961656,550.0
961672,605.0
961888,580.0
962040,550.0
962144,465.0
962288,480.0
962512,420.0
962760,570.0
963176,475.0
963688,570.0
963712,380.0
963752,685.0
963753,250.0
963784,435.0
963800,600.0
964208,500.0
965032,455.0
965280,355.0
965368,500.0
965472,605.0
965512,425.0
965728,605.0
966016,490.0
966304,685.0
966728,540.0
966816,400.0
966952,535.0
967248,575.0
967544,515.0
967768,570.0
967904,340.0
967960,455.0
968232,550.0
968768,445.0
968992,605.0
969016,485.0
969056,515.0
969616,580.0
969617,375.0
969664,540.0
970024,600.0
970368,415.0
970888,515.0
970968,400.0
971176,575.0
971208,665.0
971288,440.0
971480,590.0
971776,570.0
971928,485.0
972064,345.0
972424,285.0
972464,590.0
972480,555.0
972616,330.0
973120,745.0
973376,515.0
973584,435.0
973824,550.0
974008,520.0
974128,450.0
974704,555.0
974912,495.0
974976,705.0
974977,240.0
975112,410.0
975176,600.0
975336,495.0
975600,620.0
976368,550.0
976664,735.0
976784,495.0
976848,575.0
976849,600.0
977112,705.0
977216,555.0
977376,525.0
978144,270.0
978344,455.0
978384,445.0
978408,415.0
978496,605.0
978712,435.0
978960,510.0
979808,390.0
979840,650.0
979872,480.0
980176,600.0
980296,600.0
980448,575.0
980560,490.0
980848,845.0
981400,470.0
981744,355.0
981920,605.0
982064,550.0
982120,715.0
982240,495.0
982272,555.0
982344,600.0
982896,605.0
983280,380.0
983360,400.0
983704,575.0
983744,510.0
983808,515.0
983848,470.0
984040,300.0
984424,80.0
984648,450.0
984872,1040.0
985320,440.0
985552,155.0
985672,545.0
985824,665.0
985888,600.0
986200,575.0
986416,380.0
986528,585.0
986664,325.0
987056,395.0
987248,775.0
987456,545.0
987512,305.0
988224,285.0
988352,465.0
988360,430.0
988368,690.0
988432,540.0
988640,280.0
989176,830.0
989496,555.0
989792,405.0
989816,470.0
990008,525.0
990072,605.0
990232,800.0
990624,600.0
990632,455.0
991200,490.0
991224,425.0
991272,200.0
991368,475.0
991704,655.0
991728,475.0
991824,325.0
992128,410.0
992360,355.0
992720,340.0
992776,520.0
993304,655.0
993416,670.0
993432,525.0
993944,545.0
994192,515.0
994456,555.0
994536,515.0
994576,800.0
995016,460.0
995264,575.0
995416,555.0
995560,435.0
996336,520.0
996424,575.0
996640,485.0
996752,420.0
997024,875.0
997064,410.0
997080,600.0
997248,805.0
997584,55.0
997888,375.0
997904,540.0
997984,220.0
998456,420.0
998480,490.0
998752,445.0
998816,340.0
999264,570.0
999344,640.0
999360,450.0
