method,task,task_name,phase,iter,frames_total,raw,normalized
constrained,0,"biggrid50-goal(40,31)",task1,10,10240,0.8285714387893677,0.5029585614749827
constrained,0,"biggrid50-goal(40,31)",task1,20,20480,0.8285714387893677,0.5029585614749827
constrained,0,"biggrid50-goal(40,31)",task1,30,30720,0.8285714387893677,0.5029585614749827
constrained,0,"biggrid50-goal(40,31)",task1,40,40960,0.8285714387893677,0.5029585614749827
constrained,0,"biggrid50-goal(40,31)",task1,50,51200,0.8285714387893677,0.5029585614749827
constrained,0,"biggrid50-goal(40,31)",task1,60,61440,0.8285714387893677,0.5029585614749827
constrained,0,"biggrid50-goal(40,31)",task1,70,71680,0.8285714387893677,0.5029585614749827
constrained,0,"biggrid50-goal(40,31)",task1,80,81920,0.8295917510986328,0.5059168637226392
constrained,0,"biggrid50-goal(40,31)",task1,90,92160,0.8540815114974976,0.5769226847586603
constrained,0,"biggrid50-goal(40,31)",task1,100,102400,0.8602040410041809,0.5946743992449918
constrained,0,"biggrid50-goal(40,31)",task1,110,112640,0.8602040410041809,0.5946743992449918
constrained,0,"biggrid50-goal(40,31)",task1,120,122880,0.8642856478691101,0.6065086451449228
constrained,0,"biggrid50-goal(40,31)",task1,130,133120,0.9999998807907104,0.999999654363565
constrained,0,"biggrid50-goal(40,31)",task1,140,143360,0.9397957921028137,0.8254434040211689
constrained,0,"biggrid50-goal(40,31)",task1,150,153600,0.8877549171447754,0.6745556454786348
constrained,0,"biggrid50-goal(40,31)",task1,160,163840,0.8714284896850586,0.6272186618789107
constrained,0,"biggrid50-goal(40,31)",task1,170,174080,0.8775509595870972,0.6449702035470248
constrained,0,"biggrid50-goal(40,31)",task1,180,184320,0.948979377746582,0.8520703708869048
constrained,0,"biggrid50-goal(40,31)",task1,190,194560,0.9306120872497559,0.7988160915189978
constrained,0,"biggrid50-goal(40,31)",task1,200,204800,0.9061223268508911,0.7278102704829768
constrained,1,"biggrid50-goal(9,31)",local,10,215040,0.8561223745346069,0.34009333249496293
constrained,1,"biggrid50-goal(9,31)",local,20,225280,0.9551018476486206,0.7940708987968473
constrained,1,"biggrid50-goal(9,31)",local,30,235520,0.9683672785758972,0.8549138984496527
constrained,1,"biggrid50-goal(9,31)",local,40,245760,0.9999998807907104,0.999999453236702
constrained,1,"biggrid50-goal(9,31)",local,50,256000,0.9999998807907104,0.999999453236702
constrained,1,"biggrid50-goal(9,31)",local,60,266240,0.9724488258361816,0.873634253627091
constrained,1,"biggrid50-goal(9,31)",local,70,276480,0.974489688873291,0.8829948412882836
constrained,1,"biggrid50-goal(9,31)",local,80,286720,0.928571343421936,0.6723865397811306
constrained,1,"biggrid50-goal(9,31)",local,90,296960,0.9520406723022461,0.7800305640683564
constrained,1,"biggrid50-goal(9,31)",local,100,307200,0.951020359992981,0.775350817001058
constrained,1,"biggrid50-goal(9,31)",local,110,317440,0.9999998807907104,0.999999453236702
constrained,1,"biggrid50-goal(9,31)",local,120,327680,0.9999998807907104,0.999999453236702
constrained,1,"biggrid50-goal(9,31)",local,130,337920,0.9255101084709167,0.6583459316709906
constrained,1,"biggrid50-goal(9,31)",local,140,348160,0.9877550005912781,0.943837294177791
constrained,1,"biggrid50-goal(9,31)",local,150,358400,0.9867346882820129,0.9391575471104927
constrained,2,"biggrid50-goal(15,31)",local,10,522240,0.7408163547515869,-0.20189289881018027
constrained,2,"biggrid50-goal(15,31)",local,20,532480,0.7397959232330322,-0.20662486943547756
constrained,2,"biggrid50-goal(15,31)",local,30,542720,0.8183673024177551,0.15772830030766102
constrained,2,"biggrid50-goal(15,31)",local,40,552960,0.9091836214065552,0.5788640119537538
constrained,2,"biggrid50-goal(15,31)",local,50,563200,0.9244896769523621,0.64984163653214
constrained,2,"biggrid50-goal(15,31)",local,60,573440,0.8989795446395874,0.5315454113013942
constrained,2,"biggrid50-goal(15,31)",local,70,583680,0.8714284896850586,0.40378496841990047
constrained,2,"biggrid50-goal(15,31)",local,80,593920,0.8602040410041809,0.3517346735423969
constrained,2,"biggrid50-goal(15,31)",local,90,604160,0.8785713911056519,0.4369082099966749
constrained,2,"biggrid50-goal(15,31)",local,100,614400,0.9061223864555359,0.5646683764780153
constrained,2,"biggrid50-goal(15,31)",local,110,624640,0.9051020741462708,0.5599369586530246
constrained,2,"biggrid50-goal(15,31)",local,120,634880,0.9030612111091614,0.55047301740243
constrained,2,"biggrid50-goal(15,31)",local,130,645120,0.928571343421936,0.6687692426331758
constrained,2,"biggrid50-goal(15,31)",local,140,655360,0.9255101084709167,0.6545736071574373
constrained,2,"biggrid50-goal(15,31)",local,150,665600,0.9265305399894714,0.6593055777827346
constrained,3,"biggrid50-goal(9,24)",local,10,829440,0.8142856359481812,-0.11428525447883828
constrained,3,"biggrid50-goal(9,24)",local,20,839680,0.8183671832084656,-0.08979599135256536
constrained,3,"biggrid50-goal(9,24)",local,30,849920,0.8265305757522583,-0.04081567696216837
constrained,3,"biggrid50-goal(9,24)",local,40,860160,0.851020336151123,0.10612276281603102
constrained,3,"biggrid50-goal(9,24)",local,50,870400,0.9653059244155884,0.7918357201993416
constrained,3,"biggrid50-goal(9,24)",local,60,880640,0.95714271068573,0.7428564786916553
constrained,3,"biggrid50-goal(9,24)",local,70,890880,0.9204080700874329,0.5224488190243562
constrained,3,"biggrid50-goal(9,24)",local,80,901120,0.9377549886703491,0.626530243669545
constrained,3,"biggrid50-goal(9,24)",local,90,911360,0.9102039337158203,0.4612240518846079
constrained,3,"biggrid50-goal(9,24)",local,100,921600,0.9214285016059875,0.5285714030266021
constrained,3,"biggrid50-goal(9,24)",local,110,931840,0.8469387292861938,0.08163314206218786
constrained,3,"biggrid50-goal(9,24)",local,120,942080,0.883673369884491,0.30204080172948694
constrained,3,"biggrid50-goal(9,24)",local,130,952320,0.7969387769699097,-0.2183663214964568
constrained,3,"biggrid50-goal(9,24)",local,140,962560,0.8714284896850586,0.22857158184038723
constrained,3,"biggrid50-goal(9,24)",local,150,972800,0.9142855405807495,0.48571367263845105
constrained,4,"biggrid50-goal(21,17)",local,10,1136640,0.7438775300979614,0.08282572753510836
constrained,4,"biggrid50-goal(21,17)",local,20,1146880,0.7428570985794067,0.07917156343155038
constrained,4,"biggrid50-goal(21,17)",local,30,1157120,0.7428570985794067,0.07917156343155038
constrained,4,"biggrid50-goal(21,17)",local,40,1167360,0.7530611753463745,0.11571235069047053
constrained,4,"biggrid50-goal(21,17)",local,50,1177600,0.745918333530426,0.0901338422980594
constrained,4,"biggrid50-goal(21,17)",local,60,1187840,0.7479591369628906,0.09744195706101046
constrained,4,"biggrid50-goal(21,17)",local,70,1198080,0.7612244486808777,0.14494502318643965
constrained,4,"biggrid50-goal(21,17)",local,80,1208320,0.8285714387893677,0.3861145179171435
constrained,4,"biggrid50-goal(21,17)",local,90,1218560,0.8255101442337036,0.3751520256064696
constrained,4,"biggrid50-goal(21,17)",local,100,1228800,0.7897958755493164,0.24725927020024904
constrained,4,"biggrid50-goal(21,17)",local,110,1239040,0.8051019906997681,0.3020704510886293
constrained,4,"biggrid50-goal(21,17)",local,120,1249280,0.8459182977676392,0.4482336001243099
constrained,4,"biggrid50-goal(21,17)",local,130,1259520,0.8459182977676392,0.4482336001243099
constrained,4,"biggrid50-goal(21,17)",local,140,1269760,0.8408161997795105,0.42996299305068486
constrained,4,"biggrid50-goal(21,17)",local,150,1280000,0.8265305757522583,0.37880618971002755
constrained,4,"biggrid50-goal(21,17)",local,160,1290240,0.8306121826171875,0.39342241923592963
constrained,4,"biggrid50-goal(21,17)",local,170,1300480,0.8479591608047485,0.45554192833142587
constrained,4,"biggrid50-goal(21,17)",local,180,1310720,0.7836734056472778,0.225334712467231
constrained,4,"biggrid50-goal(21,17)",local,190,1320960,0.7918366193771362,0.2545671715190352
constrained,4,"biggrid50-goal(21,17)",local,200,1331200,0.8397958874702454,0.42630925583545676
constrained,4,"biggrid50-goal(21,17)",local,210,1341440,0.8122447729110718,0.3276487460368755
constrained,4,"biggrid50-goal(21,17)",local,220,1351680,0.7928570508956909,0.25822133562259314
constrained,4,"biggrid50-goal(21,17)",local,230,1361920,0.770408034324646,0.17783143289763687
constrained,4,"biggrid50-goal(21,17)",local,240,1372160,0.7632652521133423,0.1522531379493907
constrained,4,"biggrid50-goal(21,17)",local,250,1382400,0.7816326022148132,0.21802659770427993
constrained,5,"biggrid50-goal(27,3)",local,10,1546240,0.7428570985794067,0.09677409899691627
constrained,5,"biggrid50-goal(27,3)",local,20,1556480,0.7520408034324646,0.1290322715718691
constrained,5,"biggrid50-goal(27,3)",local,30,1566720,0.7663264870643616,0.17921137198094536
constrained,5,"biggrid50-goal(27,3)",local,40,1576960,0.7663264870643616,0.17921137198094536
constrained,5,"biggrid50-goal(27,3)",local,50,1587200,0.7816325426101685,0.2329745742112579
constrained,5,"biggrid50-goal(27,3)",local,60,1597440,0.7795917987823486,0.2258063705687854
constrained,5,"biggrid50-goal(27,3)",local,70,1607680,0.7826529741287231,0.23655888539646522
constrained,5,"biggrid50-goal(27,3)",local,80,1617920,0.7806122303009033,0.22939068175399271
constrained,5,"biggrid50-goal(27,3)",local,90,1628160,0.7948978543281555,0.2795695727990979
constrained,5,"biggrid50-goal(27,3)",local,100,1638400,0.837755024433136,0.4301072927542689
constrained,5,"biggrid50-goal(27,3)",local,110,1648640,0.8459182977676392,0.4587811541440144
constrained,5,"biggrid50-goal(27,3)",local,120,1658880,0.8479591608047485,0.46594977651442904
constrained,5,"biggrid50-goal(27,3)",local,130,1669120,0.8173468708992004,0.3584227439618907
constrained,5,"biggrid50-goal(27,3)",local,140,1679360,0.883673369884491,0.5913975275371197
constrained,5,"biggrid50-goal(27,3)",local,150,1689600,0.8448978662490845,0.455196842958807
constrained,5,"biggrid50-goal(27,3)",local,160,1699840,0.8755100965499878,0.5627236661473742
constrained,5,"biggrid50-goal(27,3)",local,170,1710080,0.8999997973442078,0.6487448315886685
constrained,5,"biggrid50-goal(27,3)",local,180,1720320,0.8653060793876648,0.5268816011151563
constrained,5,"biggrid50-goal(27,3)",local,190,1730560,0.896938681602478,0.6379925261249597
constrained,5,"biggrid50-goal(27,3)",local,200,1740800,0.9122447967529297,0.6917559377192434
constrained,5,"biggrid50-goal(27,3)",local,210,1751040,0.8744896650314331,0.5591393549621669
constrained,5,"biggrid50-goal(27,3)",local,220,1761280,0.9173467755317688,0.7096768655533667
constrained,5,"biggrid50-goal(27,3)",local,230,1771520,0.9081630706787109,0.677418692978414
constrained,5,"biggrid50-goal(27,3)",local,240,1781760,0.9999998807907104,0.9999995812720578
constrained,5,"biggrid50-goal(27,3)",local,250,1792000,1.0,1.0
constrained,6,"biggrid50-goal(3,31)",local,10,1955840,0.8602039217948914,0.44979864093480715
constrained,6,"biggrid50-goal(3,31)",local,20,1966080,0.9275509119033813,0.714859048654365
constrained,6,"biggrid50-goal(3,31)",local,30,1976320,0.9204080700874329,0.6867466629195059
constrained,6,"biggrid50-goal(3,31)",local,40,1986560,0.8693876266479492,0.48594333795550937
constrained,6,"biggrid50-goal(3,31)",local,50,1996800,0.8418366312980652,0.37750971607046385
constrained,6,"biggrid50-goal(3,31)",local,60,2007040,0.7336734533309937,-0.048192694772405724
constrained,6,"biggrid50-goal(3,31)",local,70,2017280,0.7081632018089294,-0.14859447454866925
constrained,6,"biggrid50-goal(3,31)",local,80,2027520,0.7234693765640259,-0.08835331284749892
constrained,6,"biggrid50-goal(3,31)",local,90,2037760,0.741836667060852,-0.016064387983155605
constrained,6,"biggrid50-goal(3,31)",local,100,2048000,0.7806121706962585,0.13654600761990465
constrained,6,"biggrid50-goal(3,31)",local,110,2058240,0.8530610799789429,0.421686255199948
constrained,6,"biggrid50-goal(3,31)",local,120,2068480,0.8622447848320007,0.45783095222065023
constrained,6,"biggrid50-goal(3,31)",local,130,2078720,0.8806120753288269,0.5301198770849935
constrained,6,"biggrid50-goal(3,31)",local,140,2088960,0.9071427583694458,0.6345378125041786
constrained,6,"biggrid50-goal(3,31)",local,150,2099200,0.837755024433136,0.36144556267583877
constrained,6,"biggrid50-goal(3,31)",local,160,2109440,0.8499999046325684,0.4096382574482445
constrained,6,"biggrid50-goal(3,31)",local,170,2119680,0.8326529264450073,0.34136501904976163
constrained,6,"biggrid50-goal(3,31)",local,180,2129920,0.7510203719139099,0.0200803090375466
constrained,6,"biggrid50-goal(3,31)",local,190,2140160,0.7367346286773682,-0.0361446970207022
constrained,6,"biggrid50-goal(3,31)",local,200,2150400,0.7377550005912781,-0.03212877596631121
constrained,6,"biggrid50-goal(3,31)",local,210,2160640,0.7326529622077942,-0.052209085003857805
constrained,6,"biggrid50-goal(3,31)",local,220,2170880,0.732653021812439,-0.05220885041532727
constrained,6,"biggrid50-goal(3,31)",local,230,2181120,0.7448979616165161,-0.004015921054390993
constrained,6,"biggrid50-goal(3,31)",local,240,2191360,0.7581632137298584,0.048192694772405724
constrained,6,"biggrid50-goal(3,31)",local,250,2201600,0.8561223149299622,0.43373448754018207
constrained,7,"biggrid50-goal(33,10)",local,10,2365440,0.800000011920929,0.22427457285828062
constrained,7,"biggrid50-goal(33,10)",local,20,2375680,0.7938776016235352,0.20052802472746273
constrained,7,"biggrid50-goal(33,10)",local,30,2385920,0.7989795804023743,0.22031669924437441
constrained,7,"biggrid50-goal(33,10)",local,40,2396160,0.8244897127151489,0.3192609965657586
constrained,7,"biggrid50-goal(33,10)",local,50,2406400,0.803061306476593,0.2361481936999992
constrained,7,"biggrid50-goal(33,10)",local,60,2416640,0.8244897723197937,0.319261227749965
constrained,7,"biggrid50-goal(33,10)",local,70,2426880,0.8540815114974976,0.43403655715856115
constrained,7,"biggrid50-goal(33,10)",local,80,2437120,0.8540816307067871,0.434037019526974
constrained,7,"biggrid50-goal(33,10)",local,90,2447360,0.8959182500839233,0.5963056763814123
constrained,7,"biggrid50-goal(33,10)",local,100,2457600,0.9602039456367493,0.8456459344523419
constrained,7,"biggrid50-goal(33,10)",local,110,2467840,0.9540814161300659,0.8218989239531113
constrained,7,"biggrid50-goal(33,10)",local,120,2478080,0.9316325187683105,0.7348280162892392
constrained,7,"biggrid50-goal(33,10)",local,130,2488320,0.9418366551399231,0.7744060588756818
constrained,7,"biggrid50-goal(33,10)",local,140,2498560,0.911224365234375,0.6556723934847667
constrained,7,"biggrid50-goal(33,10)",local,150,2508800,0.9214285016059875,0.6952504360712094
constrained,7,"biggrid50-goal(33,10)",local,160,2519040,0.9295917749404907,0.7269127314298396
constrained,7,"biggrid50-goal(33,10)",local,170,2529280,0.960204005241394,0.8456461656365484
constrained,7,"biggrid50-goal(33,10)",local,180,2539520,0.8897958993911743,0.5725593594348009
constrained,7,"biggrid50-goal(33,10)",local,190,2549760,0.9499999284744263,0.8060683542343121
constrained,7,"biggrid50-goal(33,10)",local,200,2560000,0.9469386339187622,0.7941947333925935
constrained,8,"biggrid50-goal(27,45)",local,10,2723840,0.8091835975646973,0.4605767542551575
constrained,8,"biggrid50-goal(27,45)",local,20,2734080,0.7979591488838196,0.4288461039449026
constrained,8,"biggrid50-goal(27,45)",local,30,2744320,0.8040816187858582,0.44615385393066453
constrained,8,"biggrid50-goal(27,45)",local,40,2754560,0.8142856359481812,0.4749998230773819
constrained,8,"biggrid50-goal(27,45)",local,50,2764800,0.8071428537368774,0.4548077289235455
constrained,8,"biggrid50-goal(27,45)",local,60,2775040,0.8071428537368774,0.4548077289235455
constrained,8,"biggrid50-goal(27,45)",local,70,2785280,0.8061224222183228,0.451923047760008
constrained,8,"biggrid50-goal(27,45)",local,80,2795520,0.8010204434394836,0.4375001474355151
constrained,8,"biggrid50-goal(27,45)",local,90,2805760,0.7897958755493164,0.4057691601297972
constrained,8,"biggrid50-goal(27,45)",local,100,2816000,0.7999999523162842,0.43461529777424607
constrained,8,"biggrid50-goal(27,45)",local,110,2826240,0.810204029083252,0.46346143541869494
constrained,8,"biggrid50-goal(27,45)",local,120,2836480,0.800000011920929,0.43461546627197756
constrained,8,"biggrid50-goal(27,45)",local,130,2846720,0.7979591488838196,0.4288461039449026
constrained,8,"biggrid50-goal(27,45)",local,140,2856960,0.7979591488838196,0.4288461039449026
constrained,8,"biggrid50-goal(27,45)",local,150,2867200,0.7846938371658325,0.39134609130757275
constrained,8,"biggrid50-goal(27,45)",local,160,2877440,0.8020408749580383,0.4403848285990526
constrained,8,"biggrid50-goal(27,45)",local,170,2887680,0.7948979139328003,0.42019222895202163
constrained,8,"biggrid50-goal(27,45)",local,180,2897920,0.8030611872673035,0.443269172767127
constrained,8,"biggrid50-goal(27,45)",local,190,2908160,0.8020407557487488,0.44038449160358956
constrained,8,"biggrid50-goal(27,45)",local,200,2918400,0.800000011920929,0.43461546627197756
constrained,8,"biggrid50-goal(27,45)",local,210,2928640,0.7999999523162842,0.43461529777424607
constrained,8,"biggrid50-goal(27,45)",local,220,2938880,0.7979591488838196,0.4288461039449026
constrained,8,"biggrid50-goal(27,45)",local,230,2949120,0.7969387769699097,0.4259615912790966
constrained,8,"biggrid50-goal(27,45)",local,240,2959360,0.7938775420188904,0.41730771628621566
constrained,8,"biggrid50-goal(27,45)",local,250,2969600,0.7938775420188904,0.41730771628621566
constrained,9,"biggrid50-goal(21,45)",local,10,3133440,0.9785712957382202,0.9275857672397072
constrained,9,"biggrid50-goal(21,45)",local,20,3143680,0.9734691381454468,0.9103439955026369
constrained,9,"biggrid50-goal(21,45)",local,30,3153920,0.984693706035614,0.9482752890564904
constrained,9,"biggrid50-goal(21,45)",local,40,3164160,0.9765304327011108,0.920689058544879
constrained,9,"biggrid50-goal(21,45)",local,50,3174400,0.9867345690727234,0.9551719977513184
constrained,9,"biggrid50-goal(21,45)",local,60,3184640,0.9173467755317688,0.7206891391139059
constrained,9,"biggrid50-goal(21,45)",local,70,3194880,0.9306120872497559,0.7655167385174534
constrained,9,"biggrid50-goal(21,45)",local,80,3205120,0.9091835021972656,0.6931029086022946
constrained,9,"biggrid50-goal(21,45)",local,90,3215360,0.9224488139152527,0.737930508005842
constrained,9,"biggrid50-goal(21,45)",local,100,3225600,0.9142855405807495,0.7103442774942308
constrained,9,"biggrid50-goal(21,45)",local,110,3235840,0.8816325068473816,0.5999995568703526
constrained,9,"biggrid50-goal(21,45)",local,120,3246080,0.7785714268684387,0.25172422752934875
constrained,9,"biggrid50-goal(21,45)",local,130,3256320,0.7755101919174194,0.24137936590967365
constrained,9,"biggrid50-goal(21,45)",local,140,3266560,0.741836667060852,0.12758608951581438
constrained,9,"biggrid50-goal(21,45)",local,150,3276800,0.7357142567634583,0.10689656769903118
constrained,9,"biggrid50-goal(21,45)",local,160,3287040,0.7377550601959229,0.11379307497129225
constrained,9,"biggrid50-goal(21,45)",local,170,3297280,0.7714285850524902,0.2275863513651515
constrained,9,"biggrid50-goal(21,45)",local,180,3307520,0.8520407676696777,0.49999989928871647
constrained,9,"biggrid50-goal(21,45)",local,190,3317760,0.9316326379776001,0.7689654957100015
constrained,9,"biggrid50-goal(21,45)",local,200,3328000,0.9071428179740906,0.6862068041751676
constrained,9,"biggrid50-goal(21,45)",local,210,3338240,0.9377549886703491,0.7896548161042176
constrained,9,"biggrid50-goal(21,45)",local,220,3348480,0.9316325187683105,0.7689650928648674
constrained,9,"biggrid50-goal(21,45)",local,230,3358720,0.9204080700874329,0.731034202156148
constrained,9,"biggrid50-goal(21,45)",local,240,3368960,0.9418366551399231,0.8034480320713068
constrained,9,"biggrid50-goal(21,45)",local,250,3379200,0.9030610918998718,0.6724133867855113
constrained,10,"biggrid50-goal(33,3)",local,10,3543040,0.7989795207977295,0.23741883667483388
constrained,10,"biggrid50-goal(33,3)",local,20,3553280,0.8622447848320007,0.4774187552740899
constrained,10,"biggrid50-goal(33,3)",local,30,3563520,0.9867345690727234,0.94967692949158
constrained,10,"biggrid50-goal(33,3)",local,40,3573760,0.9806121587753296,0.926451262208981
constrained,10,"biggrid50-goal(33,3)",local,50,3584000,0.9540815353393555,0.8258060256448522
constrained,10,"biggrid50-goal(33,3)",local,60,3594240,0.961224377155304,0.8529027505311398
constrained,10,"biggrid50-goal(33,3)",local,70,3604480,0.9704080820083618,0.887741590624805
constrained,10,"biggrid50-goal(33,3)",local,80,3614720,0.9989795684814453,0.9961289423963113
constrained,10,"biggrid50-goal(33,3)",local,90,3624960,0.9295917749404907,0.7329029042881008
constrained,10,"biggrid50-goal(33,3)",local,100,3635200,0.9030610918998718,0.6322574416107941
constrained,10,"biggrid50-goal(33,3)",local,110,3645440,0.9122447967529297,0.6670962817044592
constrained,10,"biggrid50-goal(33,3)",local,120,3655680,0.9530611038208008,0.8219349680411635
constrained,10,"biggrid50-goal(33,3)",local,130,3665920,0.9836733937263489,0.9380642089068694
constrained,10,"biggrid50-goal(33,3)",local,140,3676160,0.9816325306892395,0.9303220936994919
constrained,10,"biggrid50-goal(33,3)",local,150,3686400,0.974489688873291,0.9032253688132043
constrained,11,"biggrid50-goal(21,24)",local,10,3850240,0.9173468351364136,0.5976816407813974
constrained,11,"biggrid50-goal(21,24)",local,20,3860480,0.8867346048355103,0.44867509896284846
constrained,11,"biggrid50-goal(21,24)",local,30,3870720,0.883673369884491,0.4337743867552835
constrained,11,"biggrid50-goal(21,24)",local,40,3880960,0.8908162117004395,0.46854252182056827
constrained,11,"biggrid50-goal(21,24)",local,50,3891200,0.8908162117004395,0.46854252182056827
constrained,11,"biggrid50-goal(21,24)",local,60,3901440,0.9051018953323364,0.5380787919511377
constrained,11,"biggrid50-goal(21,24)",local,70,3911680,0.9295918345451355,0.6572847797402073
constrained,11,"biggrid50-goal(21,24)",local,80,3921920,0.8959182500839233,0.49337694545699307
constrained,11,"biggrid50-goal(21,24)",local,90,3932160,0.9714285135269165,0.8609268794817608
constrained,11,"biggrid50-goal(21,24)",local,100,3942400,0.9683672189712524,0.8460258771456457
constrained,11,"biggrid50-goal(21,24)",local,110,3952640,0.9816325902938843,0.9105957267546104
constrained,11,"biggrid50-goal(21,24)",local,120,3962880,0.9816325902938843,0.9105957267546104
constrained,11,"biggrid50-goal(21,24)",local,130,3973120,0.9897958636283875,0.9503308625986002
constrained,11,"biggrid50-goal(21,24)",local,140,3983360,0.9704079627990723,0.8559592984459554
constrained,11,"biggrid50-goal(21,24)",local,150,3993600,0.9714285135269165,0.8609268794817608
constrained,12,"biggrid50-goal(21,3)",local,10,4157440,0.7551019787788391,0.210526133755902
constrained,12,"biggrid50-goal(21,3)",local,20,4167680,0.8673468828201294,0.5723682503961581
constrained,12,"biggrid50-goal(21,3)",local,30,4177920,0.9051019549369812,0.6940786774783686
constrained,12,"biggrid50-goal(21,3)",local,40,4188160,0.9673468470573425,0.8947365488289533
constrained,12,"biggrid50-goal(21,3)",local,50,4198400,0.9418366551399231,0.8124997478076559
constrained,12,"biggrid50-goal(21,3)",local,60,4208640,0.8928570747375488,0.6546050514174555
constrained,12,"biggrid50-goal(21,3)",local,70,4218880,0.8704081773757935,0.5822368970945713
constrained,12,"biggrid50-goal(21,3)",local,80,4229120,0.795918345451355,0.3421052075365256
constrained,12,"biggrid50-goal(21,3)",local,90,4239360,0.7867347002029419,0.3125000360274777
constrained,12,"biggrid50-goal(21,3)",local,100,4249600,0.8020407557487488,0.3618419244937083
constrained,12,"biggrid50-goal(21,3)",local,110,4259840,0.8051019906997681,0.3717103790455735
constrained,12,"biggrid50-goal(21,3)",local,120,4270080,0.8418366312980652,0.49013125722831297
constrained,12,"biggrid50-goal(21,3)",local,130,4280320,0.8540815114974976,0.5296048832892261
constrained,12,"biggrid50-goal(21,3)",local,140,4290560,0.9397957921028137,0.8059206500087138
constrained,12,"biggrid50-goal(21,3)",local,150,4300800,0.8765305280685425,0.6019734219052061
constrained,12,"biggrid50-goal(21,3)",local,160,4311040,0.8622447848320007,0.5559206980453508
constrained,12,"biggrid50-goal(21,3)",local,170,4321280,0.9163264036178589,0.7302627546398107
constrained,12,"biggrid50-goal(21,3)",local,180,4331520,0.9499998092651367,0.8388151782706849
constrained,12,"biggrid50-goal(21,3)",local,190,4341760,0.9499998092651367,0.8388151782706849
constrained,12,"biggrid50-goal(21,3)",local,200,4352000,0.9479590654373169,0.8322364647648386
constrained,12,"biggrid50-goal(21,3)",local,210,4362240,0.9459182024002075,0.8256573669658965
constrained,12,"biggrid50-goal(21,3)",local,220,4372480,0.9581630825996399,0.8651309930268096
constrained,12,"biggrid50-goal(21,3)",local,230,4382720,0.9163264036178589,0.7302627546398107
constrained,12,"biggrid50-goal(21,3)",local,240,4392960,0.9132651090621948,0.7203941079413976
constrained,12,"biggrid50-goal(21,3)",local,250,4403200,0.9295916557312012,0.773025737453647
constrained,13,"biggrid50-goal(3,17)",local,10,4567040,0.7448979616165161,0.0026597901436296
constrained,13,"biggrid50-goal(3,17)",local,20,4577280,0.8887753486633301,0.5651590328001946
constrained,13,"biggrid50-goal(3,17)",local,30,4587520,0.9306122064590454,0.7287233100522078
constrained,13,"biggrid50-goal(3,17)",local,40,4597760,0.9214285016059875,0.6928189394581988
constrained,13,"biggrid50-goal(3,17)",local,50,4608000,0.9448978304862976,0.7845740094646957
constrained,13,"biggrid50-goal(3,17)",local,60,4618240,0.984693706035614,0.94015891628582
constrained,13,"biggrid50-goal(3,17)",local,70,4628480,0.911224365234375,0.6529251166774948
constrained,13,"biggrid50-goal(3,17)",local,80,4638720,0.921428382396698,0.6928184734007004
constrained,13,"biggrid50-goal(3,17)",local,90,4648960,0.9142855405807495,0.6648930071800818
constrained,13,"biggrid50-goal(3,17)",local,100,4659200,0.9224489331245422,0.696808391644894
constrained,13,"biggrid50-goal(3,17)",local,110,4669440,0.9367345571517944,0.7526590910573819
constrained,13,"biggrid50-goal(3,17)",local,120,4679680,0.9244896769523621,0.7047868299607859
constrained,13,"biggrid50-goal(3,17)",local,130,4689920,0.9183672070503235,0.6808505828981133
constrained,13,"biggrid50-goal(3,17)",local,140,4700160,0.8897957801818848,0.5691484849868899
constrained,13,"biggrid50-goal(3,17)",local,150,4710400,0.8683671951293945,0.48537185329628485
constrained,14,"biggrid50-goal(15,45)",local,10,4874240,0.9153059720993042,0.6478070135215556
constrained,14,"biggrid50-goal(15,45)",local,20,4884480,0.8857143521308899,0.5247527525572429
constrained,14,"biggrid50-goal(15,45)",local,30,4894720,0.9306120872497559,0.7114562050860561
constrained,14,"biggrid50-goal(15,45)",local,40,4904960,0.9306122064590454,0.7114567008078531
constrained,14,"biggrid50-goal(15,45)",local,50,4915200,0.9336735010147095,0.7241868365538313
constrained,14,"biggrid50-goal(15,45)",local,60,4925440,0.9448978304862976,0.7708622659294623
constrained,14,"biggrid50-goal(15,45)",local,70,4935680,0.911224365234375,0.6308339949153815
constrained,14,"biggrid50-goal(15,45)",local,80,4945920,0.9102040529251099,0.6265911120551857
constrained,14,"biggrid50-goal(15,45)",local,90,4956160,0.9102040529251099,0.6265911120551857
constrained,14,"biggrid50-goal(15,45)",local,100,4966400,0.9102040529251099,0.6265911120551857
constrained,14,"biggrid50-goal(15,45)",local,110,4976640,0.9459182620048523,0.775105644511455
constrained,14,"biggrid50-goal(15,45)",local,120,4986880,0.9418365359306335,0.758132130183484
constrained,14,"biggrid50-goal(15,45)",local,130,4997120,0.9408162236213684,0.7538892473232882
constrained,14,"biggrid50-goal(15,45)",local,140,5007360,0.8979590535163879,0.5756713126539681
constrained,14,"biggrid50-goal(15,45)",local,150,5017600,0.9244896769523621,0.6859966771767949
constrained,15,"biggrid50-goal(3,24)",local,10,5181440,0.9326528310775757,0.6055766030656795
constrained,15,"biggrid50-goal(3,24)",local,20,5191680,0.9346936941146851,0.6175290599343801
constrained,15,"biggrid50-goal(3,24)",local,30,5201920,0.9489794969558716,0.70119486170023
constrained,15,"biggrid50-goal(3,24)",local,40,5212160,0.9520405530929565,0.7191221506882263
constrained,15,"biggrid50-goal(3,24)",local,50,5222400,0.9622446894645691,0.7788833877954384
constrained,15,"biggrid50-goal(3,24)",local,60,5232640,0.9561222791671753,0.7430270644256275
constrained,15,"biggrid50-goal(3,24)",local,70,5242880,0.9316325187683105,0.5996010727888565
constrained,15,"biggrid50-goal(3,24)",local,80,5253120,0.9193876385688782,0.5278880769704711
constrained,15,"biggrid50-goal(3,24)",local,90,5263360,0.8897958993911743,0.3545819903982395
constrained,15,"biggrid50-goal(3,24)",local,100,5273600,0.8887753486633301,0.3486050638063618
constrained,15,"biggrid50-goal(3,24)",local,110,5283840,0.8061223030090332,-0.13545826885557669
constrained,15,"biggrid50-goal(3,24)",local,120,5294080,0.7765305042266846,-0.30876470450657195
constrained,15,"biggrid50-goal(3,24)",local,130,5304320,0.8051019906997681,-0.14143379913239965
constrained,15,"biggrid50-goal(3,24)",local,140,5314560,0.8071428537368774,-0.12948134226369898
constrained,15,"biggrid50-goal(3,24)",local,150,5324800,0.8020407557487488,-0.15936213535668695
constrained,15,"biggrid50-goal(3,24)",local,160,5335040,0.7214285135269165,-0.6314733602286885
constrained,15,"biggrid50-goal(3,24)",local,170,5345280,0.7193876504898071,-0.6434258170973891
constrained,15,"biggrid50-goal(3,24)",local,180,5355520,0.7091836333274841,-0.703186356047074
constrained,15,"biggrid50-goal(3,24)",local,190,5365760,0.7091836333274841,-0.703186356047074
constrained,15,"biggrid50-goal(3,24)",local,200,5376000,0.7020407319068909,-0.7450192569299989
constrained,15,"biggrid50-goal(3,24)",local,210,5386240,0.7061223387718201,-0.7211150413501249
constrained,15,"biggrid50-goal(3,24)",local,220,5396480,0.7357141971588135,-0.547808256620366
constrained,15,"biggrid50-goal(3,24)",local,230,5406720,0.7306121587753296,-0.5776887006345903
constrained,15,"biggrid50-goal(3,24)",local,240,5416960,0.8091835975646973,-0.11752958355252571
constrained,15,"biggrid50-goal(3,24)",local,250,5427200,0.8551019430160522,0.15139441257549266
constrained,16,"biggrid50-goal(3,10)",local,10,5591040,0.699999988079071,0.058697885029130224
constrained,16,"biggrid50-goal(3,10)",local,20,5601280,0.6948979496955872,0.04268935392846563
constrained,16,"biggrid50-goal(3,10)",local,30,5611520,0.7316325902938843,0.15795066564129878
constrained,16,"biggrid50-goal(3,10)",local,40,5621760,0.7306122183799744,0.1547490716331178
constrained,16,"biggrid50-goal(3,10)",local,50,5632000,0.7285714149475098,0.1483456965968359
constrained,16,"biggrid50-goal(3,10)",local,60,5642240,0.718367338180542,0.11632863439550674
constrained,16,"biggrid50-goal(3,10)",local,70,5652480,0.7387754321098328,0.18036257177824525
constrained,16,"biggrid50-goal(3,10)",local,80,5662720,0.6918367147445679,0.0330841978640829
constrained,16,"biggrid50-goal(3,10)",local,90,5672960,0.7112244367599487,0.0939165412386404
constrained,16,"biggrid50-goal(3,10)",local,100,5683200,0.7091836333274841,0.08751316620235855
constrained,16,"biggrid50-goal(3,10)",local,110,5693440,0.710204005241394,0.09071476021053955
constrained,16,"biggrid50-goal(3,10)",local,120,5703680,0.7020407915115356,0.06510126006541209
constrained,16,"biggrid50-goal(3,10)",local,130,5713920,0.7479591369628906,0.20917803997139342
constrained,16,"biggrid50-goal(3,10)",local,140,5724160,0.7418367266654968,0.18996791486254783
constrained,16,"biggrid50-goal(3,10)",local,150,5734400,0.7357141971588135,0.17075741571386252
constrained,16,"biggrid50-goal(3,10)",local,160,5744640,0.7255101203918457,0.13874035351253333
constrained,16,"biggrid50-goal(3,10)",local,170,5754880,0.7163264155387878,0.10992488531938514
constrained,16,"biggrid50-goal(3,10)",local,180,5765120,0.7275509238243103,0.1451437285488152
constrained,16,"biggrid50-goal(3,10)",local,190,5775360,0.7244898080825806,0.1355389465242722
constrained,16,"biggrid50-goal(3,10)",local,200,5785600,0.7499998807907104,0.21558122798775542
constrained,16,"biggrid50-goal(3,10)",local,210,5795840,0.7244898080825806,0.1355389465242722
constrained,16,"biggrid50-goal(3,10)",local,220,5806080,0.7020407915115356,0.06510126006541209
constrained,16,"biggrid50-goal(3,10)",local,230,5816320,0.6653060913085938,-0.050160238667340935
constrained,16,"biggrid50-goal(3,10)",local,240,5826560,0.6663265228271484,-0.04695845763924007
constrained,16,"biggrid50-goal(3,10)",local,250,5836800,0.6673468947410583,-0.04375686363105907
constrained,17,"biggrid50-goal(46,31)",local,10,6000640,0.8163264393806458,0.4327727936896769
constrained,17,"biggrid50-goal(46,31)",local,20,6010880,0.8408163189888,0.5084033087522011
constrained,17,"biggrid50-goal(46,31)",local,30,6021120,0.8877550363540649,0.6533611210203839
constrained,17,"biggrid50-goal(46,31)",local,40,6031360,0.9061223864555359,0.7100838232440984
constrained,17,"biggrid50-goal(46,31)",local,50,6041600,0.8795917630195618,0.6281510106906021
constrained,17,"biggrid50-goal(46,31)",local,60,6051840,0.8704081773757935,0.5997899356885128
constrained,17,"biggrid50-goal(46,31)",local,70,6062080,0.8459182977676392,0.5241594206259887
constrained,17,"biggrid50-goal(46,31)",local,80,6072320,0.8438774943351746,0.5178569390618379
constrained,17,"biggrid50-goal(46,31)",local,90,6082560,0.8357142210006714,0.49264682873205606
constrained,17,"biggrid50-goal(46,31)",local,100,6092800,0.7928571105003357,0.36029397959217485
constrained,17,"biggrid50-goal(46,31)",local,110,6103040,0.8397958874702454,0.5052519759335363
constrained,17,"biggrid50-goal(46,31)",local,120,6113280,0.8561223745346069,0.5556720125199213
constrained,17,"biggrid50-goal(46,31)",local,130,6123520,0.8428570628166199,0.5147056062431732
constrained,17,"biggrid50-goal(46,31)",local,140,6133760,0.8642856478691101,0.5808821228497032
constrained,17,"biggrid50-goal(46,31)",local,150,6144000,0.8673468828201294,0.5903359372325186
constrained,17,"biggrid50-goal(46,31)",local,160,6154240,0.8724489212036133,0.606092233179485
constrained,17,"biggrid50-goal(46,31)",local,170,6164480,0.8540816307067871,0.5493697150289492
constrained,17,"biggrid50-goal(46,31)",local,180,6174720,0.8561223745346069,0.5556720125199213
constrained,17,"biggrid50-goal(46,31)",local,190,6184960,0.8897958993911743,0.6596637866577133
constrained,17,"biggrid50-goal(46,31)",local,200,6195200,0.8693877458572388,0.5966386028698482
constrained,17,"biggrid50-goal(46,31)",local,210,6205440,0.8428570628166199,0.5147056062431732
constrained,17,"biggrid50-goal(46,31)",local,220,6215680,0.8693877458572388,0.5966386028698482
constrained,17,"biggrid50-goal(46,31)",local,230,6225920,0.8632652163505554,0.5777307900310384
constrained,17,"biggrid50-goal(46,31)",local,240,6236160,0.8663265109062195,0.5871847884870326
constrained,17,"biggrid50-goal(46,31)",local,250,6246400,0.8816325068473816,0.6344533081815742
constrained,18,"biggrid50-goal(46,24)",local,10,6410240,0.7275510430335999,0.09593670082417094
constrained,18,"biggrid50-goal(46,24)",local,20,6420480,0.732653021812439,0.11286652070118809
constrained,18,"biggrid50-goal(46,24)",local,30,6430720,0.7989795207977295,0.3329567503100283
constrained,18,"biggrid50-goal(46,24)",local,40,6440960,0.851020336151123,0.5056430095787373
constrained,18,"biggrid50-goal(46,24)",local,50,6451200,0.861224353313446,0.5395028471179729
constrained,18,"biggrid50-goal(46,24)",local,60,6461440,0.827551007270813,0.42776508656069334
constrained,18,"biggrid50-goal(46,24)",local,70,6471680,0.7918366193771362,0.30925456735476137
constrained,18,"biggrid50-goal(46,24)",local,80,6481920,0.8122447729110718,0.3769746380036353
constrained,18,"biggrid50-goal(46,24)",local,90,6492160,0.8418366312980652,0.47516885911562323
constrained,18,"biggrid50-goal(46,24)",local,100,6502400,0.8561223745346069,0.5225730272409558
constrained,18,"biggrid50-goal(46,24)",local,110,6512640,0.8918365240097046,0.6410827553060825
constrained,18,"biggrid50-goal(46,24)",local,120,6522880,0.9244896769523621,0.7494352243576431
constrained,18,"biggrid50-goal(46,24)",local,130,6533120,0.9204080700874329,0.7358912893419488
constrained,18,"biggrid50-goal(46,24)",local,140,6543360,0.9061223864555359,0.6884873190018177
constrained,18,"biggrid50-goal(46,24)",local,150,6553600,0.911224365234375,0.7054171388788348
constrained,19,"biggrid50-goal(3,45)",local,10,6717440,0.883673369884491,0.6579997641301546
constrained,19,"biggrid50-goal(3,45)",local,20,6727680,0.8897957801818848,0.6759996474218952
constrained,19,"biggrid50-goal(3,45)",local,30,6737920,0.8602039217948914,0.5889995981801222
constrained,19,"biggrid50-goal(3,45)",local,40,6748160,0.8836733102798462,0.657999588892528
constrained,19,"biggrid50-goal(3,45)",local,50,6758400,0.8826529383659363,0.6549996959627179
constrained,19,"biggrid50-goal(3,45)",local,60,6768640,0.8887753486633301,0.6729995792544585
constrained,19,"biggrid50-goal(3,45)",local,70,6778880,0.8908162117004395,0.678999715589332
constrained,19,"biggrid50-goal(3,45)",local,80,6789120,0.8795917630195618,0.6459998419356608
constrained,19,"biggrid50-goal(3,45)",local,90,6799360,0.8765304684638977,0.6369996374333505
constrained,19,"biggrid50-goal(3,45)",local,100,6809600,0.8744896650314331,0.6309996763361037
constrained,19,"biggrid50-goal(3,45)",local,110,6819840,0.8857141733169556,0.6639997252274015
constrained,19,"biggrid50-goal(3,45)",local,120,6830080,0.8979590535163879,0.6999996670485095
constrained,19,"biggrid50-goal(3,45)",local,130,6840320,0.8928569555282593,0.6849995014489523
constrained,19,"biggrid50-goal(3,45)",local,140,6850560,0.9040814638137817,0.7179995503402501
constrained,19,"biggrid50-goal(3,45)",local,150,6860800,0.9061222076416016,0.7239993361998704
constrained,20,"biggrid50-goal(21,10)",local,10,7024640,0.7795918583869934,0.21927719746433227
constrained,20,"biggrid50-goal(21,10)",local,20,7034880,0.7551020383834839,0.13253012556939042
constrained,20,"biggrid50-goal(21,10)",local,30,7045120,0.7561224699020386,0.13614466607198467
constrained,20,"biggrid50-goal(21,10)",local,40,7055360,0.7867346405982971,0.24457813646368307
constrained,20,"biggrid50-goal(21,10)",local,50,7065600,0.7520408034324646,0.1216867151913099
constrained,20,"biggrid50-goal(21,10)",local,60,7075840,0.7795917987823486,0.21927698633463003
constrained,20,"biggrid50-goal(21,10)",local,70,7086080,0.7724488973617554,0.19397562507587474
constrained,20,"biggrid50-goal(21,10)",local,80,7096320,0.760204017162323,0.15060219469325492
constrained,20,"biggrid50-goal(21,10)",local,90,7106560,0.7908163070678711,0.25903608734435785
constrained,20,"biggrid50-goal(21,10)",local,100,7116800,0.7806121706962585,0.22289131570752202
constrained,20,"biggrid50-goal(21,10)",local,110,7127040,0.7622449398040771,0.1578314868281457
constrained,20,"biggrid50-goal(21,10)",local,120,7137280,0.7428572177886963,0.08915690631647287
constrained,20,"biggrid50-goal(21,10)",local,130,7147520,0.721428632736206,0.013253244799611522
constrained,20,"biggrid50-goal(21,10)",local,140,7157760,0.7173470258712769,-0.001204494951360995
constrained,20,"biggrid50-goal(21,10)",local,150,7168000,0.7183673977851868,0.002409834421531007
constrained,20,"biggrid50-goal(21,10)",local,160,7178240,0.7530612349510193,0.12530125569390416
constrained,20,"biggrid50-goal(21,10)",local,170,7188480,0.7428571581840515,0.08915669518677061
constrained,20,"biggrid50-goal(21,10)",local,180,7198720,0.8234694600105286,0.3746990610006492
constrained,20,"biggrid50-goal(21,10)",local,190,7208960,0.8234694600105286,0.3746990610006492
constrained,20,"biggrid50-goal(21,10)",local,200,7219200,0.7816326022148132,0.2265058562101163
constrained,20,"biggrid50-goal(21,10)",local,210,7229440,0.760204017162323,0.15060219469325492
constrained,20,"biggrid50-goal(21,10)",local,220,7239680,0.8020407557487488,0.29879497722438336
constrained,20,"biggrid50-goal(21,10)",local,230,7249920,0.8091837167739868,0.3240965496128409
constrained,20,"biggrid50-goal(21,10)",local,240,7260160,0.7683674097061157,0.17951830758430673
constrained,20,"biggrid50-goal(21,10)",local,250,7270400,0.7571429014205933,0.13975920657457894
constrained,21,"biggrid50-goal(40,3)",local,10,7434240,0.7448979020118713,0.38574920202994395
constrained,21,"biggrid50-goal(40,3)",local,20,7444480,0.7642856240272522,0.4324321725452374
constrained,21,"biggrid50-goal(40,3)",local,30,7454720,0.756122350692749,0.41277613208413705
constrained,21,"biggrid50-goal(40,3)",local,40,7464960,0.7551020383834839,0.41031936024616517
constrained,21,"biggrid50-goal(40,3)",local,50,7475200,0.7530611753463745,0.40540524249104437
constrained,21,"biggrid50-goal(40,3)",local,60,7485440,0.8346937298774719,0.6019652165426655
constrained,21,"biggrid50-goal(40,3)",local,70,7495680,0.9040814638137817,0.7690413451823276
constrained,21,"biggrid50-goal(40,3)",local,80,7505920,0.8989794850349426,0.7567564813539084
constrained,21,"biggrid50-goal(40,3)",local,90,7516160,0.9744895696640015,0.9385743891797557
constrained,21,"biggrid50-goal(40,3)",local,100,7526400,0.9357141256332397,0.8452084481491687
constrained,21,"biggrid50-goal(40,3)",local,110,7536640,0.9765304327011108,0.9434885069348764
constrained,21,"biggrid50-goal(40,3)",local,120,7546880,0.9775508642196655,0.9459455658124368
constrained,21,"biggrid50-goal(40,3)",local,130,7557120,0.9244896769523621,0.8181815180949756
constrained,21,"biggrid50-goal(40,3)",local,140,7567360,0.9459182024002075,0.8697784628455957
constrained,21,"biggrid50-goal(40,3)",local,150,7577600,0.9806120991706848,0.9533165989253238
constrained,21,"biggrid50-goal(40,3)",local,160,7587840,0.9999998807907104,0.9999997129604115
constrained,21,"biggrid50-goal(40,3)",local,170,7598080,0.9999998807907104,0.9999997129604115
constrained,21,"biggrid50-goal(40,3)",local,180,7608320,0.9999998807907104,0.9999997129604115
constrained,21,"biggrid50-goal(40,3)",local,190,7618560,0.9510202407836914,0.8820634701938092
constrained,21,"biggrid50-goal(40,3)",local,200,7628800,0.9438773393630981,0.8648643450904748
constrained,22,"biggrid50-goal(15,38)",local,10,7792640,0.9489795565605164,0.6981888815393272
constrained,22,"biggrid50-goal(15,38)",local,20,7802880,0.9387754201889038,0.6378263757744659
constrained,22,"biggrid50-goal(15,38)",local,30,7813120,0.9724489450454712,0.8370219043576005
constrained,22,"biggrid50-goal(15,38)",local,40,7823360,0.9857142567634583,0.9154927740019209
constrained,22,"biggrid50-goal(15,38)",local,50,7833600,0.9367345571517944,0.6257536630669486
constrained,22,"biggrid50-goal(15,38)",local,60,7843840,0.9448978304862976,0.6740434561242925
constrained,22,"biggrid50-goal(15,38)",local,70,7854080,0.9591835737228394,0.7585506821223716
constrained,22,"biggrid50-goal(15,38)",local,80,7864320,0.9448978304862976,0.6740434561242925
constrained,22,"biggrid50-goal(15,38)",local,90,7874560,0.9346938133239746,0.6136816555412482
constrained,22,"biggrid50-goal(15,38)",local,100,7884800,0.9999998807907104,0.999999294818183
constrained,22,"biggrid50-goal(15,38)",local,110,7895040,0.9336733818054199,0.6076452991874896
constrained,22,"biggrid50-goal(15,38)",local,120,7905280,0.9224489331245422,0.5412471422506865
constrained,22,"biggrid50-goal(15,38)",local,130,7915520,0.9183672666549683,0.5171020694265602
constrained,22,"biggrid50-goal(15,38)",local,140,7925760,0.8683673143386841,0.22132765991055472
constrained,22,"biggrid50-goal(15,38)",local,150,7936000,0.9275509119033813,0.5714278662467543
constrained,23,"biggrid50-goal(40,45)",local,10,8099840,0.7948979139328003,0.548990135573929
constrained,23,"biggrid50-goal(40,45)",local,20,8110080,0.8857141733169556,0.7486908291061778
constrained,23,"biggrid50-goal(40,45)",local,30,8120320,0.9030610918998718,0.7868358891994613
constrained,23,"biggrid50-goal(40,45)",local,40,8130560,0.8989795446395874,0.7778607582692652
constrained,23,"biggrid50-goal(40,45)",local,50,8140800,0.9173468351364136,0.8182495683281434
constrained,23,"biggrid50-goal(40,45)",local,60,8151040,0.8469387292861938,0.6634254469215971
constrained,23,"biggrid50-goal(40,45)",local,70,8161280,0.8877550363540649,0.7531785911730019
constrained,23,"biggrid50-goal(40,45)",local,80,8171520,0.911224365234375,0.8047865442633058
constrained,23,"biggrid50-goal(40,45)",local,90,8181760,0.9040815234184265,0.7890797702328735
constrained,23,"biggrid50-goal(40,45)",local,100,8192000,0.8948978185653687,0.7688852341356169
constrained,23,"biggrid50-goal(40,45)",local,110,8202240,0.9510204195976257,0.8922962006847507
constrained,23,"biggrid50-goal(40,45)",local,120,8212480,0.928571343421936,0.8429317354244068
constrained,23,"biggrid50-goal(40,45)",local,130,8222720,0.9030610918998718,0.7868358891994613
constrained,23,"biggrid50-goal(40,45)",local,140,8232960,0.8959182500839233,0.771129115169029
constrained,23,"biggrid50-goal(40,45)",local,150,8243200,0.8581631779670715,0.688107482950043
constrained,24,"biggrid50-goal(15,17)",local,10,8407040,0.9836734533309937,0.9211821781266546
constrained,24,"biggrid50-goal(15,17)",local,20,8417280,0.9755101203918457,0.881772979443383
constrained,24,"biggrid50-goal(15,17)",local,30,8427520,0.9785712957382202,0.8965510692663613
constrained,24,"biggrid50-goal(15,17)",local,40,8437760,0.95714271068573,0.7931027140259203
constrained,24,"biggrid50-goal(15,17)",local,50,8448000,0.9357141256332397,0.6896543587854792
constrained,24,"biggrid50-goal(15,17)",local,60,8458240,0.9581632614135742,0.7980295112911765
constrained,24,"biggrid50-goal(15,17)",local,70,8468480,0.9367345571517944,0.6945805805575378
constrained,24,"biggrid50-goal(15,17)",local,80,8478720,0.9826528429985046,0.9162550931147994
constrained,24,"biggrid50-goal(15,17)",local,90,8488960,0.9367345571517944,0.6945805805575378
constrained,24,"biggrid50-goal(15,17)",local,100,8499200,0.9183672666549683,0.6059108906332727
constrained,24,"biggrid50-goal(15,17)",local,110,8509440,0.9295917749404907,0.6600981791395226
constrained,24,"biggrid50-goal(15,17)",local,120,8519680,0.9459182620048523,0.7389157132662691
constrained,24,"biggrid50-goal(15,17)",local,130,8529920,0.9622448086738586,0.8177335351396147
constrained,24,"biggrid50-goal(15,17)",local,140,8540160,0.9306122064590454,0.6650244009115812
constrained,24,"biggrid50-goal(15,17)",local,150,8550400,0.9091836214065552,0.5615760456711402
constrained,25,"biggrid50-goal(15,24)",local,10,8714240,0.919387698173523,0.5594791858027515
constrained,25,"biggrid50-goal(15,24)",local,20,8724480,0.9142855405807495,0.5315975031562326
constrained,25,"biggrid50-goal(15,24)",local,30,8734720,0.9551018476486206,0.754645752798917
constrained,25,"biggrid50-goal(15,24)",local,40,8744960,0.9336732625961304,0.637545291448271
constrained,25,"biggrid50-goal(15,24)",local,50,8755200,0.9367345571517944,0.6542743010361823
constrained,25,"biggrid50-goal(15,24)",local,60,8765440,0.9418365359306335,0.6821550065209262
constrained,25,"biggrid50-goal(15,24)",local,70,8775680,0.8765305280685425,0.32527826310145935
constrained,25,"biggrid50-goal(15,24)",local,80,8785920,0.8591836094856262,0.23048282214743676
constrained,25,"biggrid50-goal(15,24)",local,90,8796160,0.851020336151123,0.18587310707478155
constrained,25,"biggrid50-goal(15,24)",local,100,8806400,0.8540815114974976,0.20260146522150954
constrained,25,"biggrid50-goal(15,24)",local,110,8816640,0.8499999046325684,0.18029677054547777
constrained,25,"biggrid50-goal(15,24)",local,120,8826880,0.8785713315010071,0.33643061043947525
constrained,25,"biggrid50-goal(15,24)",local,130,8837120,0.8540816307067871,0.20260211666269287
constrained,25,"biggrid50-goal(15,24)",local,140,8847360,0.8683673143386841,0.2806688737493958
constrained,25,"biggrid50-goal(15,24)",local,150,8857600,0.851020336151123,0.18587310707478155
constrained,26,"biggrid50-goal(21,38)",local,10,9021440,0.8581632375717163,0.2566844101285482
constrained,26,"biggrid50-goal(21,38)",local,20,9031680,0.8948978185653687,0.4491971710834778
constrained,26,"biggrid50-goal(21,38)",local,30,9041920,0.9030610918998718,0.491977958165996
constrained,26,"biggrid50-goal(21,38)",local,40,9052160,0.8846938014030457,0.39572157768853117
constrained,26,"biggrid50-goal(21,38)",local,50,9062400,0.8683673143386841,0.3101603158900557
constrained,26,"biggrid50-goal(21,38)",local,60,9072640,0.901020348072052,0.48128315185356757
constrained,26,"biggrid50-goal(21,38)",local,70,9082880,0.9551019668579102,0.7647055148628695
constrained,26,"biggrid50-goal(21,38)",local,80,9093120,0.9051019549369812,0.5026733892115461
constrained,26,"biggrid50-goal(21,38)",local,90,9103360,0.8714284896850586,0.32620283772525926
constrained,26,"biggrid50-goal(21,38)",local,100,9113600,0.8581632375717163,0.2566844101285482
constrained,26,"biggrid50-goal(21,38)",local,110,9123840,0.9183672666549683,0.5721921291748181
constrained,26,"biggrid50-goal(21,38)",local,120,9134080,0.9408162832260132,0.6898393717433834
constrained,26,"biggrid50-goal(21,38)",local,130,9144320,0.9581631422042847,0.780748036698073
constrained,26,"biggrid50-goal(21,38)",local,140,9154560,0.8857142329216003,0.4010692932113063
constrained,26,"biggrid50-goal(21,38)",local,150,9164800,0.9255101084709167,0.6096252007345612
constrained,27,"biggrid50-goal(33,17)",local,10,9328640,0.9448978304862976,0.7954541331071175
constrained,27,"biggrid50-goal(33,17)",local,20,9338880,1.0,1.0
constrained,27,"biggrid50-goal(33,17)",local,30,9349120,0.9928570985794067,0.9734846925974062
constrained,27,"biggrid50-goal(33,17)",local,40,9359360,0.9795916676521301,0.9242418208071639
constrained,27,"biggrid50-goal(33,17)",local,50,9369600,0.9897958040237427,0.9621207997737842
constrained,27,"biggrid50-goal(33,17)",local,60,9379840,0.9795916676521301,0.9242418208071639
constrained,27,"biggrid50-goal(33,17)",local,70,9390080,0.9724489450454712,0.8977271771833565
constrained,27,"biggrid50-goal(33,17)",local,80,9400320,0.9673468470573425,0.8787875770702486
constrained,27,"biggrid50-goal(33,17)",local,90,9410560,0.9561222791671753,0.8371206338290876
constrained,27,"biggrid50-goal(33,17)",local,100,9420800,0.9295917749404907,0.7386362178061757
constrained,27,"biggrid50-goal(33,17)",local,110,9431040,0.9755100011825562,0.9090901849685966
constrained,27,"biggrid50-goal(33,17)",local,120,9441280,0.9540814161300659,0.8295447052800062
constrained,27,"biggrid50-goal(33,17)",local,130,9451520,0.8989794850349426,0.6249997234255057
constrained,27,"biggrid50-goal(33,17)",local,140,9461760,0.9326529502868652,0.7499996681106068
constrained,27,"biggrid50-goal(33,17)",local,150,9472000,0.9591835737228394,0.8484845266527096
constrained,28,"biggrid50-goal(27,17)",local,10,9635840,0.8051019906997681,0.26726320674615706
constrained,28,"biggrid50-goal(27,17)",local,20,9646080,0.8071428537368774,0.27493601696444
constrained,28,"biggrid50-goal(27,17)",local,30,9656320,0.8112244606018066,0.2902811892228389
constrained,28,"biggrid50-goal(27,17)",local,40,9666560,0.8040816187858582,0.26342702572609905
constrained,28,"biggrid50-goal(27,17)",local,50,9676800,0.7969387769699097,0.23657286222935922
constrained,28,"biggrid50-goal(27,17)",local,60,9687040,0.7897958755493164,0.20971847464353588
constrained,28,"biggrid50-goal(27,17)",local,70,9697280,0.8051020503044128,0.2672634308352405
constrained,28,"biggrid50-goal(27,17)",local,80,9707520,0.8051020503044128,0.2672634308352405
constrained,28,"biggrid50-goal(27,17)",local,90,9717760,0.7887755036354065,0.2058822936234779
constrained,28,"biggrid50-goal(27,17)",local,100,9728000,0.827551007270813,0.3516623264346015
constrained,28,"biggrid50-goal(27,17)",local,110,9738240,0.8479591608047485,0.42838863590476306
constrained,28,"biggrid50-goal(27,17)",local,120,9748480,0.8418366312980652,0.4053704293389977
constrained,28,"biggrid50-goal(27,17)",local,130,9758720,0.8030611872673035,0.2595906206169576
constrained,28,"biggrid50-goal(27,17)",local,140,9768960,0.8030611872673035,0.2595906206169576
constrained,28,"biggrid50-goal(27,17)",local,150,9779200,0.8326530456542969,0.3708439038021419
constrained,28,"biggrid50-goal(27,17)",local,160,9789440,0.8020407557487488,0.25575421550781613
constrained,28,"biggrid50-goal(27,17)",local,170,9799680,0.8030611872673035,0.2595906206169576
constrained,28,"biggrid50-goal(27,17)",local,180,9809920,0.8408163189888,0.4015344724080232
constrained,28,"biggrid50-goal(27,17)",local,190,9820160,0.8744897842407227,0.5281329278516064
constrained,28,"biggrid50-goal(27,17)",local,200,9830400,0.8683673143386841,0.5051149453749245
constrained,28,"biggrid50-goal(27,17)",local,210,9840640,0.8255102038383484,0.343989740305402
constrained,28,"biggrid50-goal(27,17)",local,220,9850880,0.8704081773757935,0.5127877555932076
constrained,28,"biggrid50-goal(27,17)",local,230,9861120,0.8602040410041809,0.47442437676904325
constrained,28,"biggrid50-goal(27,17)",local,240,9871360,0.8704081773757935,0.5127877555932076
constrained,28,"biggrid50-goal(27,17)",local,250,9881600,0.8265305757522583,0.34782592132546003
constrained,29,"biggrid50-goal(3,3)",local,10,10045440,0.6122449040412903,-0.046831899624389606
constrained,29,"biggrid50-goal(3,3)",local,20,10055680,0.6489795446395874,0.052341506477356366
constrained,29,"biggrid50-goal(3,3)",local,30,10065920,0.711224377155304,0.22038540053147374
constrained,29,"biggrid50-goal(3,3)",local,40,10076160,0.710204005241394,0.21763067756304774
constrained,29,"biggrid50-goal(3,3)",local,50,10086400,0.7234693765640259,0.2534435243976186
constrained,29,"biggrid50-goal(3,3)",local,60,10096640,0.7469387054443359,0.31680424458090845
constrained,29,"biggrid50-goal(3,3)",local,70,10106880,0.7499998807907104,0.32506857440230125
constrained,29,"biggrid50-goal(3,3)",local,80,10117120,0.7591835856437683,0.3498620466148238
constrained,29,"biggrid50-goal(3,3)",local,90,10127360,0.7826529741287231,0.4132229277142284
constrained,29,"biggrid50-goal(3,3)",local,100,10137600,0.784693717956543,0.41873237365108046
constrained,29,"biggrid50-goal(3,3)",local,110,10147840,0.7897958755493164,0.4325067930737842
constrained,29,"biggrid50-goal(3,3)",local,120,10158080,0.770408034324646,0.38016496476419837
constrained,29,"biggrid50-goal(3,3)",local,130,10168320,0.810204029083252,0.4876031834356813
constrained,29,"biggrid50-goal(3,3)",local,140,10178560,0.784693717956543,0.41873237365108046
constrained,29,"biggrid50-goal(3,3)",local,150,10188800,0.760204017162323,0.35261693049936454
constrained,29,"biggrid50-goal(3,3)",local,160,10199040,0.714285671710968,0.22865005218509601
constrained,29,"biggrid50-goal(3,3)",local,170,10209280,0.7336733937263489,0.2809915586624524
constrained,29,"biggrid50-goal(3,3)",local,180,10219520,0.7408162355422974,0.3002752631058934
constrained,29,"biggrid50-goal(3,3)",local,190,10229760,0.7193877100944519,0.2424241497755703
constrained,29,"biggrid50-goal(3,3)",local,200,10240000,0.8112243413925171,0.4903577454879926
constrained,29,"biggrid50-goal(3,3)",local,210,10250240,0.7948978543281555,0.44628072974814376
constrained,29,"biggrid50-goal(3,3)",local,220,10260480,0.7530611157417297,0.33333306513980876
constrained,29,"biggrid50-goal(3,3)",local,230,10270720,0.7448978424072266,0.3112944768118269
constrained,29,"biggrid50-goal(3,3)",local,240,10280960,0.8132651448249817,0.49586735234095936
constrained,29,"biggrid50-goal(3,3)",local,250,10291200,0.7530611157417297,0.33333306513980876
constrained,30,"biggrid50-goal(9,10)",local,10,10455040,0.9428569674491882,0.7204652628810505
constrained,30,"biggrid50-goal(9,10)",local,20,10465280,0.9999998807907104,0.9999994168468853
constrained,30,"biggrid50-goal(9,10)",local,30,10475520,0.9928568601608276,0.9650568822126928
constrained,30,"biggrid50-goal(9,10)",local,40,10485760,0.9622448086738586,0.8153075360002286
constrained,30,"biggrid50-goal(9,10)",local,50,10496000,0.9714285135269165,0.8602327772288039
constrained,30,"biggrid50-goal(9,10)",local,60,10506240,0.9989795684814453,0.9950082093379725
constrained,30,"biggrid50-goal(9,10)",local,70,10516480,0.9959181547164917,0.9800322541987753
constrained,30,"biggrid50-goal(9,10)",local,80,10526720,0.9755100011825562,0.8801987735706844
constrained,30,"biggrid50-goal(9,10)",local,90,10536960,0.9928569793701172,0.9650574653658076
constrained,30,"biggrid50-goal(9,10)",local,100,10547200,0.9938774108886719,0.9700492560278351
constrained,30,"biggrid50-goal(9,10)",local,110,10557440,0.9969385862350464,0.9850240448608029
constrained,30,"biggrid50-goal(9,10)",local,120,10567680,0.9959182739257812,0.9800328373518901
constrained,30,"biggrid50-goal(9,10)",local,130,10577920,0.9948978424072266,0.9750410466898626
constrained,30,"biggrid50-goal(9,10)",local,140,10588160,0.9928570985794067,0.9650580485189223
constrained,30,"biggrid50-goal(9,10)",local,150,10598400,0.9948978424072266,0.9750410466898626
constrained,31,"biggrid50-goal(46,17)",local,10,10762240,0.777550995349884,0.17110276209128436
constrained,31,"biggrid50-goal(46,17)",local,20,10772480,0.8357141613960266,0.3878323795580103
constrained,31,"biggrid50-goal(46,17)",local,30,10782720,0.9163264036178589,0.6882125274683295
constrained,31,"biggrid50-goal(46,17)",local,40,10792960,0.9244896769523621,0.7186308012201336
constrained,31,"biggrid50-goal(46,17)",local,50,10803200,0.9081631898880005,0.6577944758174312
constrained,31,"biggrid50-goal(46,17)",local,60,10813440,0.9438773989677429,0.7908740070423755
constrained,31,"biggrid50-goal(46,17)",local,70,10823680,0.896938681602478,0.6159693216460875
constrained,31,"biggrid50-goal(46,17)",local,80,10833920,0.8632652163505554,0.49049408123296206
constrained,31,"biggrid50-goal(46,17)",local,90,10844160,0.9071426391601562,0.6539916641088046
constrained,31,"biggrid50-goal(46,17)",local,100,10854400,0.9428570866584778,0.7870720837373719
constrained,31,"biggrid50-goal(46,17)",local,110,10864640,0.9704080820083618,0.889733563311418
constrained,31,"biggrid50-goal(46,17)",local,120,10874880,0.98163241147995,0.9315580511800443
constrained,31,"biggrid50-goal(46,17)",local,130,10885120,0.9765304327011108,0.9125468799486858
constrained,31,"biggrid50-goal(46,17)",local,140,10895360,0.9806120991706848,0.9277561278750407
constrained,31,"biggrid50-goal(46,17)",local,150,10905600,0.9653059244155884,0.8707217257773421
constrained,32,"biggrid50-goal(40,10)",local,10,11069440,0.7020407915115356,0.09876551222570895
constrained,32,"biggrid50-goal(40,10)",local,20,11079680,0.7163264751434326,0.14197528861023942
constrained,32,"biggrid50-goal(40,10)",local,30,11089920,0.7091836333274841,0.12037040041797419
constrained,32,"biggrid50-goal(40,10)",local,40,11100160,0.7489795684814453,0.24074080083594837
constrained,32,"biggrid50-goal(40,10)",local,50,11110400,0.7214285135269165,0.1574073773598036
constrained,32,"biggrid50-goal(40,10)",local,60,11120640,0.6979591250419617,0.08641973305468388
constrained,32,"biggrid50-goal(40,10)",local,70,11130880,0.6989795565605164,0.08950622291884587
constrained,32,"biggrid50-goal(40,10)",local,80,11141120,0.6969387531280518,0.08333342347614478
constrained,32,"biggrid50-goal(40,10)",local,90,11151360,0.7204080820083618,0.1543208874956416
constrained,32,"biggrid50-goal(40,10)",local,100,11161600,0.699999988079071,0.09259271278300786
constrained,32,"biggrid50-goal(40,10)",local,110,11171840,0.7071428298950195,0.11419760097527311
constrained,32,"biggrid50-goal(40,10)",local,120,11182080,0.701020359992981,0.09567902236154695
constrained,32,"biggrid50-goal(40,10)",local,130,11192320,0.701020359992981,0.09567902236154695
constrained,32,"biggrid50-goal(40,10)",local,140,11202560,0.7367346882820129,0.20370382389411898
constrained,32,"biggrid50-goal(40,10)",local,150,11212800,0.6918367147445679,0.06790133472658062
constrained,32,"biggrid50-goal(40,10)",local,160,11223040,0.6969387531280518,0.08333342347614478
constrained,32,"biggrid50-goal(40,10)",local,170,11233280,0.7081632614135742,0.1172840908394351
constrained,32,"biggrid50-goal(40,10)",local,180,11243520,0.741836667060852,0.21913573235806022
constrained,32,"biggrid50-goal(40,10)",local,190,11253760,0.728571355342865,0.17901226555206884
constrained,32,"biggrid50-goal(40,10)",local,200,11264000,0.7306121587753296,0.18518506499476992
constrained,32,"biggrid50-goal(40,10)",local,210,11274240,0.7224489450454712,0.16049386722396558
constrained,32,"biggrid50-goal(40,10)",local,220,11284480,0.7275509834289551,0.17592595597352975
constrained,32,"biggrid50-goal(40,10)",local,230,11294720,0.7387754917144775,0.20987662333682006
constrained,32,"biggrid50-goal(40,10)",local,240,11304960,0.7193877100944519,0.15123457791710251
constrained,32,"biggrid50-goal(40,10)",local,250,11315200,0.7204080820083618,0.1543208874956416
constrained,33,"biggrid50-goal(46,38)",local,10,11479040,0.8448978662490845,0.5824173073192055
constrained,33,"biggrid50-goal(46,38)",local,20,11489280,0.8846938014030457,0.6895602160430083
constrained,33,"biggrid50-goal(46,38)",local,30,11499520,0.8704080581665039,0.6510985973444433
constrained,33,"biggrid50-goal(46,38)",local,40,11509760,0.8785713315010071,0.67307664224733
constrained,33,"biggrid50-goal(46,38)",local,50,11520000,0.851020336151123,0.5989008811148838
constrained,33,"biggrid50-goal(46,38)",local,60,11530240,0.8551018834114075,0.6098896628552475
constrained,33,"biggrid50-goal(46,38)",local,70,11540480,0.8499999046325684,0.5961535653242531
constrained,33,"biggrid50-goal(46,38)",local,80,11550720,0.9183672070503235,0.7802193904970797
constrained,33,"biggrid50-goal(46,38)",local,90,11560960,0.8979590535163879,0.7252743584768894
constrained,33,"biggrid50-goal(46,38)",local,100,11571200,0.9734691381454468,0.9285707522879187
constrained,33,"biggrid50-goal(46,38)",local,110,11581440,0.9632651209831238,0.9010983967518768
constrained,33,"biggrid50-goal(46,38)",local,120,11591680,0.9204079508781433,0.7857137011302348
constrained,33,"biggrid50-goal(46,38)",local,130,11601920,0.8469386100769043,0.5879116179523607
constrained,33,"biggrid50-goal(46,38)",local,140,11612160,0.7724488973617554,0.387362379457909
constrained,33,"biggrid50-goal(46,38)",local,150,11622400,0.6948979496955872,0.17857135406561817
constrained,33,"biggrid50-goal(46,38)",local,160,11632640,0.6704081296920776,0.112637219356958
constrained,33,"biggrid50-goal(46,38)",local,170,11642880,0.6734693646430969,0.12087900625479717
constrained,33,"biggrid50-goal(46,38)",local,180,11653120,0.7244898080825806,0.2582417467793259
constrained,33,"biggrid50-goal(46,38)",local,190,11663360,0.7336734533309937,0.28296694699879016
constrained,33,"biggrid50-goal(46,38)",local,200,11673600,0.7295917272567749,0.271977683836267
constrained,33,"biggrid50-goal(46,38)",local,210,11683840,0.8020407557487488,0.4670327721716167
constrained,33,"biggrid50-goal(46,38)",local,220,11694080,0.9132651090621948,0.7664829720179789
constrained,33,"biggrid50-goal(46,38)",local,230,11704320,0.961224377155304,0.8956040861187216
constrained,33,"biggrid50-goal(46,38)",local,240,11714560,0.9795916676521301,0.9450544865576502
constrained,33,"biggrid50-goal(46,38)",local,250,11724800,0.9704080820083618,0.920329446812239
constrained,34,"biggrid50-goal(27,31)",local,10,11888640,0.938775360584259,0.6654266483741983
constrained,34,"biggrid50-goal(27,31)",local,20,11898880,0.9591835737228394,0.7769510989161321
constrained,34,"biggrid50-goal(27,31)",local,30,11909120,0.9724488258361816,0.8494415194735313
constrained,34,"biggrid50-goal(27,31)",local,40,11919360,0.9826529622077942,0.9052039076047941
constrained,34,"biggrid50-goal(27,31)",local,50,11929600,0.9704080820083618,0.8382894978561071
constrained,34,"biggrid50-goal(27,31)",local,60,11939840,0.951020359992981,0.7323417095640686
constrained,34,"biggrid50-goal(27,31)",local,70,11950080,0.95714271068573,0.7657984258575246
constrained,34,"biggrid50-goal(27,31)",local,80,11960320,0.9561222791671753,0.7602220893282208
constrained,34,"biggrid50-goal(27,31)",local,90,11970560,0.971428394317627,0.8438651829442275
constrained,34,"biggrid50-goal(27,31)",local,100,11980800,0.9765305519104004,0.8717468655907464
constrained,34,"biggrid50-goal(27,31)",local,110,11991040,0.9571428298950195,0.7657990772987079
constrained,34,"biggrid50-goal(27,31)",local,120,12001280,0.9214285016059875,0.5706315331407673
constrained,34,"biggrid50-goal(27,31)",local,130,12011520,0.9153059720993042,0.5371738396855363
constrained,34,"biggrid50-goal(27,31)",local,140,12021760,0.9275509715080261,0.6040889008754067
constrained,34,"biggrid50-goal(27,31)",local,150,12032000,0.9428570866584778,0.6877319944914133
constrained,35,"biggrid50-goal(21,31)",local,10,12195840,0.9112245440483093,0.6063351442102598
constrained,35,"biggrid50-goal(21,31)",local,20,12206080,0.9275509715080261,0.6787328654338889
constrained,35,"biggrid50-goal(21,31)",local,30,12216320,0.9336733818054199,0.7058820108927498
constrained,35,"biggrid50-goal(21,31)",local,40,12226560,0.9326530694961548,0.7013575497814948
constrained,35,"biggrid50-goal(21,31)",local,50,12236800,0.9377549886703491,0.723981441198657
constrained,35,"biggrid50-goal(21,31)",local,60,12247040,0.9377549886703491,0.723981441198657
constrained,35,"biggrid50-goal(21,31)",local,70,12257280,0.9887754321098328,0.9502259058833853
constrained,35,"biggrid50-goal(21,31)",local,80,12267520,0.9642855525016785,0.8416282668073501
constrained,35,"biggrid50-goal(21,31)",local,90,12277760,0.9530612230300903,0.791855229931327
constrained,35,"biggrid50-goal(21,31)",local,100,12288000,0.9693876504898071,0.864252951154956
constrained,35,"biggrid50-goal(21,31)",local,110,12298240,0.936734676361084,0.7194569800874021
constrained,35,"biggrid50-goal(21,31)",local,120,12308480,0.9438773989677429,0.751130586657518
constrained,35,"biggrid50-goal(21,31)",local,130,12318720,0.9275509715080261,0.6787328654338889
constrained,35,"biggrid50-goal(21,31)",local,140,12328960,0.9775509834289551,0.9004523403870663
constrained,35,"biggrid50-goal(21,31)",local,150,12339200,0.9765305519104004,0.8959273506555157
constrained,36,"biggrid50-goal(46,10)",local,10,12503040,0.6673469543457031,0.21065377083439998
constrained,36,"biggrid50-goal(46,10)",local,20,12513280,0.6551020741462708,0.1815981221990615
constrained,36,"biggrid50-goal(46,10)",local,30,12523520,0.7071428298950195,0.3050846642579385
constrained,36,"biggrid50-goal(46,10)",local,40,12533760,0.7234693765640259,0.34382562339489237
constrained,36,"biggrid50-goal(46,10)",local,50,12544000,0.7622448205947876,0.43583515383433863
constrained,36,"biggrid50-goal(46,10)",local,60,12554240,0.8418366312980652,0.6246970821161694
constrained,36,"biggrid50-goal(46,10)",local,70,12564480,0.8438774943351746,0.629539808084354
constrained,36,"biggrid50-goal(46,10)",local,80,12574720,0.873469352722168,0.6997577788407385
constrained,36,"biggrid50-goal(46,10)",local,90,12584960,0.7826529741287231,0.484261282038154
constrained,36,"biggrid50-goal(46,10)",local,100,12595200,0.7581631541252136,0.42614984333272327
constrained,36,"biggrid50-goal(46,10)",local,110,12605440,0.6704081296920776,0.21791757691716931
constrained,36,"biggrid50-goal(46,10)",local,120,12615680,0.6520408391952515,0.17433417468153845
constrained,36,"biggrid50-goal(46,10)",local,130,12625920,0.6551020741462708,0.1815981221990615
constrained,36,"biggrid50-goal(46,10)",local,140,12636160,0.6857143640518188,0.25423745593953834
constrained,36,"biggrid50-goal(46,10)",local,150,12646400,0.75,0.4067796466337539
constrained,36,"biggrid50-goal(46,10)",local,160,12656640,0.8887753486633301,0.7360770921240926
constrained,36,"biggrid50-goal(46,10)",local,170,12666880,0.9132652282714844,0.794188672264277
constrained,36,"biggrid50-goal(46,10)",local,180,12677120,0.9010202288627625,0.765132740759431
constrained,36,"biggrid50-goal(46,10)",local,190,12687360,0.9030610918998718,0.7699754667276156
constrained,36,"biggrid50-goal(46,10)",local,200,12697600,0.7153060436248779,0.3244550023916617
constrained,36,"biggrid50-goal(46,10)",local,210,12707840,0.8877549171447754,0.7336557291400003
constrained,36,"biggrid50-goal(46,10)",local,220,12718080,0.8877549171447754,0.7336557291400003
constrained,36,"biggrid50-goal(46,10)",local,230,12728320,0.8887753486633301,0.7360770921240926
constrained,36,"biggrid50-goal(46,10)",local,240,12738560,0.8877549171447754,0.7336557291400003
constrained,36,"biggrid50-goal(46,10)",local,250,12748800,0.8887753486633301,0.7360770921240926
constrained,37,"biggrid50-goal(9,17)",local,10,12912640,0.8346937894821167,0.15771203448141813
constrained,37,"biggrid50-goal(9,17)",local,20,12922880,0.8846938014030457,0.4124780725198258
constrained,37,"biggrid50-goal(9,17)",local,30,12933120,0.883673369884491,0.4072786478580314
constrained,37,"biggrid50-goal(9,17)",local,40,12943360,0.938775360584259,0.6880408980912767
constrained,37,"biggrid50-goal(9,17)",local,50,12953600,0.9295917749404907,0.6412475946586845
constrained,37,"biggrid50-goal(9,17)",local,60,12963840,0.95714271068573,0.7816284160705955
constrained,37,"biggrid50-goal(9,17)",local,70,12974080,0.8795917630195618,0.3864815566202768
constrained,37,"biggrid50-goal(9,17)",local,80,12984320,0.8346937894821167,0.15771203448141813
constrained,37,"biggrid50-goal(9,17)",local,90,12994560,0.8673468828201294,0.32408997920230137
constrained,37,"biggrid50-goal(9,17)",local,100,13004800,0.8663264513015747,0.3188905545405069
constrained,37,"biggrid50-goal(9,17)",local,110,13015040,0.9061223864555359,0.5216635607798165
constrained,37,"biggrid50-goal(9,17)",local,120,13025280,0.8979591131210327,0.4800690745995957
constrained,37,"biggrid50-goal(9,17)",local,130,13035520,0.8520407676696777,0.24610043150365418
constrained,37,"biggrid50-goal(9,17)",local,140,13045760,0.9591835737228394,0.7920272653941844
constrained,37,"biggrid50-goal(9,17)",local,150,13056000,0.8438774943351746,0.20450594532343336
constrained,37,"biggrid50-goal(9,17)",local,160,13066240,0.8153060674667358,0.05892539554501633
constrained,37,"biggrid50-goal(9,17)",local,170,13076480,0.8091835975646973,0.027729454983672835
constrained,37,"biggrid50-goal(9,17)",local,180,13086720,0.7897958755493164,-0.07105718395272898
constrained,37,"biggrid50-goal(9,17)",local,190,13096960,0.777550995349884,-0.1334487613707044
constrained,37,"biggrid50-goal(9,17)",local,200,13107200,0.7632653117179871,-0.20623888440755714
constrained,37,"biggrid50-goal(9,17)",local,210,13117440,0.7785714268684387,-0.12824933670890998
constrained,37,"biggrid50-goal(9,17)",local,220,13127680,0.8224489092826843,0.09532045706344269
constrained,37,"biggrid50-goal(9,17)",local,230,13137920,0.928571343421936,0.6360481699968901
constrained,37,"biggrid50-goal(9,17)",local,240,13148160,0.8918366432189941,0.44887313403825224
constrained,37,"biggrid50-goal(9,17)",local,250,13158400,0.9091835021972656,0.5372609236510651
constrained,38,"biggrid50-goal(33,24)",local,10,13322240,0.8826529383659363,0.44533712958512633
constrained,38,"biggrid50-goal(33,24)",local,20,13332480,0.9744898080825806,0.8794212988658012
constrained,38,"biggrid50-goal(33,24)",local,30,13342720,0.9693876504898071,0.8553049951739219
constrained,38,"biggrid50-goal(33,24)",local,40,13352960,0.9999998807907104,0.9999994365349605
constrained,38,"biggrid50-goal(33,24)",local,50,13363200,0.9499999284744263,0.7636652950049387
constrained,38,"biggrid50-goal(33,24)",local,60,13373440,0.9561223983764648,0.7926042959701544
constrained,38,"biggrid50-goal(33,24)",local,70,13383680,0.9795916676521301,0.9035361938950817
constrained,38,"biggrid50-goal(33,24)",local,80,13393920,0.9683672189712524,0.8504817344355461
constrained,38,"biggrid50-goal(33,24)",local,90,13404160,0.9673468470573425,0.8456587554296899
constrained,38,"biggrid50-goal(33,24)",local,100,13414400,0.9551019668579102,0.7877810352317786
constrained,38,"biggrid50-goal(33,24)",local,110,13424640,0.9183672666549683,0.6141475929055243
constrained,38,"biggrid50-goal(33,24)",local,120,13434880,0.9428569674491882,0.7299027515688276
constrained,38,"biggrid50-goal(33,24)",local,130,13445120,0.9520407915115356,0.7733118164816905
constrained,38,"biggrid50-goal(33,24)",local,140,13455360,0.9418366551399231,0.7250800542954912
constrained,38,"biggrid50-goal(33,24)",local,150,13465600,0.9326530694961548,0.6816721163127073
constrained,39,"biggrid50-goal(40,17)",local,10,13629440,0.9724488258361816,0.8846147605497668
constrained,39,"biggrid50-goal(40,17)",local,20,13639680,0.9999998807907104,0.9999995007475058
constrained,39,"biggrid50-goal(40,17)",local,30,13649920,0.9734692573547363,0.888888361900145
constrained,39,"biggrid50-goal(40,17)",local,40,13660160,0.951020359992981,0.7948716284542968
constrained,39,"biggrid50-goal(40,17)",local,50,13670400,0.9734692573547363,0.888888361900145
constrained,39,"biggrid50-goal(40,17)",local,60,13680640,0.9622446894645691,0.8418794959247267
constrained,39,"biggrid50-goal(40,17)",local,70,13690880,0.9755101203918457,0.8974355646009013
constrained,39,"biggrid50-goal(40,17)",local,80,13701120,0.9938774108886719,0.9743583918977311
constrained,39,"biggrid50-goal(40,17)",local,90,13711360,0.9693875312805176,0.8717939564986324
constrained,39,"biggrid50-goal(40,17)",local,100,13721600,0.9510202407836914,0.7948711292018026
constrained,39,"biggrid50-goal(40,17)",local,110,13731840,0.9285714030265808,0.7008546453822015
constrained,39,"biggrid50-goal(40,17)",local,120,13742080,0.9091836214065552,0.6196579671087464
constrained,39,"biggrid50-goal(40,17)",local,130,13752320,0.9408162236213684,0.7521363638292566
constrained,39,"biggrid50-goal(40,17)",local,140,13762560,0.8959182500839233,0.564102148058819
constrained,39,"biggrid50-goal(40,17)",local,150,13772800,0.9081632494926453,0.6153846153846154
constrained,40,"biggrid50-goal(40,38)",local,10,13936640,0.800000011920929,0.4452830319686397
constrained,40,"biggrid50-goal(40,38)",local,20,13946880,0.8418366312980652,0.5613204521528443
constrained,40,"biggrid50-goal(40,38)",local,30,13957120,0.8530611991882324,0.5924527453459522
constrained,40,"biggrid50-goal(40,38)",local,40,13967360,0.8183673024177551,0.4962262734818467
constrained,40,"biggrid50-goal(40,38)",local,50,13977600,0.8061224222183228,0.46226405736685905
constrained,40,"biggrid50-goal(40,38)",local,60,13987840,0.8204081654548645,0.5018867805998022
constrained,40,"biggrid50-goal(40,38)",local,70,13998080,0.837755024433136,0.5499997685540314
constrained,40,"biggrid50-goal(40,38)",local,80,14008320,0.8051019906997681,0.45943380380788135
constrained,40,"biggrid50-goal(40,38)",local,90,14018560,0.791836678981781,0.42264133413391597
constrained,40,"biggrid50-goal(40,38)",local,100,14028800,0.8020407557487488,0.45094320844949715
constrained,40,"biggrid50-goal(40,38)",local,110,14039040,0.7887755036354065,0.4141509040940808
constrained,40,"biggrid50-goal(40,38)",local,120,14049280,0.7928571105003357,0.42547158769289367
constrained,40,"biggrid50-goal(40,38)",local,130,14059520,0.778571367263794,0.3858488644599506
constrained,40,"biggrid50-goal(40,38)",local,140,14069760,0.7887755036354065,0.4141509040940808
constrained,40,"biggrid50-goal(40,38)",local,150,14080000,0.7714284658432007,0.36603742018420454
constrained,40,"biggrid50-goal(40,38)",local,160,14090240,0.8091835975646973,0.47075448740669423
constrained,40,"biggrid50-goal(40,38)",local,170,14100480,0.8061224222183228,0.46226405736685905
constrained,40,"biggrid50-goal(40,38)",local,180,14110720,0.8112244606018066,0.47641499452464964
constrained,40,"biggrid50-goal(40,38)",local,190,14120960,0.8153060674667358,0.4877356781234625
constrained,40,"biggrid50-goal(40,38)",local,200,14131200,0.8163264989852905,0.4905659316824403
constrained,40,"biggrid50-goal(40,38)",local,210,14141440,0.791836678981781,0.42264133413391597
constrained,40,"biggrid50-goal(40,38)",local,220,14151680,0.787755012512207,0.41132048521655407
constrained,40,"biggrid50-goal(40,38)",local,230,14161920,0.7734693288803101,0.37169792730216
constrained,40,"biggrid50-goal(40,38)",local,240,14172160,0.7489795088768005,0.3037733297536357
constrained,40,"biggrid50-goal(40,38)",local,250,14182400,0.7724488973617554,0.36886767374318224
constrained,41,"biggrid50-goal(33,38)",local,10,14346240,0.8438774347305298,0.46997648658602226
constrained,41,"biggrid50-goal(33,38)",local,20,14356480,0.851020336151123,0.494226060633041
constrained,41,"biggrid50-goal(33,38)",local,30,14366720,0.8714284896850586,0.5635100953891854
constrained,41,"biggrid50-goal(33,38)",local,40,14376960,0.8397958874702454,0.4561199629289377
constrained,41,"biggrid50-goal(33,38)",local,50,14387200,0.8632652163505554,0.5357964410161357
constrained,41,"biggrid50-goal(33,38)",local,60,14397440,0.8357142210006714,0.4422630345659327
constrained,41,"biggrid50-goal(33,38)",local,70,14407680,0.8551019430160522,0.5080827866430858
constrained,41,"biggrid50-goal(33,38)",local,80,14417920,0.86530601978302,0.5427248040211581
constrained,41,"biggrid50-goal(33,38)",local,90,14428160,0.8846937417984009,0.6085445560983112
constrained,41,"biggrid50-goal(33,38)",local,100,14438400,0.8295917510986328,0.42147774319790526
constrained,41,"biggrid50-goal(33,38)",local,110,14448640,0.8306121826171875,0.42494202587689656
constrained,41,"biggrid50-goal(33,38)",local,120,14458880,0.8408163189888,0.459584245607929
constrained,41,"biggrid50-goal(33,38)",local,130,14469120,0.8387754559516907,0.4526556802499464
constrained,41,"biggrid50-goal(33,38)",local,140,14479360,0.8551019430160522,0.5080827866430858
constrained,41,"biggrid50-goal(33,38)",local,150,14489600,0.8693876266479492,0.5565815300312028
constrained,41,"biggrid50-goal(33,38)",local,160,14499840,0.8704080581665039,0.5600458127101942
constrained,41,"biggrid50-goal(33,38)",local,170,14510080,0.7948979139328003,0.3036949650536438
constrained,41,"biggrid50-goal(33,38)",local,180,14520320,0.8081631660461426,0.3487294257627695
constrained,41,"biggrid50-goal(33,38)",local,190,14530560,0.8173469305038452,0.37990756516777086
constrained,41,"biggrid50-goal(33,38)",local,200,14540800,0.8622447848320007,0.5323321583371443
constrained,41,"biggrid50-goal(33,38)",local,210,14551040,0.8255102038383484,0.40762121954082065
constrained,41,"biggrid50-goal(33,38)",local,220,14561280,0.8571428060531616,0.5150113520010684
constrained,41,"biggrid50-goal(33,38)",local,230,14571520,0.8581631779670715,0.5184754323270995
constrained,41,"biggrid50-goal(33,38)",local,240,14581760,0.833673357963562,0.43533446920795005
constrained,41,"biggrid50-goal(33,38)",local,250,14592000,0.7683672904968262,0.2136256389294719
constrained,42,"biggrid50-goal(9,45)",local,10,14755840,0.9061223268508911,0.7175022052680347
constrained,42,"biggrid50-goal(9,45)",local,20,14766080,0.9173467755317688,0.751278947842317
constrained,42,"biggrid50-goal(9,45)",local,30,14776320,0.9336732625961304,0.8004088041402719
constrained,42,"biggrid50-goal(9,45)",local,40,14786560,0.9632651209831238,0.8894569713553708
constrained,42,"biggrid50-goal(9,45)",local,50,14796800,0.9653059244155884,0.8955981809722408
constrained,42,"biggrid50-goal(9,45)",local,60,14807040,0.9765303730964661,0.929374923546523
constrained,42,"biggrid50-goal(9,45)",local,70,14817280,0.9255101084709167,0.7758441450357882
constrained,42,"biggrid50-goal(9,45)",local,80,14827520,0.9051019549369812,0.7144316901410976
constrained,42,"biggrid50-goal(9,45)",local,90,14837760,0.8540816307067871,0.5609007322673671
constrained,42,"biggrid50-goal(9,45)",local,100,14848000,0.8408163189888,0.520982600713219
constrained,42,"biggrid50-goal(9,45)",local,110,14858240,0.7367345690727234,0.20777857853390838
constrained,42,"biggrid50-goal(9,45)",local,120,14868480,0.6418367624282837,-0.07778901387301028
constrained,42,"biggrid50-goal(9,45)",local,130,14878720,0.6418367624282837,-0.07778901387301028
constrained,42,"biggrid50-goal(9,45)",local,140,14888960,0.6418367624282837,-0.07778901387301028
constrained,42,"biggrid50-goal(9,45)",local,150,14899200,0.6438775062561035,-0.07164798361913631
constrained,42,"biggrid50-goal(9,45)",local,160,14909440,0.6479591131210327,-0.05936556438539655
constrained,42,"biggrid50-goal(9,45)",local,170,14919680,0.6479591131210327,-0.05936556438539655
constrained,42,"biggrid50-goal(9,45)",local,180,14929920,0.6765305399894714,0.026611908339769477
constrained,42,"biggrid50-goal(9,45)",local,190,14940160,0.7408162355422974,0.22006117713064405
constrained,42,"biggrid50-goal(9,45)",local,200,14950400,0.7540816068649292,0.25997948804778803
constrained,42,"biggrid50-goal(9,45)",local,210,14960640,0.7918366193771362,0.37359231436737056
constrained,42,"biggrid50-goal(9,45)",local,220,14970880,0.8040816187858582,0.4104401101575776
constrained,42,"biggrid50-goal(9,45)",local,230,14981120,0.8346939086914062,0.5025589718626093
constrained,42,"biggrid50-goal(9,45)",local,240,14991360,0.9428569674491882,0.8280445164606802
constrained,42,"biggrid50-goal(9,45)",local,250,15001600,0.9642854928970337,0.8925274864823078
constrained,43,"biggrid50-goal(9,38)",local,10,15165440,0.8999999165534973,0.6674204794574451
constrained,43,"biggrid50-goal(9,38)",local,20,15175680,0.9346938133239746,0.7828051787097312
constrained,43,"biggrid50-goal(9,38)",local,30,15185920,0.9367345571517944,0.7895922690842067
constrained,43,"biggrid50-goal(9,38)",local,40,15196160,0.9377549290657043,0.7929858142714443
constrained,43,"biggrid50-goal(9,38)",local,50,15206400,0.9540815353393555,0.8472847178266879
constrained,43,"biggrid50-goal(9,38)",local,60,15216640,0.9438775181770325,0.813348274790929
constrained,43,"biggrid50-goal(9,38)",local,70,15226880,0.893877387046814,0.6470582171706369
constrained,43,"biggrid50-goal(9,38)",local,80,15237120,0.9020407795906067,0.6742079662972733
constrained,43,"biggrid50-goal(9,38)",local,90,15247360,0.9673467874526978,0.8914021928895128
constrained,43,"biggrid50-goal(9,38)",local,100,15257600,0.9683672189712524,0.8947959363094269
constrained,43,"biggrid50-goal(9,38)",local,110,15267840,0.9397958517074585,0.7997734993439489
constrained,43,"biggrid50-goal(9,38)",local,120,15278080,0.9244897961616516,0.7488687356739723
constrained,43,"biggrid50-goal(9,38)",local,130,15288320,0.9204081296920776,0.7352939602269922
constrained,43,"biggrid50-goal(9,38)",local,140,15298560,0.9397958517074585,0.7997734993439489
constrained,43,"biggrid50-goal(9,38)",local,150,15308800,0.9489794969558716,0.8303163971924703
constrained,44,"biggrid50-goal(9,3)",local,10,15472640,0.6255101561546326,-0.07519543533294212
constrained,44,"biggrid50-goal(9,3)",local,20,15482880,0.6255101561546326,-0.07519543533294212
constrained,44,"biggrid50-goal(9,3)",local,30,15493120,0.6979590654373169,0.13281217244548765
constrained,44,"biggrid50-goal(9,3)",local,40,15503360,0.7071428298950195,0.15917962081926
constrained,44,"biggrid50-goal(9,3)",local,50,15513600,0.6438775658607483,-0.022460880846438935
constrained,44,"biggrid50-goal(9,3)",local,60,15523840,0.6765305995941162,0.07128903893612946
constrained,44,"biggrid50-goal(9,3)",local,70,15534080,0.6377550363540649,-0.04003923680579407
constrained,44,"biggrid50-goal(9,3)",local,80,15544320,0.6428571939468384,-0.025390464230897514
constrained,44,"biggrid50-goal(9,3)",local,90,15554560,0.6397958993911743,-0.034179727775835445
constrained,44,"biggrid50-goal(9,3)",local,100,15564800,0.6806122064590454,0.08300771473500525
constrained,44,"biggrid50-goal(9,3)",local,110,15575040,0.6255101561546326,-0.07519543533294212
constrained,44,"biggrid50-goal(9,3)",local,120,15585280,0.678571343421936,0.07714820570504662
constrained,44,"biggrid50-goal(9,3)",local,130,15595520,0.6377550363540649,-0.04003923680579407
constrained,44,"biggrid50-goal(9,3)",local,140,15605760,0.678571343421936,0.07714820570504662
constrained,44,"biggrid50-goal(9,3)",local,150,15616000,0.6632652878761292,0.033203085894002095
constrained,44,"biggrid50-goal(9,3)",local,160,15626240,0.6846938729286194,0.09472656166440176
constrained,44,"biggrid50-goal(9,3)",local,170,15636480,0.668367326259613,0.047851516207857187
constrained,44,"biggrid50-goal(9,3)",local,180,15646720,0.6306121945381165,-0.060547005019087045
constrained,44,"biggrid50-goal(9,3)",local,190,15656960,0.6520408391952515,0.0009766418818333486
constrained,44,"biggrid50-goal(9,3)",local,200,15667200,0.6765305399894714,0.07128886780560874
constrained,44,"biggrid50-goal(9,3)",local,210,15677440,0.6438775062561035,-0.022461051976959672
constrained,44,"biggrid50-goal(9,3)",local,220,15687680,0.6714285016059875,0.05664043749175365
constrained,44,"biggrid50-goal(9,3)",local,230,15697920,0.678571343421936,0.07714820570504662
constrained,44,"biggrid50-goal(9,3)",local,240,15708160,0.678571343421936,0.07714820570504662
constrained,44,"biggrid50-goal(9,3)",local,250,15718400,0.6357142329216003,-0.045898574705231954
constrained,45,"biggrid50-goal(40,24)",local,10,15882240,0.9499999284744263,0.8237407524839517
constrained,45,"biggrid50-goal(40,24)",local,20,15892480,0.9448977708816528,0.8057547290529539
constrained,45,"biggrid50-goal(40,24)",local,30,15902720,0.9122447967529297,0.6906471207339138
constrained,45,"biggrid50-goal(40,24)",local,40,15912960,0.9459182620048523,0.8093521438562497
constrained,45,"biggrid50-goal(40,24)",local,50,15923200,0.9234692454338074,0.7302153216966283
constrained,45,"biggrid50-goal(40,24)",local,60,15933440,0.9438773989677429,0.8021577344838505
constrained,45,"biggrid50-goal(40,24)",local,70,15943680,0.9581632614135742,0.852517969739356
constrained,45,"biggrid50-goal(40,24)",local,80,15953920,0.9448977708816528,0.8057547290529539
constrained,45,"biggrid50-goal(40,24)",local,90,15964160,0.9377549886703491,0.7805751367179415
constrained,45,"biggrid50-goal(40,24)",local,100,15974400,0.9265305399894714,0.741006935755227
constrained,45,"biggrid50-goal(40,24)",local,110,15984640,0.9551019668579102,0.8417263556807574
constrained,45,"biggrid50-goal(40,24)",local,120,15994880,0.9408162236213684,0.7913665406594441
constrained,45,"biggrid50-goal(40,24)",local,130,16005120,0.9336732625961304,0.7661863179731433
constrained,45,"biggrid50-goal(40,24)",local,140,16015360,0.9571426510810852,0.848920134701868
constrained,45,"biggrid50-goal(40,24)",local,150,16025600,0.9571426510810852,0.848920134701868
constrained,46,"biggrid50-goal(33,31)",local,10,16189440,0.9316325187683105,0.687887567078067
constrained,46,"biggrid50-goal(33,31)",local,20,16199680,0.960204005241394,0.8183226217949399
constrained,46,"biggrid50-goal(33,31)",local,30,16209920,0.9530611038208008,0.785713722061633
constrained,46,"biggrid50-goal(33,31)",local,40,16220160,0.974489688873291,0.8835398770451991
constrained,46,"biggrid50-goal(33,31)",local,50,16230400,0.9734691381454468,0.878880840836036
constrained,46,"biggrid50-goal(33,31)",local,60,16240640,0.9836732745170593,0.9254649444395918
constrained,46,"biggrid50-goal(33,31)",local,70,16250880,0.971428394317627,0.8695644010667729
constrained,46,"biggrid50-goal(33,31)",local,80,16261120,0.9561222791671753,0.7996886538237049
constrained,46,"biggrid50-goal(33,31)",local,90,16271360,0.9683672785758972,0.8555897414128781
constrained,46,"biggrid50-goal(33,31)",local,100,16281600,0.9683672785758972,0.8555897414128781
constrained,46,"biggrid50-goal(33,31)",local,110,16291840,0.951020359992981,0.7763972822923699
constrained,46,"biggrid50-goal(33,31)",local,120,16302080,0.9540814161300659,0.7903716698380875
constrained,46,"biggrid50-goal(33,31)",local,130,16312320,0.9632652401924133,0.8322978256651888
constrained,46,"biggrid50-goal(33,31)",local,140,16322560,0.938775360584259,0.7204961947031966
constrained,46,"biggrid50-goal(33,31)",local,150,16332800,0.9489794969558716,0.7670802983067524
constrained,47,"biggrid50-goal(46,45)",local,10,16496640,0.7724488377571106,0.4789716880666307
constrained,47,"biggrid50-goal(46,45)",local,20,16506880,0.8387753367424011,0.6308407598926355
constrained,47,"biggrid50-goal(46,45)",local,30,16517120,0.8387753367424011,0.6308407598926355
constrained,47,"biggrid50-goal(46,45)",local,40,16527360,0.8642855882644653,0.6892520778420876
constrained,47,"biggrid50-goal(46,45)",local,50,16537600,0.8316324949264526,0.6144856563761866
constrained,47,"biggrid50-goal(46,45)",local,60,16547840,0.8448977470397949,0.6448593615590582
constrained,47,"biggrid50-goal(46,45)",local,70,16558080,0.903061032295227,0.7780369644964995
constrained,47,"biggrid50-goal(46,45)",local,80,16568320,0.8632652163505554,0.6869157124699732
constrained,47,"biggrid50-goal(46,45)",local,90,16578560,0.8867344856262207,0.740653753763549
constrained,47,"biggrid50-goal(46,45)",local,100,16588800,0.8969386219978333,0.764018362830077
constrained,47,"biggrid50-goal(46,45)",local,110,16599040,0.9418366551399231,0.8668222605846468
constrained,47,"biggrid50-goal(46,45)",local,120,16609280,0.9438775181770325,0.8714952642846995
constrained,47,"biggrid50-goal(46,45)",local,130,16619520,0.9336732625961304,0.8481303822623479
constrained,47,"biggrid50-goal(46,45)",local,140,16629760,0.9204079508781433,0.8177565406015647
constrained,47,"biggrid50-goal(46,45)",local,150,16640000,0.8979590535163879,0.7663548646801033
constrained,47,"biggrid50-goal(46,45)",local,160,16650240,0.8642856478691101,0.6892522143199995
constrained,47,"biggrid50-goal(46,45)",local,170,16660480,0.8132652044296265,0.5724297148990071
constrained,47,"biggrid50-goal(46,45)",local,180,16670720,0.9418365359306335,0.8668219876288232
constrained,47,"biggrid50-goal(46,45)",local,190,16680960,0.9428569674491882,0.8691584894788495
constrained,47,"biggrid50-goal(46,45)",local,200,16691200,0.9826528429985046,0.9602798779832877
constrained,48,"biggrid50-goal(3,38)",local,10,16855040,0.8785713315010071,0.6415659841899042
constrained,48,"biggrid50-goal(3,38)",local,20,16865280,0.8918364644050598,0.6807220987699936
constrained,48,"biggrid50-goal(3,38)",local,30,16875520,0.8428570032119751,0.5361441734360127
constrained,48,"biggrid50-goal(3,38)",local,40,16885760,0.8367345929145813,0.5180719987472971
constrained,48,"biggrid50-goal(3,38)",local,50,16896000,0.8367345929145813,0.5180719987472971
constrained,48,"biggrid50-goal(3,38)",local,60,16906240,0.8040815591812134,0.42168653924989136
constrained,48,"biggrid50-goal(3,38)",local,70,16916480,0.7020407915115356,0.12048186835711182
constrained,48,"biggrid50-goal(3,38)",local,80,16926720,0.6377550959587097,-0.06927710949362301
constrained,48,"biggrid50-goal(3,38)",local,90,16936960,0.7030612230300903,0.12349398544260703
constrained,48,"biggrid50-goal(3,38)",local,100,16947200,0.6489795446395874,-0.03614470126026838
constrained,48,"biggrid50-goal(3,38)",local,110,16957440,0.640816330909729,-0.06024093417855591
constrained,48,"biggrid50-goal(3,38)",local,120,16967680,0.6795917749404907,0.05421670000756548
constrained,48,"biggrid50-goal(3,38)",local,130,16977920,0.7132652401924133,0.15361427659046645
constrained,48,"biggrid50-goal(3,38)",local,140,16988160,0.6918366551399231,0.09036122532641531
constrained,48,"biggrid50-goal(3,38)",local,150,16998400,0.6744897961616516,0.03915664240434505
constrained,48,"biggrid50-goal(3,38)",local,160,17008640,0.6867346167564392,0.07530099178177634
constrained,48,"biggrid50-goal(3,38)",local,170,17018880,0.9183672070503235,0.7590357354615207
constrained,48,"biggrid50-goal(3,38)",local,180,17029120,0.9183672070503235,0.7590357354615207
constrained,48,"biggrid50-goal(3,38)",local,190,17039360,0.8877549171447754,0.6686741582522683
constrained,48,"biggrid50-goal(3,38)",local,200,17049600,0.8346937298774719,0.5120477645763066
constrained,48,"biggrid50-goal(3,38)",local,210,17059840,0.9244894981384277,0.7771075582673993
constrained,48,"biggrid50-goal(3,38)",local,220,17070080,0.9795915484428406,0.9397581861143514
constrained,48,"biggrid50-goal(3,38)",local,230,17080320,0.9795915484428406,0.9397581861143514
constrained,48,"biggrid50-goal(3,38)",local,240,17090560,0.9795915484428406,0.9397581861143514
constrained,48,"biggrid50-goal(3,38)",local,250,17100800,0.9795915484428406,0.9397581861143514
constrained,49,"biggrid50-goal(46,3)",local,10,17264640,0.7673468589782715,0.3510434205326327
constrained,49,"biggrid50-goal(46,3)",local,20,17274880,0.7938774824142456,0.4250472468318811
constrained,49,"biggrid50-goal(46,3)",local,30,17285120,0.7214285135269165,0.22295999011752726
constrained,49,"biggrid50-goal(46,3)",local,40,17295360,0.7428570985794067,0.28273232414843064
constrained,49,"biggrid50-goal(46,3)",local,50,17305600,0.6948979496955872,0.14895633007791426
constrained,49,"biggrid50-goal(46,3)",local,60,17315840,0.6765305399894714,0.09772275840030964
constrained,49,"biggrid50-goal(46,3)",local,70,17326080,0.6336734294891357,-0.021821743401861677
constrained,49,"biggrid50-goal(46,3)",local,80,17336320,0.7071427702903748,0.18311171201037993
constrained,49,"biggrid50-goal(46,3)",local,90,17346560,0.7255101799964905,0.23434528368798455
constrained,49,"biggrid50-goal(46,3)",local,100,17356800,0.6765304803848267,0.09772259214067427
constrained,49,"biggrid50-goal(46,3)",local,110,17367040,0.6755101680755615,0.09487655970242186
constrained,49,"biggrid50-goal(46,3)",local,120,17377280,0.6867345571517944,0.12618557667736435
constrained,49,"biggrid50-goal(46,3)",local,130,17387520,0.701020359992981,0.16603402104414708
constrained,49,"biggrid50-goal(46,3)",local,140,17397760,0.7204080820083618,0.22011362516000413
constrained,49,"biggrid50-goal(46,3)",local,150,17408000,0.7122448682785034,0.19734337053836035
constrained,49,"biggrid50-goal(46,3)",local,160,17418240,0.7122448086738586,0.19734320427872498
constrained,49,"biggrid50-goal(46,3)",local,170,17428480,0.7653060555458069,0.3453508568772217
constrained,49,"biggrid50-goal(46,3)",local,180,17438720,0.8173467516899109,0.49051181199892463
constrained,49,"biggrid50-goal(46,3)",local,190,17448960,0.8153060078620911,0.48481941460314903
constrained,49,"biggrid50-goal(46,3)",local,200,17459200,0.7653059959411621,0.3453506906175864
constrained,49,"biggrid50-goal(46,3)",local,210,17469440,0.8346937298774719,0.5388990187190061
constrained,49,"biggrid50-goal(46,3)",local,220,17479680,0.8295916318893433,0.5246673601910257
constrained,49,"biggrid50-goal(46,3)",local,230,17489920,0.7989794611930847,0.43927857284059074
constrained,49,"biggrid50-goal(46,3)",local,240,17500160,0.808163046836853,0.46489502616012235
constrained,49,"biggrid50-goal(46,3)",local,250,17510400,0.8214284777641296,0.5018972718290172
