method,task_idx,iter,mu,shortfall_current,coeff_current,grad_share_past,t_wall
constrained,1,0,0.0,0.057730481028556824,0.0,,63.63
constrained,1,5,0.0,0.06858022511005402,0.0,,64.839
constrained,1,10,0.0,0.055170925334095955,0.0,,66.398
constrained,1,15,0.0,0.05331923067569733,0.0,,67.61
constrained,1,20,0.0,0.05426991358399391,0.0,,69.168
constrained,1,25,0.0,0.06378209963440895,0.0,,70.376
constrained,1,30,0.0,0.06438399851322174,0.0,,71.934
constrained,1,35,0.0,0.06645999476313591,0.0,,73.147
constrained,1,40,0.0,0.06343266740441322,0.0,,74.706
constrained,1,45,0.0,0.059723781421780586,0.0,,75.912
constrained,1,50,0.0,0.04616382345557213,0.0,,77.648
constrained,1,55,0.0,0.04720829054713249,0.0,,78.854
constrained,1,60,0.0,0.03492920473217964,0.0,,80.417
constrained,1,65,0.0,0.039850231260061264,0.0,,81.624
constrained,1,70,0.0,0.03141169250011444,0.0,,83.182
constrained,1,75,0.0,0.037165723741054535,0.0,,84.389
constrained,1,80,0.0,0.03696263208985329,0.0,,85.951
constrained,1,85,0.0,0.029204238206148148,0.0,,87.16
constrained,1,90,0.0,0.03399220481514931,0.0,,88.722
constrained,1,95,0.0,0.03021978586912155,0.0,,89.93
constrained,1,100,0.0,0.03306204825639725,0.0,,91.667
constrained,1,105,0.0,0.034948959946632385,0.0,,92.875
constrained,1,110,0.0,0.02792229875922203,0.0,,94.435
constrained,1,115,0.0,0.03135160729289055,0.0,,95.642
constrained,1,120,0.0,0.040937408804893494,0.0,,97.2
constrained,1,125,0.0,0.04044179990887642,0.0,,98.41
constrained,1,130,0.0,0.04603954777121544,0.0,,99.971
constrained,1,135,0.0,0.041390836238861084,0.0,,101.18
constrained,1,140,0.0,0.04284623637795448,0.0,,102.739
constrained,1,145,0.0,0.024140596389770508,0.0,,103.947
constrained,2,0,0.0,0.00830935314297676,0.0,,132.538
constrained,2,5,0.0,0.006106279790401459,0.0,,133.751
constrained,2,10,0.0,0.005259864032268524,0.0,,135.494
constrained,2,15,0.0,0.0028326213359832764,0.0,,136.708
constrained,2,20,0.0,0.0,0.0,,138.451
constrained,2,25,0.0,0.0,0.0,,139.663
constrained,2,30,0.0,0.0,0.0,,141.404
constrained,2,35,0.0,0.0,0.0,,142.615
constrained,2,40,0.0,0.0,0.0,,144.362
constrained,2,45,0.0,0.004730742424726486,0.0,,145.575
constrained,2,50,0.0,0.0,0.0,,147.59
constrained,2,55,0.0,0.0,0.0,,148.802
constrained,2,60,0.0,0.0,0.0,,150.544
constrained,2,65,0.0,0.0,0.0,,151.754
constrained,2,70,0.0,0.0,0.0,,153.495
constrained,2,75,0.0,0.0,0.0,,154.707
constrained,2,80,0.0,0.0,0.0,,156.449
constrained,2,85,0.0,0.0,0.0,,157.663
constrained,2,90,0.0,0.0,0.0,,159.404
constrained,2,95,0.0,0.0,0.0,,160.614
constrained,2,100,0.0,0.0,0.0,,162.625
constrained,2,105,0.0,0.0,0.0,,163.839
constrained,2,110,0.0,0.0,0.0,,165.585
constrained,2,115,0.0,0.0,0.0,,166.796
constrained,2,120,0.0,0.0,0.0,,168.544
constrained,2,125,0.0,0.0,0.0,,169.762
constrained,2,130,0.0,0.0,0.0,,171.503
constrained,2,135,0.0,0.0,0.0,,172.717
constrained,2,140,0.0,0.0,0.0,,174.464
constrained,2,145,0.0,0.0,0.0,,175.676
constrained,3,0,0.0,0.09007933363318443,0.0,,226.728
constrained,3,5,0.0,0.06790488213300705,0.0,,227.946
constrained,3,10,0.0,0.06966324150562286,0.0,,229.872
constrained,3,15,0.0,0.05583443492650986,0.0,,231.085
constrained,3,20,0.0,0.05603731796145439,0.0,,233.008
constrained,3,25,0.0,0.04962381720542908,0.0,,234.222
constrained,3,30,0.0,0.026085011661052704,0.0,,236.15
constrained,3,35,0.0,0.03665170073509216,0.0,,237.366
constrained,3,40,0.0,0.02748047560453415,0.0,,239.291
constrained,3,45,0.0,0.024584844708442688,0.0,,240.505
constrained,3,50,0.0,0.014491211622953415,0.0,,242.791
constrained,3,55,0.0,0.022100571542978287,0.0,,244.008
constrained,3,60,0.0,0.0315774530172348,0.0,,245.933
constrained,3,65,0.0,0.041096389293670654,0.0,,247.148
constrained,3,70,0.0,0.022948920726776123,0.0,,249.074
constrained,3,75,0.0,0.03906114771962166,0.0,,250.289
constrained,3,80,0.0,0.04344790056347847,0.0,,252.211
constrained,3,85,0.0,0.04341902211308479,0.0,,253.424
constrained,3,90,0.0,0.03809055685997009,0.0,,255.349
constrained,3,95,0.0,0.02281007543206215,0.0,,256.562
constrained,3,100,0.0,0.025135952979326248,0.0,,258.847
constrained,3,105,0.0,0.035677023231983185,0.0,,260.061
constrained,3,110,0.0,0.025141950696706772,0.0,,261.984
constrained,3,115,0.0,0.03447287529706955,0.0,,263.199
constrained,3,120,0.0,0.020577922463417053,0.0,,265.122
constrained,3,125,0.0,0.029559243470430374,0.0,,266.335
constrained,3,130,0.0,0.033701762557029724,0.0,,268.258
constrained,3,135,0.0,0.03381778672337532,0.0,,269.471
constrained,3,140,0.0,0.017425939440727234,0.0,,271.332
constrained,3,145,0.0,0.038779497146606445,0.0,,272.545
constrained,4,0,0.0,0.08247281238436699,0.0,,328.023
constrained,4,5,0.0,0.07912365719676018,0.0,,329.229
constrained,4,10,0.0,0.06648838892579079,0.0,,331.314
constrained,4,15,0.0,0.0649925209581852,0.0,,332.519
constrained,4,20,0.0,0.05899397283792496,0.0,,334.606
constrained,4,25,0.0,0.05518677830696106,0.0,,335.813
constrained,4,30,0.0,0.051969218999147415,0.0,,337.902
constrained,4,35,0.0,0.04684508964419365,0.0,,339.11
constrained,4,40,0.0,0.04909224063158035,0.0,,341.198
constrained,4,45,0.0,0.02458786964416504,0.0,,342.404
constrained,4,50,0.0,0.04894404485821724,0.0,,344.942
constrained,4,55,0.0,0.0337667353451252,0.0,,346.147
constrained,4,60,0.0,0.06554137542843819,0.0,,348.233
constrained,4,65,0.0,0.04540390148758888,0.0,,349.437
constrained,4,70,0.0,0.04083002358675003,0.0,,351.521
constrained,4,75,0.0,0.044006701558828354,0.0,,352.732
constrained,4,80,0.0,0.05155283212661743,0.0,,354.817
constrained,4,85,0.0,0.07621905580163002,0.0,,356.022
constrained,4,90,0.0,0.0729801282286644,0.0,,358.05
constrained,4,95,0.0,0.05305195972323418,0.0,,359.256
constrained,4,100,0.0,0.05091796815395355,0.0,,361.79
constrained,4,105,0.0,0.03698777034878731,0.0,,362.993
constrained,4,110,0.0,0.04343752562999725,0.0,,365.082
constrained,4,115,0.0,0.04563465341925621,0.0,,366.288
constrained,4,120,0.0,0.034384649246931076,0.0,,368.374
constrained,4,125,0.0,0.0402953214943409,0.0,,369.579
constrained,4,130,0.0,0.04384498670697212,0.0,,371.667
constrained,4,135,0.0,0.027776487171649933,0.0,,372.872
constrained,4,140,0.0,0.041271574795246124,0.0,,374.957
constrained,4,145,0.0,0.03174503892660141,0.0,,376.162
constrained,5,0,0.0,0.1822132859379053,0.0,,436.629
constrained,5,5,0.0,0.18093368038535118,0.0,,437.836
constrained,5,10,0.0,0.19394546560943127,0.0,,440.108
constrained,5,15,0.0,0.1767520308494568,0.0,,441.318
constrained,5,20,0.0,0.17591606825590134,0.0,,443.528
constrained,5,25,0.0,0.18564708158373833,0.0,,444.736
constrained,5,30,0.0,0.1501537524163723,0.0,,446.944
constrained,5,35,0.0,0.1736236959695816,0.0,,448.155
constrained,5,40,0.0,0.1614559143781662,0.0,,450.359
constrained,5,45,0.0,0.16361048445105553,0.0,,451.568
constrained,5,50,0.0,0.16902040131390095,0.0,,454.257
constrained,5,55,0.0,0.16729220747947693,0.0,,455.469
constrained,5,60,0.0,0.16037914156913757,0.0,,457.674
constrained,5,65,0.0,0.17585493065416813,0.0,,458.882
constrained,5,70,0.0,0.1651660967618227,0.0,,461.101
constrained,5,75,0.0,0.15815562196075916,0.0,,462.31
constrained,5,80,0.0,0.1609598658978939,0.0,,464.579
constrained,5,85,0.0,0.17077725380659103,0.0,,465.788
constrained,5,90,0.0,0.14139199629426003,0.0,,468.058
constrained,5,95,0.0,0.14714469388127327,0.0,,469.27
constrained,5,100,0.0,0.16619249619543552,0.0,,472.075
constrained,5,105,0.0,0.17355824075639248,0.0,,473.287
constrained,5,110,0.0,0.15805375762283802,0.0,,475.556
constrained,5,115,0.0,0.1758616305887699,0.0,,476.768
constrained,5,120,0.0,0.17271738685667515,0.0,,479.039
constrained,5,125,0.0,0.13934649154543877,0.0,,480.251
constrained,5,130,0.0,0.16418483667075634,0.0,,482.522
constrained,5,135,0.0,0.1662970893085003,0.0,,483.734
constrained,5,140,0.0,0.16319751925766468,0.0,,486.003
constrained,5,145,0.0,0.16240091808140278,0.0,,487.213
constrained,6,0,0.0,0.19079865887761116,0.0,,552.763
constrained,6,5,0.0,0.1807745397090912,0.0,,553.975
constrained,6,10,0.0006785144805508881,0.20557654276490211,0.00027897332225515,,556.426
constrained,6,15,0.0013261707805318351,0.20532621443271637,0.0005445952521157648,,557.638
constrained,6,20,0.0,0.18788113072514534,0.0,,560.082
constrained,6,25,0.0009298887000165491,0.20760450139641762,0.00038609815984219723,,561.293
constrained,6,30,0.0021367065859243333,0.20981593430042267,0.0008966301773031607,,563.732
constrained,6,35,0.002507805126904685,0.20306894183158875,0.0010185146668807352,,564.946
constrained,6,40,0.0025130935951067205,0.20004406571388245,0.0010054589205693318,,567.395
constrained,6,45,0.00049756308356203,0.1824323572218418,0.0001815432124015788,,568.606
constrained,6,50,0.0015010603438758753,0.20819459855556488,0.000625025311401832,,571.693
constrained,6,55,0.0010508955070444841,0.1962127685546875,0.0004123982337977607,,572.906
constrained,6,60,0.00038051322511266264,0.19433319941163063,0.00014789270490916354,,575.356
constrained,6,65,0.0,0.18846697732806206,0.0,,576.568
constrained,6,70,0.0,0.18573705479502678,0.0,,579.019
constrained,6,75,0.0,0.1882821023464203,0.0,,580.233
constrained,6,80,0.0009774627368555327,0.20798607915639877,0.00040659728432013,,582.619
constrained,6,85,0.0006829929553733836,0.1975308433175087,0.00026982434890964407,,583.83
constrained,6,90,0.0017914554628607007,0.20903319120407104,0.0007489473046034769,,586.282
constrained,6,95,0.0028601111812715536,0.2087155617773533,0.0011938994238895636,,587.492
constrained,6,100,0.0020879777736726177,0.19345857948064804,0.0008078744281637413,,590.507
constrained,6,105,0.0026288188026166604,0.204457338899374,0.0010749625936632822,,591.72
constrained,6,110,0.0015170957144151423,0.19051051512360573,0.0005780453720900868,,594.172
constrained,6,115,0.0006710559818353131,0.19282081723213196,0.00025878712565199154,,595.383
constrained,6,120,0.0011945603983408003,0.20431596785783768,0.00048813552790328944,,597.775
constrained,6,125,0.0007628992057252097,0.19636987894773483,0.000299620849355165,,598.985
constrained,6,130,0.0,0.1900305561721325,0.0,,601.422
constrained,6,135,0.0,0.17409175261855125,0.0,,602.629
constrained,6,140,0.0,0.18468575552105904,0.0,,605.043
constrained,6,145,0.0,0.18907300755381584,0.0,,606.255
constrained,7,0,0.0,0.06831003352999687,0.0,,650.461
constrained,7,5,0.0,0.05866475775837898,0.0,,651.675
constrained,7,10,0.0,0.07498783618211746,0.0,,654.308
constrained,7,15,0.0,0.058333322405815125,0.0,,655.522
constrained,7,20,0.0,0.061251282691955566,0.0,,658.155
constrained,7,25,0.0,0.0796537734568119,0.0,,659.369
constrained,7,30,0.0,0.07167436555027962,0.0,,662.004
constrained,7,35,0.0,0.07324984669685364,0.0,,663.218
constrained,7,40,0.0,0.046546194702386856,0.0,,665.85
constrained,7,45,0.0,0.05149887874722481,0.0,,667.065
constrained,7,50,0.0,0.06147154048085213,0.0,,670.423
constrained,7,55,0.0,0.056700579822063446,0.0,,671.638
constrained,7,60,0.0,0.07464602589607239,0.0,,674.275
constrained,7,65,0.0,0.06783825904130936,0.0,,675.49
constrained,7,70,0.0,0.07521971687674522,0.0,,678.122
constrained,7,75,0.0,0.06362948194146156,0.0,,679.337
constrained,7,80,0.0,0.05792149901390076,0.0,,681.972
constrained,7,85,0.0,0.059779901057481766,0.0,,683.185
constrained,7,90,0.0,0.058649539947509766,0.0,,685.821
constrained,7,95,0.0,0.0610564649105072,0.0,,687.036
constrained,7,100,0.0,0.06402632966637611,0.0,,690.402
constrained,7,105,0.0,0.06971026957035065,0.0,,691.615
constrained,7,110,0.0,0.06725292280316353,0.0,,694.246
constrained,7,115,0.0,0.06514439359307289,0.0,,695.459
constrained,7,120,0.0,0.05865926295518875,0.0,,698.093
constrained,7,125,0.0,0.05374276638031006,0.0,,699.306
constrained,7,130,0.0,0.05143282562494278,0.0,,701.942
constrained,7,135,0.0,0.06504480913281441,0.0,,703.157
constrained,7,140,0.0,0.05871207267045975,0.0,,705.789
constrained,7,145,0.0,0.06399918347597122,0.0,,707.005
constrained,8,0,0.0,0.14981460571289062,0.0,,782.008
constrained,8,5,0.0,0.1558620184659958,0.0,,783.212
constrained,8,10,0.0,0.16197799891233444,0.0,,786.004
constrained,8,15,0.0,0.15355942770838737,0.0,,787.21
constrained,8,20,0.0,0.1739288903772831,0.0,,790.01
constrained,8,25,0.0,0.16121935471892357,0.0,,791.217
constrained,8,30,0.0,0.16393616423010826,0.0,,794.022
constrained,8,35,0.0,0.16610563546419144,0.0,,795.228
constrained,8,40,0.0,0.1607610322535038,0.0,,798.001
constrained,8,45,0.0,0.17189467325806618,0.0,,799.207
constrained,8,50,0.0,0.17572765052318573,0.0,,802.793
constrained,8,55,0.0,0.16510802879929543,0.0,,804.001
constrained,8,60,0.0,0.1744164638221264,0.0,,806.804
constrained,8,65,0.0,0.16509553417563438,0.0,,808.01
constrained,8,70,0.0,0.1679185815155506,0.0,,810.808
constrained,8,75,0.0,0.17053881287574768,0.0,,812.015
constrained,8,80,0.0,0.17442253232002258,0.0,,814.814
constrained,8,85,0.0,0.17610976099967957,0.0,,816.027
constrained,8,90,0.0,0.17706897109746933,0.0,,818.829
constrained,8,95,0.0,0.17992907017469406,0.0,,820.034
constrained,8,100,0.0,0.17407966777682304,0.0,,823.647
constrained,8,105,0.0,0.1751616932451725,0.0,,824.853
constrained,8,110,0.0,0.1705542840063572,0.0,,827.647
constrained,8,115,0.0,0.1681949533522129,0.0,,828.857
constrained,8,120,0.0,0.1715099737048149,0.0,,831.651
constrained,8,125,0.0,0.1717652790248394,0.0,,832.855
constrained,8,130,0.0,0.18447617441415787,0.0,,835.654
constrained,8,135,0.0,0.1831923872232437,0.0,,836.859
constrained,8,140,0.0,0.17375214770436287,0.0,,839.664
constrained,8,145,0.0,0.1644415333867073,0.0,,840.873
constrained,9,0,0.0,0.11627021804451942,0.0,,920.878
constrained,9,5,0.0,0.10840635374188423,0.0,,922.086
constrained,9,10,0.0,0.1183297224342823,0.0,,925.034
constrained,9,15,0.0,0.11480863019824028,0.0,,926.245
constrained,9,20,0.0,0.12445841357111931,0.0,,929.22
constrained,9,25,0.0,0.11159048974514008,0.0,,930.436
constrained,9,30,0.0,0.1194806843996048,0.0,,933.41
constrained,9,35,0.0,0.11717062443494797,0.0,,934.62
constrained,9,40,0.0,0.13928688690066338,0.0,,937.594
constrained,9,45,0.0,0.13852347433567047,0.0,,938.806
constrained,9,50,0.0,0.13238108903169632,0.0,,942.684
constrained,9,55,0.0,0.13399897888302803,0.0,,943.896
constrained,9,60,0.0,0.13791418820619583,0.0,,946.868
constrained,9,65,0.0,0.12883246317505836,0.0,,948.076
constrained,9,70,0.0,0.1412579007446766,0.0,,951.051
constrained,9,75,0.0,0.10585467144846916,0.0,,952.261
constrained,9,80,0.0,0.1148778423666954,0.0,,955.238
constrained,9,85,0.0,0.12674079835414886,0.0,,956.448
constrained,9,90,0.0,0.12488842383027077,0.0,,959.424
constrained,9,95,0.0,0.11733030527830124,0.0,,960.632
constrained,9,100,0.0,0.12982860952615738,0.0,,964.506
constrained,9,105,0.0,0.13025550171732903,0.0,,965.716
constrained,9,110,0.0,0.13984083011746407,0.0,,968.692
constrained,9,115,0.0,0.1574227288365364,0.0,,969.902
constrained,9,120,0.0,0.16512718424201012,0.0,,972.885
constrained,9,125,0.0,0.15750787407159805,0.0,,974.097
constrained,9,130,0.0,0.15473546832799911,0.0,,977.078
constrained,9,135,0.0,0.13396168500185013,0.0,,978.285
constrained,9,140,0.0,0.13839224353432655,0.0,,981.269
constrained,9,145,0.0,0.1401800811290741,0.0,,982.477
constrained,10,0,0.0,0.09659374132752419,0.0,,1035.953
constrained,10,5,0.0,0.09885785728693008,0.0,,1037.166
constrained,10,10,0.0,0.10978996753692627,0.0,,1040.325
constrained,10,15,0.0,0.09872708097100258,0.0,,1041.538
constrained,10,20,0.0,0.10619447007775307,0.0,,1044.696
constrained,10,25,0.0,0.09373873472213745,0.0,,1045.91
constrained,10,30,0.0,0.10805300623178482,0.0,,1049.06
constrained,10,35,0.0,0.11050459370017052,0.0,,1050.271
constrained,10,40,0.0,0.11505936086177826,0.0,,1053.425
constrained,10,45,0.0,0.1014028862118721,0.0,,1054.637
constrained,10,50,0.0,0.10136711969971657,0.0,,1058.785
constrained,10,55,0.0,0.09174104407429695,0.0,,1059.998
constrained,10,60,0.0,0.09593365341424942,0.0,,1063.15
constrained,10,65,0.0,0.09947403892874718,0.0,,1064.363
constrained,10,70,0.0,0.09314635396003723,0.0,,1067.514
constrained,10,75,0.0,0.09220979362726212,0.0,,1068.726
constrained,10,80,0.0,0.09977715089917183,0.0,,1071.883
constrained,10,85,0.0,0.08499868586659431,0.0,,1073.096
constrained,10,90,0.0,0.08999581262469292,0.0,,1076.247
constrained,10,95,0.0,0.0963006429374218,0.0,,1077.458
constrained,10,100,0.0,0.0966666229069233,0.0,,1081.595
constrained,10,105,0.0,0.09780937805771828,0.0,,1082.812
constrained,10,110,0.0,0.08188190683722496,0.0,,1085.974
constrained,10,115,0.0,0.09535860829055309,0.0,,1087.184
constrained,10,120,0.0,0.07803637161850929,0.0,,1090.338
constrained,10,125,0.0,0.08827195689082146,0.0,,1091.552
constrained,10,130,0.0,0.09961115941405296,0.0,,1094.707
constrained,10,135,0.0,0.07984063029289246,0.0,,1095.921
constrained,10,140,0.0,0.08308622986078262,0.0,,1099.079
constrained,10,145,0.0,0.08212331682443619,0.0,,1100.292
constrained,11,0,0.0,0.0,0.0,,1156.947
constrained,11,5,0.0,0.0,0.0,,1158.16
constrained,11,10,0.0,0.0,0.0,,1161.494
constrained,11,15,0.0,0.0,0.0,,1162.71
constrained,11,20,0.0,0.0,0.0,,1166.05
constrained,11,25,0.0,0.0,0.0,,1167.268
constrained,11,30,0.0,0.0,0.0,,1170.605
constrained,11,35,0.0,0.009721379727125168,0.0,,1171.824
constrained,11,40,0.0,0.009239964187145233,0.0,,1175.161
constrained,11,45,0.0,0.001444019377231598,0.0,,1176.375
constrained,11,50,0.0,0.020617865025997162,0.0,,1180.798
constrained,11,55,0.0,0.0,0.0,,1182.011
constrained,11,60,0.0,0.0,0.0,,1185.35
constrained,11,65,0.0,0.0,0.0,,1186.563
constrained,11,70,0.0,0.002381458878517151,0.0,,1189.9
constrained,11,75,0.0,0.0,0.0,,1191.114
constrained,11,80,0.0,0.009524207562208176,0.0,,1194.454
constrained,11,85,0.0,0.0025977827608585358,0.0,,1195.669
constrained,11,90,0.0,0.005309503525495529,0.0,,1199.012
constrained,11,95,0.0,0.0009050369262695312,0.0,,1200.228
constrained,11,100,0.0,0.003369878977537155,0.0,,1204.629
constrained,11,105,0.0,0.0,0.0,,1205.844
constrained,11,110,0.0,0.0,0.0,,1209.181
constrained,11,115,0.0,0.0,0.0,,1210.401
constrained,11,120,0.0,0.0063213929533958435,0.0,,1213.705
constrained,11,125,0.0,0.001987658441066742,0.0,,1214.921
constrained,11,130,0.0,0.0,0.0,,1218.219
constrained,11,135,0.0,0.0,0.0,,1219.433
constrained,11,140,0.0,0.0,0.0,,1222.683
constrained,11,145,0.0,0.006145015358924866,0.0,,1223.898
constrained,12,0,0.0,0.11975336819887161,0.0,,1282.59
constrained,12,5,0.0,0.10197857767343521,0.0,,1283.793
constrained,12,10,0.0,0.09102342277765274,0.0,,1287.301
constrained,12,15,0.0,0.09717080369591713,0.0,,1288.508
constrained,12,20,0.0,0.10428933799266815,0.0,,1292.012
constrained,12,25,0.0,0.08977353572845459,0.0,,1293.217
constrained,12,30,0.0,0.08870482817292213,0.0,,1296.731
constrained,12,35,0.0,0.09464060142636299,0.0,,1297.938
constrained,12,40,0.0,0.08335736393928528,0.0,,1301.438
constrained,12,45,0.0,0.08811281993985176,0.0,,1302.641
constrained,12,50,0.0,0.08660199865698814,0.0,,1307.318
constrained,12,55,0.0,0.08199417218565941,0.0,,1308.524
constrained,12,60,0.0,0.08228589594364166,0.0,,1312.031
constrained,12,65,0.0,0.08345090597867966,0.0,,1313.235
constrained,12,70,0.0,0.07490450143814087,0.0,,1316.739
constrained,12,75,0.0,0.07780604064464569,0.0,,1317.945
constrained,12,80,0.0,0.08595001697540283,0.0,,1321.449
constrained,12,85,0.0,0.08249325677752495,0.0,,1322.652
constrained,12,90,0.0,0.08034703880548477,0.0,,1326.161
constrained,12,95,0.0,0.08110809326171875,0.0,,1327.367
constrained,12,100,0.0,0.08382084220647812,0.0,,1331.916
constrained,12,105,0.0,0.08272812142968178,0.0,,1333.123
constrained,12,110,0.0,0.08353001996874809,0.0,,1336.613
constrained,12,115,0.0,0.0682590939104557,0.0,,1337.817
constrained,12,120,0.0,0.09026237949728966,0.0,,1341.322
constrained,12,125,0.0,0.08854122832417488,0.0,,1342.53
constrained,12,130,0.0,0.09529448300600052,0.0,,1345.985
constrained,12,135,0.0,0.0871368870139122,0.0,,1347.19
constrained,12,140,0.0,0.0975136011838913,0.0,,1350.691
constrained,12,145,0.0,0.09838591516017914,0.0,,1351.898
constrained,13,0,0.0,0.10444708541035652,0.0,,1414.52
constrained,13,5,0.0,0.0923147201538086,0.0,,1415.73
constrained,13,10,0.0,0.11334795504808426,0.0,,1419.414
constrained,13,15,0.0,0.11944650486111641,0.0,,1420.623
constrained,13,20,0.0,0.1321001946926117,0.0,,1424.233
constrained,13,25,0.0,0.14098533242940903,0.0,,1425.443
constrained,13,30,0.0,0.11912405118346214,0.0,,1429.062
constrained,13,35,0.0,0.13542886823415756,0.0,,1430.273
constrained,13,40,0.0,0.13314301148056984,0.0,,1433.885
constrained,13,45,0.0,0.13063041493296623,0.0,,1435.093
constrained,13,50,0.0,0.13506599515676498,0.0,,1439.903
constrained,13,55,0.0,0.1426452286541462,0.0,,1441.11
constrained,13,60,0.0,0.13583124801516533,0.0,,1444.717
constrained,13,65,0.0,0.14334136247634888,0.0,,1445.924
constrained,13,70,0.0,0.14031252264976501,0.0,,1449.489
constrained,13,75,0.0,0.1460758037865162,0.0,,1450.699
constrained,13,80,0.0,0.14165251702070236,0.0,,1454.336
constrained,13,85,0.0,0.13280578330159187,0.0,,1455.544
constrained,13,90,0.0,0.1304398514330387,0.0,,1459.222
constrained,13,95,0.0,0.12383050099015236,0.0,,1460.432
constrained,13,100,0.0,0.14154502004384995,0.0,,1465.372
constrained,13,105,0.0,0.12722494825720787,0.0,,1466.58
constrained,13,110,0.0,0.12503015995025635,0.0,,1470.201
constrained,13,115,0.0,0.12774275988340378,0.0,,1471.409
constrained,13,120,0.0,0.1261717900633812,0.0,,1475.092
constrained,13,125,0.0,0.12313199788331985,0.0,,1476.304
constrained,13,130,0.0,0.11835599318146706,0.0,,1479.993
constrained,13,135,0.0,0.1251247227191925,0.0,,1481.202
constrained,13,140,0.0,0.11472543329000473,0.0,,1484.831
constrained,13,145,0.0,0.1267167031764984,0.0,,1486.036
constrained,14,0,0.0,0.0,0.0,,1551.063
constrained,14,5,0.0,0.0,0.0,,1552.278
constrained,14,10,0.0,0.0,0.0,,1556.134
constrained,14,15,0.0,0.0,0.0,,1557.347
constrained,14,20,0.0,0.0,0.0,,1561.216
constrained,14,25,0.0,0.0,0.0,,1562.429
constrained,14,30,0.0,0.0,0.0,,1566.297
constrained,14,35,0.0,0.0,0.0,,1567.509
constrained,14,40,0.0,0.0,0.0,,1571.296
constrained,14,45,0.0,0.0,0.0,,1572.508
constrained,14,50,0.0,0.0,0.0,,1577.737
constrained,14,55,0.0,0.0,0.0,,1578.952
constrained,14,60,0.0,0.0,0.0,,1582.824
constrained,14,65,0.0,0.0,0.0,,1584.035
constrained,14,70,0.0,0.0,0.0,,1587.869
constrained,14,75,0.0,0.0,0.0,,1589.087
constrained,14,80,0.0,0.0,0.0,,1592.96
constrained,14,85,0.0,0.0,0.0,,1594.174
constrained,14,90,0.0,0.0,0.0,,1597.988
constrained,14,95,0.0,0.0,0.0,,1599.2
constrained,14,100,0.0,0.0,0.0,,1604.349
constrained,14,105,0.0,0.0,0.0,,1605.561
constrained,14,110,0.0,0.0,0.0,,1609.435
constrained,14,115,0.0,0.0,0.0,,1610.647
constrained,14,120,0.0,0.0,0.0,,1614.525
constrained,14,125,0.0,0.0,0.0,,1615.736
constrained,14,130,0.0,0.0,0.0,,1619.603
constrained,14,135,0.0,0.0,0.0,,1620.816
constrained,14,140,0.0,0.0,0.0,,1624.688
constrained,14,145,0.0,0.0,0.0,,1625.902
constrained,15,0,0.0,0.009127307683229446,0.0,,1735.779
constrained,15,5,0.0,0.03219004347920418,0.0,,1736.999
constrained,15,10,0.0,0.03763720765709877,0.0,,1741.057
constrained,15,15,0.0,0.026546232402324677,0.0,,1742.278
constrained,15,20,0.0,0.02698173001408577,0.0,,1746.334
constrained,15,25,0.0,0.04698389768600464,0.0,,1747.553
constrained,15,30,0.0,0.05767502635717392,0.0,,1751.61
constrained,15,35,0.0,0.05879081413149834,0.0,,1752.834
constrained,15,40,0.0,0.05573625862598419,0.0,,1756.885
constrained,15,45,0.0,0.05782220512628555,0.0,,1758.104
constrained,15,50,0.0,0.05370713770389557,0.0,,1763.605
constrained,15,55,0.0,0.04846455901861191,0.0,,1764.826
constrained,15,60,0.0,0.05498746410012245,0.0,,1768.891
constrained,15,65,0.0,0.046768371015787125,0.0,,1770.111
constrained,15,70,0.0,0.05777149274945259,0.0,,1774.176
constrained,15,75,0.0,0.058665163815021515,0.0,,1775.396
constrained,15,80,0.0,0.05977461114525795,0.0,,1779.466
constrained,15,85,0.0,0.06508214399218559,0.0,,1780.686
constrained,15,90,0.0,0.061822161078453064,0.0,,1784.752
constrained,15,95,0.0,0.06152040511369705,0.0,,1785.971
constrained,15,100,0.0,0.05545536428689957,0.0,,1791.491
constrained,15,105,0.0,0.0761280246078968,0.0,,1792.711
constrained,15,110,0.0,0.06659684330224991,0.0,,1796.787
constrained,15,115,0.0,0.048219721764326096,0.0,,1798.008
constrained,15,120,0.0,0.04306567460298538,0.0,,1802.079
constrained,15,125,0.0,0.051644112914800644,0.0,,1803.295
constrained,15,130,0.0,0.05982864648103714,0.0,,1807.355
constrained,15,135,0.0,0.05194367840886116,0.0,,1808.576
constrained,15,140,0.0,0.05564986169338226,0.0,,1812.637
constrained,15,145,0.0,0.04670879989862442,0.0,,1813.857
constrained,16,0,0.0,0.0,0.0,,1928.284
constrained,16,5,0.0,0.0,0.0,,1929.493
constrained,16,10,0.0,0.0007366761565208435,0.0,,1933.726
constrained,16,15,0.0,0.022974759340286255,0.0,,1934.934
constrained,16,20,0.0,0.030522692948579788,0.0,,1939.156
constrained,16,25,0.0,0.04204738140106201,0.0,,1940.365
constrained,16,30,0.0,0.026604294776916504,0.0,,1944.589
constrained,16,35,0.0,0.03176931291818619,0.0,,1945.798
constrained,16,40,0.0,0.04089544713497162,0.0,,1950.014
constrained,16,45,0.0,0.030221037566661835,0.0,,1951.225
constrained,16,50,0.0,0.023668400943279266,0.0,,1956.942
constrained,16,55,0.0,0.03866736218333244,0.0,,1958.153
constrained,16,60,0.0,0.037389110773801804,0.0,,1962.369
constrained,16,65,0.0,0.04400584474205971,0.0,,1963.581
constrained,16,70,0.0,0.03799187019467354,0.0,,1967.808
constrained,16,75,0.0,0.015911996364593506,0.0,,1969.02
constrained,16,80,0.0,0.026655245572328568,0.0,,1973.241
constrained,16,85,0.0,0.019450362771749496,0.0,,1974.451
constrained,16,90,0.0,0.028461765497922897,0.0,,1978.659
constrained,16,95,0.0,0.03402119129896164,0.0,,1979.867
constrained,16,100,0.0,0.04299517348408699,0.0,,1985.611
constrained,16,105,0.0,0.052133262157440186,0.0,,1986.823
constrained,16,110,0.0,0.036741968244314194,0.0,,1991.024
constrained,16,115,0.0,0.02690940722823143,0.0,,1992.236
constrained,16,120,0.0,0.03377896919846535,0.0,,1996.445
constrained,16,125,0.0,0.037240881472826004,0.0,,1997.654
constrained,16,130,0.0,0.03013429045677185,0.0,,2001.873
constrained,16,135,0.0,0.017359938472509384,0.0,,2003.084
constrained,16,140,0.0,0.02865796536207199,0.0,,2007.309
constrained,16,145,0.0,0.026066232472658157,0.0,,2008.521
constrained,17,0,0.0,0.1080204900354147,0.0,,2083.82
constrained,17,5,0.0,0.11007761768996716,0.0,,2085.036
constrained,17,10,0.0,0.1119834166020155,0.0,,2089.354
constrained,17,15,0.0,0.09999195672571659,0.0,,2090.57
constrained,17,20,0.0,0.09859745763242245,0.0,,2094.815
constrained,17,25,0.0,0.08348030783236027,0.0,,2096.03
constrained,17,30,0.0,0.09778296761214733,0.0,,2100.42
constrained,17,35,0.0,0.09633284248411655,0.0,,2101.636
constrained,17,40,0.0,0.08404756523668766,0.0,,2106.04
constrained,17,45,0.0,0.08993419446051121,0.0,,2107.256
constrained,17,50,0.0,0.081555200740695,0.0,,2113.279
constrained,17,55,0.0,0.07854392938315868,0.0,,2114.495
constrained,17,60,0.0,0.07598971389234066,0.0,,2118.894
constrained,17,65,0.0,0.08026985265314579,0.0,,2120.11
constrained,17,70,0.0,0.06709829904139042,0.0,,2124.526
constrained,17,75,0.0,0.07808410190045834,0.0,,2125.742
constrained,17,80,0.0,0.07850963808596134,0.0,,2130.14
constrained,17,85,0.0,0.06820797361433506,0.0,,2131.356
constrained,17,90,0.0,0.07435761578381062,0.0,,2135.758
constrained,17,95,0.0,0.05804392509162426,0.0,,2136.975
constrained,17,100,0.0,0.0660946685820818,0.0,,2142.964
constrained,17,105,0.0,0.07778106816112995,0.0,,2144.179
constrained,17,110,0.0,0.058170588687062263,0.0,,2148.583
constrained,17,115,0.0,0.06742041371762753,0.0,,2149.8
constrained,17,120,0.0,0.06830018199980259,0.0,,2154.205
constrained,17,125,0.0,0.06863605417311192,0.0,,2155.424
constrained,17,130,0.0,0.06561344675719738,0.0,,2159.794
constrained,17,135,0.0,0.0750198531895876,0.0,,2161.003
constrained,17,140,0.0,0.06494816206395626,0.0,,2165.391
constrained,17,145,0.0,0.0727998185902834,0.0,,2166.602
constrained,18,0,0.0,0.13564594089984894,0.0,,2244.245
constrained,18,5,0.0,0.1400085650384426,0.0,,2245.456
constrained,18,10,0.0,0.13427649438381195,0.0,,2250.002
constrained,18,15,0.0,0.1243143156170845,0.0,,2251.216
constrained,18,20,0.0,0.12413319572806358,0.0,,2255.694
constrained,18,25,0.0,0.13032959029078484,0.0,,2256.906
constrained,18,30,0.0,0.11513891443610191,0.0,,2261.36
constrained,18,35,0.0,0.11438171193003654,0.0,,2262.575
constrained,18,40,0.0,0.1106364093720913,0.0,,2267.139
constrained,18,45,0.0,0.09886623173952103,0.0,,2268.351
constrained,18,50,0.0,0.09371163696050644,0.0,,2274.611
constrained,18,55,0.0,0.09668688476085663,0.0,,2275.822
constrained,18,60,0.0,0.0940149575471878,0.0,,2280.408
constrained,18,65,0.0,0.10978881642222404,0.0,,2281.621
constrained,18,70,0.0,0.09410251677036285,0.0,,2286.17
constrained,18,75,0.0,0.08003872260451317,0.0,,2287.385
constrained,18,80,0.0,0.07984783872961998,0.0,,2291.946
constrained,18,85,0.0,0.09060496836900711,0.0,,2293.163
constrained,18,90,0.0,0.09118134528398514,0.0,,2297.708
constrained,18,95,0.0,0.07284269854426384,0.0,,2298.923
constrained,18,100,0.0,0.07622608169913292,0.0,,2305.166
constrained,18,105,0.0,0.07941120490431786,0.0,,2306.382
constrained,18,110,0.0,0.07472673431038857,0.0,,2310.955
constrained,18,115,0.0,0.07563605532050133,0.0,,2312.17
constrained,18,120,0.0,0.07966329157352448,0.0,,2316.736
constrained,18,125,0.0,0.07328971847891808,0.0,,2317.954
constrained,18,130,0.0,0.0528327114880085,0.0,,2322.539
constrained,18,135,0.0,0.06868021562695503,0.0,,2323.759
constrained,18,140,0.0,0.06611987575888634,0.0,,2328.302
constrained,18,145,0.0,0.0748911164700985,0.0,,2329.516
constrained,19,0,0.0,0.12351797707378864,0.0,,2433.064
constrained,19,5,0.0,0.133600240573287,0.0,,2434.281
constrained,19,10,0.0,0.1358801331371069,0.0,,2438.997
constrained,19,15,0.0,0.1539886612445116,0.0,,2440.209
constrained,19,20,0.0,0.15154992416501045,0.0,,2444.964
constrained,19,25,0.0,0.15963732823729515,0.0,,2446.178
constrained,19,30,0.0,0.15606104396283627,0.0,,2450.895
constrained,19,35,0.0,0.1670192163437605,0.0,,2452.109
constrained,19,40,0.0,0.17246273905038834,0.0,,2456.828
constrained,19,45,0.0,0.17161039263010025,0.0,,2458.044
constrained,19,50,0.0,0.1624570693820715,0.0,,2464.58
constrained,19,55,0.0,0.16651505790650845,0.0,,2465.796
constrained,19,60,0.0,0.16346625052392483,0.0,,2470.533
constrained,19,65,0.0,0.17359684221446514,0.0,,2471.747
constrained,19,70,0.0,0.1708685215562582,0.0,,2476.464
constrained,19,75,0.0,0.16885638050734997,0.0,,2477.678
constrained,19,80,0.0,0.16740120761096478,0.0,,2482.403
constrained,19,85,0.0,0.16199082508683205,0.0,,2483.619
constrained,19,90,0.0,0.1677704155445099,0.0,,2488.337
constrained,19,95,0.0,0.16603446565568447,0.0,,2489.553
constrained,19,100,0.0,0.16969971172511578,0.0,,2496.109
constrained,19,105,0.0,0.17866050824522972,0.0,,2497.324
constrained,19,110,0.0,0.17760254815220833,0.0,,2502.049
constrained,19,115,0.0,0.17338091880083084,0.0,,2503.262
constrained,19,120,0.0,0.174713222309947,0.0,,2508.016
constrained,19,125,0.0,0.1711889822036028,0.0,,2509.233
constrained,19,130,0.0,0.16523395292460918,0.0,,2513.994
constrained,19,135,0.0,0.16930856555700302,0.0,,2515.209
constrained,19,140,0.0,0.16669265553355217,0.0,,2519.966
constrained,19,145,0.0,0.1685092020779848,0.0,,2521.181
constrained,19,150,0.0,0.16554083675146103,0.0,,2527.753
constrained,19,155,0.0,0.1810507196933031,0.0,,2528.969
constrained,19,160,0.0,0.16888507828116417,0.0,,2533.724
constrained,19,165,0.0,0.16575790010392666,0.0,,2534.942
constrained,19,170,0.0,0.17233852855861187,0.0,,2539.715
constrained,19,175,0.0,0.16907504759728909,0.0,,2540.934
constrained,19,180,0.0,0.16612901538610458,0.0,,2545.703
constrained,19,185,0.0,0.16269343346357346,0.0,,2546.923
constrained,19,190,0.0,0.1745135486125946,0.0,,2551.666
constrained,19,195,0.0,0.17866464145481586,0.0,,2552.882
constrained,19,200,0.0,0.17561486922204494,0.0,,2559.397
constrained,19,205,0.0,0.1813258770853281,0.0,,2560.615
constrained,19,210,0.0,0.17370332032442093,0.0,,2565.374
constrained,19,215,0.0,0.16906293481588364,0.0,,2566.59
constrained,19,220,0.0,0.1769018042832613,0.0,,2571.357
constrained,19,225,0.0,0.16960717551410198,0.0,,2572.573
constrained,19,230,0.0,0.17338029481470585,0.0,,2577.331
constrained,19,235,0.0,0.1743442676961422,0.0,,2578.549
constrained,19,240,0.0,0.18011711351573467,0.0,,2583.309
constrained,19,245,0.0,0.17317392490804195,0.0,,2584.525
constrained,20,0,0.0,0.03172000125050545,0.0,,2718.17
constrained,20,5,0.0,0.023461423814296722,0.0,,2719.38
constrained,20,10,0.0,0.02036307379603386,0.0,,2724.305
constrained,20,15,0.0,0.035229671746492386,0.0,,2725.513
constrained,20,20,0.0,0.02114267647266388,0.0,,2730.445
constrained,20,25,0.0,0.039052240550518036,0.0,,2731.653
constrained,20,30,0.0,0.0379830002784729,0.0,,2736.582
constrained,20,35,0.0,0.03655741363763809,0.0,,2737.789
constrained,20,40,0.0,0.03586924821138382,0.0,,2742.715
constrained,20,45,0.0,0.04290087893605232,0.0,,2743.922
constrained,20,50,0.0,0.04284551367163658,0.0,,2750.73
constrained,20,55,0.0,0.0445617213845253,0.0,,2751.937
constrained,20,60,0.0,0.027409736067056656,0.0,,2756.872
constrained,20,65,0.0,0.03521713614463806,0.0,,2758.083
constrained,20,70,0.0,0.03429904580116272,0.0,,2763.01
constrained,20,75,0.0,0.02164134383201599,0.0,,2764.218
constrained,20,80,0.0,0.04493365064263344,0.0,,2769.149
constrained,20,85,0.0,0.02938353642821312,0.0,,2770.356
constrained,20,90,0.0,0.036672525107860565,0.0,,2775.284
constrained,20,95,0.0,0.04220552742481232,0.0,,2776.491
constrained,20,100,0.0,0.03146706148982048,0.0,,2783.308
constrained,20,105,0.0,0.04501733556389809,0.0,,2784.517
constrained,20,110,0.0,0.054090213030576706,0.0,,2789.449
constrained,20,115,0.0,0.04414704069495201,0.0,,2790.657
constrained,20,120,0.0,0.03580106049776077,0.0,,2795.592
constrained,20,125,0.0,0.04110923036932945,0.0,,2796.799
constrained,20,130,0.0,0.03358586132526398,0.0,,2801.731
constrained,20,135,0.0,0.03552025556564331,0.0,,2802.94
constrained,20,140,0.0,0.025851476937532425,0.0,,2807.876
constrained,20,145,0.0,0.034055016934871674,0.0,,2809.084
constrained,21,0,0.0,0.1924890223890543,0.0,,2896.633
constrained,21,5,0.0,0.19031796418130398,0.0,,2897.842
constrained,21,10,0.0,0.19676988199353218,0.0,,2902.942
constrained,21,15,0.0,0.19037286564707756,0.0,,2904.152
constrained,21,20,0.0,0.17557981982827187,0.0,,2909.253
constrained,21,25,0.0,0.1731492355465889,0.0,,2910.464
constrained,21,30,0.0,0.1562308892607689,0.0,,2915.574
constrained,21,35,0.0,0.1459327358752489,0.0,,2916.787
constrained,21,40,0.0,0.1488935984671116,0.0,,2921.866
constrained,21,45,0.0,0.13060307875275612,0.0,,2923.075
constrained,21,50,0.0,0.13259548880159855,0.0,,2930.176
constrained,21,55,0.0,0.1456258948892355,0.0,,2931.388
constrained,21,60,0.0,0.14088726043701172,0.0,,2936.492
constrained,21,65,0.0,0.14994424022734165,0.0,,2937.702
constrained,21,70,0.0,0.157974099740386,0.0,,2942.803
constrained,21,75,0.0,0.13862188160419464,0.0,,2944.015
constrained,21,80,0.0,0.1445417534559965,0.0,,2949.123
constrained,21,85,0.0,0.14519150741398335,0.0,,2950.333
constrained,21,90,0.0,0.14740763790905476,0.0,,2955.445
constrained,21,95,0.0,0.146507166326046,0.0,,2956.655
constrained,21,100,0.0,0.1447488646954298,0.0,,2963.729
constrained,21,105,0.0,0.15141775645315647,0.0,,2964.937
constrained,21,110,0.0,0.13971399143338203,0.0,,2970.048
constrained,21,115,0.0,0.151578051969409,0.0,,2971.258
constrained,21,120,0.0,0.15021347999572754,0.0,,2976.361
constrained,21,125,0.0,0.14482888393104076,0.0,,2977.572
constrained,21,130,0.0,0.14154495298862457,0.0,,2982.675
constrained,21,135,0.0,0.14226153679192066,0.0,,2983.884
constrained,21,140,0.0,0.1452331356704235,0.0,,2988.992
constrained,21,145,0.0,0.15610157698392868,0.0,,2990.2
constrained,22,0,0.0,0.03065403178334236,0.0,,3080.483
constrained,22,5,0.0,0.04109824448823929,0.0,,3081.696
constrained,22,10,0.0,0.04180164262652397,0.0,,3086.962
constrained,22,15,0.0,0.06765953823924065,0.0,,3088.176
constrained,22,20,0.0,0.06772209703922272,0.0,,3093.465
constrained,22,25,0.0,0.06622006744146347,0.0,,3094.675
constrained,22,30,0.0,0.07244802638888359,0.0,,3099.962
constrained,22,35,0.0,0.06591138243675232,0.0,,3101.174
constrained,22,40,0.0,0.07068556174635887,0.0,,3106.467
constrained,22,45,0.0,0.08426789566874504,0.0,,3107.678
constrained,22,50,0.0,0.08186454698443413,0.0,,3115.029
constrained,22,55,0.0,0.08854593709111214,0.0,,3116.24
constrained,22,60,0.0,0.08940707892179489,0.0,,3121.503
constrained,22,65,0.0,0.07928923517465591,0.0,,3122.714
constrained,22,70,0.0,0.07108967751264572,0.0,,3127.998
constrained,22,75,0.0,0.072027537971735,0.0,,3129.211
constrained,22,80,0.0,0.0851454809308052,0.0,,3134.495
constrained,22,85,0.0,0.08216353878378868,0.0,,3135.707
constrained,22,90,0.0,0.07382674887776375,0.0,,3140.981
constrained,22,95,0.0,0.07039744779467583,0.0,,3142.199
constrained,22,100,0.0,0.09004419669508934,0.0,,3149.545
constrained,22,105,0.0,0.08093877509236336,0.0,,3150.756
constrained,22,110,0.0,0.08138363808393478,0.0,,3156.047
constrained,22,115,0.0,0.0946836918592453,0.0,,3157.259
constrained,22,120,0.0,0.09017226099967957,0.0,,3162.544
constrained,22,125,0.0,0.09170824661850929,0.0,,3163.759
constrained,22,130,0.0,0.07592159137129784,0.0,,3169.045
constrained,22,135,0.0,0.08263562619686127,0.0,,3170.258
constrained,22,140,0.0,0.08269325643777847,0.0,,3175.535
constrained,22,145,0.0,0.0811428539454937,0.0,,3176.747
constrained,23,0,0.0023030632038348797,0.2183503545820713,0.0010057493343645343,,3325.47
constrained,23,5,0.0045100135087627734,0.2176154889166355,0.0019628975894600835,,3326.685
constrained,23,10,0.006196494906337712,0.21359214559197426,0.002647045284388823,,3332.153
constrained,23,15,0.007375017106528485,0.20959104783833027,0.0030914751263658316,,3333.368
constrained,23,20,0.007683596888126317,0.20255517587065697,0.0031127046379873175,,3338.838
constrained,23,25,0.0089536915891197,0.21031797118484974,0.0037662444992770175,,3340.053
constrained,23,30,0.009279129027692356,0.20269383676350117,0.0037616445288930793,,3345.521
constrained,23,35,0.008769354595774319,0.19570577889680862,0.0034324267431766428,,3346.738
constrained,23,40,0.007408349595979898,0.18831706419587135,0.0027902372929032083,,3352.205
constrained,23,45,0.004018904848293361,0.16941620595753193,0.0013617352230043834,,3353.423
constrained,23,50,2.5471528484100232e-05,0.16336632333695889,8.322379916440153e-06,,3361.041
constrained,23,55,0.0,0.17463636957108974,0.0,,3362.258
constrained,23,60,0.0,0.176711680367589,0.0,,3367.724
constrained,23,65,0.0,0.17729191109538078,0.0,,3368.941
constrained,23,70,0.0,0.1850794143974781,0.0,,3374.411
constrained,23,75,0.0,0.18496611155569553,0.0,,3375.629
constrained,23,80,0.0,0.17930391430854797,0.0,,3381.094
constrained,23,85,0.0,0.19224963895976543,0.0,,3382.311
constrained,23,90,0.0,0.18163046427071095,0.0,,3387.776
constrained,23,95,0.0,0.18686661683022976,0.0,,3388.995
constrained,23,100,0.0,0.1697438582777977,0.0,,3396.753
constrained,23,105,0.0,0.17785341292619705,0.0,,3397.971
constrained,23,110,0.0,0.1754319928586483,0.0,,3403.455
constrained,23,115,0.0,0.17837867699563503,0.0,,3404.67
constrained,23,120,0.0,0.17439785040915012,0.0,,3410.04
constrained,23,125,0.0,0.1767857801169157,0.0,,3411.258
constrained,23,130,0.0,0.15715335123240948,0.0,,3416.748
constrained,23,135,0.0,0.17537968046963215,0.0,,3417.965
constrained,23,140,0.0,0.1627268698066473,0.0,,3423.427
constrained,23,145,0.0,0.15773995034396648,0.0,,3424.644
constrained,24,0,0.0,0.057016704231500626,0.0,,3520.595
constrained,24,5,0.0,0.05683783069252968,0.0,,3521.802
constrained,24,10,0.0,0.05147996544837952,0.0,,3527.403
constrained,24,15,0.0,0.055731337517499924,0.0,,3528.608
constrained,24,20,0.0,0.04827192425727844,0.0,,3534.134
constrained,24,25,0.0,0.052589669823646545,0.0,,3535.34
constrained,24,30,0.0,0.06411722674965858,0.0,,3540.928
constrained,24,35,0.0,0.06921283155679703,0.0,,3542.134
constrained,24,40,0.0,0.08563456311821938,0.0,,3547.717
constrained,24,45,0.0,0.09235620126128197,0.0,,3548.925
constrained,24,50,0.0,0.08173442631959915,0.0,,3556.815
constrained,24,55,0.0,0.07288521900773048,0.0,,3558.022
constrained,24,60,0.0,0.06060141324996948,0.0,,3563.659
constrained,24,65,0.0,0.09012593701481819,0.0,,3564.867
constrained,24,70,0.0,0.10028402507305145,0.0,,3570.498
constrained,24,75,0.0,0.10407115891575813,0.0,,3571.704
constrained,24,80,0.0,0.08243172615766525,0.0,,3577.335
constrained,24,85,0.0,0.08302229270339012,0.0,,3578.544
constrained,24,90,0.0,0.087775819003582,0.0,,3584.131
constrained,24,95,0.0,0.07927846536040306,0.0,,3585.338
constrained,24,100,0.0,0.08087693899869919,0.0,,3593.248
constrained,24,105,0.0,0.08800743520259857,0.0,,3594.455
constrained,24,110,0.0,0.07706297188997269,0.0,,3600.093
constrained,24,115,0.0,0.08797749876976013,0.0,,3601.3
constrained,24,120,0.0,0.0754258744418621,0.0,,3606.904
constrained,24,125,0.0,0.08070001006126404,0.0,,3608.111
constrained,24,130,0.0,0.0758223682641983,0.0,,3613.738
constrained,24,135,0.0,0.07233615964651108,0.0,,3614.944
constrained,24,140,0.0,0.08503802493214607,0.0,,3620.583
constrained,24,145,0.0,0.09541619569063187,0.0,,3621.792
constrained,25,0,0.0,0.0031497180461883545,0.0,,3721.611
constrained,25,5,0.0,0.00821281224489212,0.0,,3722.821
constrained,25,10,0.0,0.0016192756593227386,0.0,,3728.583
constrained,25,15,0.0,0.009698841720819473,0.0,,3729.792
constrained,25,20,0.0,0.002514231950044632,0.0,,3735.558
constrained,25,25,0.0,0.01036040112376213,0.0,,3736.768
constrained,25,30,0.0,0.013667255640029907,0.0,,3742.578
constrained,25,35,0.0,0.00990590825676918,0.0,,3743.788
constrained,25,40,0.0,0.004034798592329025,0.0,,3749.601
constrained,25,45,0.0,0.005227319896221161,0.0,,3750.812
constrained,25,50,0.0,0.0024786144495010376,0.0,,3758.971
constrained,25,55,0.0,0.0124095119535923,0.0,,3760.18
constrained,25,60,0.0,0.014847420156002045,0.0,,3765.996
constrained,25,65,0.0,0.0,0.0,,3767.206
constrained,25,70,0.0,0.01013399288058281,0.0,,3773.019
constrained,25,75,0.0,0.0016429834067821503,0.0,,3774.233
constrained,25,80,0.0,0.009511440992355347,0.0,,3780.031
constrained,25,85,0.0,0.010002467781305313,0.0,,3781.241
constrained,25,90,0.0,0.013188149780035019,0.0,,3787.026
constrained,25,95,0.0,0.023029934614896774,0.0,,3788.239
constrained,25,100,0.0,0.022440381348133087,0.0,,3796.323
constrained,25,105,0.0,0.004311498254537582,0.0,,3797.534
constrained,25,110,0.0,0.018066298216581345,0.0,,3803.342
constrained,25,115,0.0,0.009920801967382431,0.0,,3804.553
constrained,25,120,0.0,0.011944003403186798,0.0,,3810.374
constrained,25,125,0.0,0.009360019117593765,0.0,,3811.585
constrained,25,130,0.0,0.019095122814178467,0.0,,3817.398
constrained,25,135,0.0,0.012280814349651337,0.0,,3818.61
constrained,25,140,0.0,0.025783278048038483,0.0,,3824.404
constrained,25,145,0.0,0.009362641721963882,0.0,,3825.615
constrained,26,0,0.0,0.0,0.0,,3927.901
constrained,26,5,0.0,0.0,0.0,,3929.113
constrained,26,10,0.0,0.0,0.0,,3935.075
constrained,26,15,0.0,0.0,0.0,,3936.288
constrained,26,20,0.0,0.0,0.0,,3942.254
constrained,26,25,0.0,0.0,0.0,,3943.469
constrained,26,30,0.0,0.0,0.0,,3949.404
constrained,26,35,0.0,0.0,0.0,,3950.622
constrained,26,40,0.0,0.0,0.0,,3956.515
constrained,26,45,0.0,0.0,0.0,,3957.73
constrained,26,50,0.0,0.0,0.0,,3966.041
constrained,26,55,0.0,0.0,0.0,,3967.257
constrained,26,60,0.0,0.0,0.0,,3973.16
constrained,26,65,0.0,0.0,0.0,,3974.374
constrained,26,70,0.0,0.0,0.0,,3980.308
constrained,26,75,0.0,0.0,0.0,,3981.523
constrained,26,80,0.0,0.0,0.0,,3987.454
constrained,26,85,0.0,0.0,0.0,,3988.674
constrained,26,90,0.0,0.0,0.0,,3994.469
constrained,26,95,0.0,0.0,0.0,,3995.684
constrained,26,100,0.0,0.0,0.0,,4003.944
constrained,26,105,0.0,0.0,0.0,,4005.161
constrained,26,110,0.0,0.0,0.0,,4011.094
constrained,26,115,0.0,0.0,0.0,,4012.307
constrained,26,120,0.0,0.0,0.0,,4018.106
constrained,26,125,0.0,0.0,0.0,,4019.318
constrained,26,130,0.0,0.0,0.0,,4025.143
constrained,26,135,0.0,0.0,0.0,,4026.362
constrained,26,140,0.0,0.0,0.0,,4032.255
constrained,26,145,0.0,0.0,0.0,,4033.467
constrained,27,0,0.0,0.09755443781614304,0.0,,4137.918
constrained,27,5,0.0,0.09433512762188911,0.0,,4139.133
constrained,27,10,0.0,0.09302301332354546,0.0,,4145.261
constrained,27,15,0.0,0.09643079712986946,0.0,,4146.477
constrained,27,20,0.0,0.10130765661597252,0.0,,4152.61
constrained,27,25,0.0,0.08608877658843994,0.0,,4153.831
constrained,27,30,0.0,0.08173323422670364,0.0,,4160.004
constrained,27,35,0.0,0.08202367275953293,0.0,,4161.22
constrained,27,40,0.0,0.07528113201260567,0.0,,4167.406
constrained,27,45,0.0,0.06511732563376427,0.0,,4168.622
constrained,27,50,0.0,0.06568680331110954,0.0,,4177.281
constrained,27,55,0.0,0.06614051759243011,0.0,,4178.499
constrained,27,60,0.0,0.08142010122537613,0.0,,4184.689
constrained,27,65,0.0,0.07985994964838028,0.0,,4185.904
constrained,27,70,0.0,0.060967352241277695,0.0,,4192.075
constrained,27,75,0.0,0.057252511382102966,0.0,,4193.292
constrained,27,80,0.0,0.07552384957671165,0.0,,4199.454
constrained,27,85,0.0,0.06774475798010826,0.0,,4200.673
constrained,27,90,0.0,0.07674084976315498,0.0,,4206.835
constrained,27,95,0.0,0.06415553018450737,0.0,,4208.051
constrained,27,100,0.0,0.06375297158956528,0.0,,4216.742
constrained,27,105,0.0,0.0859699659049511,0.0,,4217.959
constrained,27,110,0.0,0.0783858522772789,0.0,,4224.134
constrained,27,115,0.0,0.06753396987915039,0.0,,4225.352
constrained,27,120,0.0,0.07567407935857773,0.0,,4231.538
constrained,27,125,0.0,0.07664388790726662,0.0,,4232.757
constrained,27,130,0.0,0.05836171656847,0.0,,4238.903
constrained,27,135,0.0,0.07781723141670227,0.0,,4240.123
constrained,27,140,0.0,0.06770055368542671,0.0,,4246.307
constrained,27,145,0.0,0.0728161484003067,0.0,,4247.521
constrained,28,0,0.0,0.06472161412239075,0.0,,4418.796
constrained,28,5,0.0,0.07364242896437645,0.0,,4420.005
constrained,28,10,0.0,0.06716131418943405,0.0,,4426.357
constrained,28,15,0.0,0.05929141491651535,0.0,,4427.563
constrained,28,20,0.0,0.059668026864528656,0.0,,4433.903
constrained,28,25,0.0,0.041689250618219376,0.0,,4435.11
constrained,28,30,0.0,0.031116433441638947,0.0,,4441.445
constrained,28,35,0.0,0.0401584766805172,0.0,,4442.652
constrained,28,40,0.0,0.03334389999508858,0.0,,4448.902
constrained,28,45,0.0,0.03264026716351509,0.0,,4450.111
constrained,28,50,0.0,0.03516411781311035,0.0,,4458.808
constrained,28,55,0.0,0.026684578508138657,0.0,,4460.014
constrained,28,60,0.0,0.047153957188129425,0.0,,4466.22
constrained,28,65,0.0,0.03734670951962471,0.0,,4467.429
constrained,28,70,0.0,0.027376659214496613,0.0,,4473.743
constrained,28,75,0.0,0.028034746646881104,0.0,,4474.952
constrained,28,80,0.0,0.036439843475818634,0.0,,4481.194
constrained,28,85,0.0,0.019438184797763824,0.0,,4482.403
constrained,28,90,0.0,0.041363783180713654,0.0,,4488.759
constrained,28,95,0.0,0.02634384110569954,0.0,,4489.968
constrained,28,100,0.0,0.03708554431796074,0.0,,4498.893
constrained,28,105,0.0,0.03938676789402962,0.0,,4500.102
constrained,28,110,0.0,0.04475995525717735,0.0,,4506.428
constrained,28,115,0.0,0.02406604215502739,0.0,,4507.636
constrained,28,120,0.0,0.04303186014294624,0.0,,4513.976
constrained,28,125,0.0,0.029830381274223328,0.0,,4515.185
constrained,28,130,0.0,0.03351667523384094,0.0,,4521.521
constrained,28,135,0.0,0.027523688971996307,0.0,,4522.73
constrained,28,140,0.0,0.03128398209810257,0.0,,4529.065
constrained,28,145,0.0,0.0425940565764904,0.0,,4530.272
constrained,29,0,0.0,0.08046941086649895,0.0,,4707.569
constrained,29,5,0.0,0.09676661528646946,0.0,,4708.78
constrained,29,10,0.0,0.09883437305688858,0.0,,4715.292
constrained,29,15,0.0,0.11238757893443108,0.0,,4716.502
constrained,29,20,0.0,0.1161101683974266,0.0,,4723.018
constrained,29,25,0.0,0.13316483423113823,0.0,,4724.228
constrained,29,30,0.0,0.11230409145355225,0.0,,4730.747
constrained,29,35,0.0,0.11165827699005604,0.0,,4731.959
constrained,29,40,0.0,0.12513801641762257,0.0,,4738.477
constrained,29,45,0.0,0.10690747760236263,0.0,,4739.687
constrained,29,50,0.0,0.1307588554918766,0.0,,4748.882
constrained,29,55,0.0,0.12424920871853828,0.0,,4750.093
constrained,29,60,0.0,0.10813752003014088,0.0,,4756.621
constrained,29,65,0.0,0.1224769800901413,0.0,,4757.831
constrained,29,70,0.0,0.13172625936567783,0.0,,4764.349
constrained,29,75,0.0,0.13151324540376663,0.0,,4765.557
constrained,29,80,0.0,0.13806907273828983,0.0,,4772.08
constrained,29,85,0.0,0.1294232029467821,0.0,,4773.288
constrained,29,90,0.0,0.12250768207013607,0.0,,4779.797
constrained,29,95,0.0,0.13545783795416355,0.0,,4781.007
constrained,29,100,0.0,0.13607959263026714,0.0,,4790.197
constrained,29,105,0.0,0.13529912754893303,0.0,,4791.41
constrained,29,110,0.0,0.13586674630641937,0.0,,4797.918
constrained,29,115,0.0,0.1442924626171589,0.0,,4799.128
constrained,29,120,0.0,0.12929452396929264,0.0,,4805.641
constrained,29,125,0.0,0.13139719888567924,0.0,,4806.855
constrained,29,130,0.0,0.13590745255351067,0.0,,4813.362
constrained,29,135,0.0,0.14573503471910954,0.0,,4814.571
constrained,29,140,0.0,0.14554206654429436,0.0,,4821.084
constrained,29,145,0.0,0.12233524583280087,0.0,,4822.295
constrained,30,0,0.0,0.07530481740832329,0.0,,4937.819
constrained,30,5,0.0,0.06378905847668648,0.0,,4939.03
constrained,30,10,0.0,0.06510721147060394,0.0,,4945.698
constrained,30,15,0.0,0.07781330496072769,0.0,,4946.91
constrained,30,20,0.0,0.0876489020884037,0.0,,4953.605
constrained,30,25,0.0,0.09296643175184727,0.0,,4954.82
constrained,30,30,0.0,0.08722704276442528,0.0,,4961.515
constrained,30,35,0.0,0.0862884446978569,0.0,,4962.726
constrained,30,40,0.0,0.09451080858707428,0.0,,4969.425
constrained,30,45,0.0,0.09745514765381813,0.0,,4970.637
constrained,30,50,0.0,0.10321727022528648,0.0,,4980.106
constrained,30,55,0.0,0.09705835953354836,0.0,,4981.318
constrained,30,60,0.0,0.09888124465942383,0.0,,4988.021
constrained,30,65,0.0,0.10855637490749359,0.0,,4989.233
constrained,30,70,0.0,0.10054193809628487,0.0,,4995.931
constrained,30,75,0.0,0.10993486270308495,0.0,,4997.142
constrained,30,80,0.0,0.10278540663421154,0.0,,5003.771
constrained,30,85,0.0,0.08925145864486694,0.0,,5004.986
constrained,30,90,0.0,0.09750133380293846,0.0,,5011.631
constrained,30,95,0.0,0.10293946042656898,0.0,,5012.845
constrained,30,100,0.0,0.08582425490021706,0.0,,5022.222
constrained,30,105,0.0,0.10040635243058205,0.0,,5023.434
constrained,30,110,0.0,0.1053316667675972,0.0,,5030.057
constrained,30,115,0.0,0.10313485190272331,0.0,,5031.269
constrained,30,120,0.0,0.10418372415006161,0.0,,5037.928
constrained,30,125,0.0,0.10863849893212318,0.0,,5039.14
constrained,30,130,0.0,0.10080151818692684,0.0,,5045.777
constrained,30,135,0.0,0.09280285611748695,0.0,,5046.99
constrained,30,140,0.0,0.09409128315746784,0.0,,5053.576
constrained,30,145,0.0,0.08295471966266632,0.0,,5054.794
constrained,31,0,0.0,0.1396811194717884,0.0,,5171.641
constrained,31,5,0.0,0.13433586061000824,0.0,,5172.855
constrained,31,10,0.0,0.1303589530289173,0.0,,5179.662
constrained,31,15,0.0,0.12474089488387108,0.0,,5180.877
constrained,31,20,0.0,0.1244409792125225,0.0,,5187.732
constrained,31,25,0.0,0.112959124147892,0.0,,5188.947
constrained,31,30,0.0,0.1189369484782219,0.0,,5195.799
constrained,31,35,0.0,0.10932018235325813,0.0,,5197.013
constrained,31,40,0.0,0.11461995542049408,0.0,,5203.853
constrained,31,45,0.0,0.1084781102836132,0.0,,5205.071
constrained,31,50,0.0,0.10382901132106781,0.0,,5214.834
constrained,31,55,0.0,0.0925535038113594,0.0,,5216.051
constrained,31,60,0.0,0.09491359442472458,0.0,,5222.936
constrained,31,65,0.0,0.09916438907384872,0.0,,5224.153
constrained,31,70,0.0,0.10390087589621544,0.0,,5231.04
constrained,31,75,0.0,0.1087360717356205,0.0,,5232.256
constrained,31,80,0.0,0.09950834140181541,0.0,,5239.131
constrained,31,85,0.0,0.10439660772681236,0.0,,5240.348
constrained,31,90,0.0,0.09942439943552017,0.0,,5247.226
constrained,31,95,0.0,0.09325532615184784,0.0,,5248.441
constrained,31,100,0.0,0.0965486466884613,0.0,,5258.174
constrained,31,105,0.0,0.09193820133805275,0.0,,5259.39
constrained,31,110,0.0,0.10118887573480606,0.0,,5266.234
constrained,31,115,0.0,0.10864554718136787,0.0,,5267.45
constrained,31,120,0.0,0.09426497295498848,0.0,,5274.302
constrained,31,125,0.0,0.09516927599906921,0.0,,5275.512
constrained,31,130,0.0,0.10111914202570915,0.0,,5282.393
constrained,31,135,0.0,0.09580579400062561,0.0,,5283.607
constrained,31,140,0.0,0.0939590223133564,0.0,,5290.495
constrained,31,145,0.0,0.10102153196930885,0.0,,5291.711
constrained,32,0,0.0,0.11988658457994461,0.0,,5482.919
constrained,32,5,0.0,0.12170903943479061,0.0,,5484.124
constrained,32,10,0.0,0.10717491246759892,0.0,,5491.168
constrained,32,15,0.0,0.12785863131284714,0.0,,5492.372
constrained,32,20,0.0,0.10444967448711395,0.0,,5499.413
constrained,32,25,0.0,0.09662633575499058,0.0,,5500.617
constrained,32,30,0.0,0.0858878418803215,0.0,,5507.624
constrained,32,35,0.0,0.10303374752402306,0.0,,5508.829
constrained,32,40,0.0,0.08213739469647408,0.0,,5515.819
constrained,32,45,0.0,0.05783828906714916,0.0,,5517.024
constrained,32,50,0.0,0.06268342770636082,0.0,,5527.046
constrained,32,55,0.0,0.050210317596793175,0.0,,5528.253
constrained,32,60,0.0,0.07233488745987415,0.0,,5535.289
constrained,32,65,0.0,0.08164870925247669,0.0,,5536.498
constrained,32,70,0.0,0.0885203443467617,0.0,,5543.573
constrained,32,75,0.0,0.08071386255323887,0.0,,5544.78
constrained,32,80,0.0,0.07425386644899845,0.0,,5551.843
constrained,32,85,0.0,0.09794921614229679,0.0,,5553.048
constrained,32,90,0.0,0.0863854680210352,0.0,,5560.124
constrained,32,95,0.0,0.09368539229035378,0.0,,5561.336
constrained,32,100,0.0,0.0868629477918148,0.0,,5571.22
constrained,32,105,0.0,0.0936308316886425,0.0,,5572.427
constrained,32,110,0.0,0.10267512314021587,0.0,,5579.493
constrained,32,115,0.0,0.09777497686445713,0.0,,5580.7
constrained,32,120,0.0,0.0803484208881855,0.0,,5587.711
constrained,32,125,0.0,0.09834080748260021,0.0,,5588.92
constrained,32,130,0.0,0.10144113563001156,0.0,,5595.937
constrained,32,135,0.0,0.09355870448052883,0.0,,5597.144
constrained,32,140,0.0,0.08981701545417309,0.0,,5604.176
constrained,32,145,0.0,0.0822234284132719,0.0,,5605.383
constrained,33,0,0.0,0.17554207146167755,0.0,,5802.363
constrained,33,5,0.0,0.16387220285832882,0.0,,5803.572
constrained,33,10,0.0,0.16693933866918087,0.0,,5810.799
constrained,33,15,0.0,0.15593534335494041,0.0,,5812.008
constrained,33,20,0.0,0.16317706368863583,0.0,,5819.249
constrained,33,25,0.0,0.1553927380591631,0.0,,5820.463
constrained,33,30,0.0,0.14087379351258278,0.0,,5827.695
constrained,33,35,0.0,0.1247677132487297,0.0,,5828.906
constrained,33,40,0.0,0.12388339638710022,0.0,,5836.093
constrained,33,45,0.0,0.11949638649821281,0.0,,5837.302
constrained,33,50,0.0,0.11527025699615479,0.0,,5847.497
constrained,33,55,0.0,0.11475055292248726,0.0,,5848.708
constrained,33,60,0.0,0.11750569939613342,0.0,,5855.894
constrained,33,65,0.0,0.10990409925580025,0.0,,5857.106
constrained,33,70,0.0,0.11540625244379044,0.0,,5864.294
constrained,33,75,0.0,0.11688495427370071,0.0,,5865.505
constrained,33,80,0.0,0.10571392998099327,0.0,,5872.675
constrained,33,85,0.0,0.11933430284261703,0.0,,5873.883
constrained,33,90,0.0,0.10688801854848862,0.0,,5881.029
constrained,33,95,0.0,0.10505358502268791,0.0,,5882.243
constrained,33,100,0.0,0.1104675829410553,0.0,,5892.449
constrained,33,105,0.0,0.11386455222964287,0.0,,5893.659
constrained,33,110,0.0,0.11958429217338562,0.0,,5900.849
constrained,33,115,0.0,0.1192111149430275,0.0,,5902.061
constrained,33,120,0.0,0.10734713077545166,0.0,,5909.19
constrained,33,125,0.0,0.10649237036705017,0.0,,5910.403
constrained,33,130,0.0,0.10141982138156891,0.0,,5917.574
constrained,33,135,0.0,0.1060175746679306,0.0,,5918.786
constrained,33,140,0.0,0.12074577808380127,0.0,,5925.923
constrained,33,145,0.0,0.11649977043271065,0.0,,5927.134
constrained,34,0,0.0,0.07773105800151825,0.0,,6054.055
constrained,34,5,0.0,0.059996556490659714,0.0,,6055.27
constrained,34,10,0.0,0.057085685431957245,0.0,,6062.651
constrained,34,15,0.0,0.03377457335591316,0.0,,6063.863
constrained,34,20,0.0,0.04459083080291748,0.0,,6071.229
constrained,34,25,0.0,0.03918835148215294,0.0,,6072.442
constrained,34,30,0.0,0.029968224465847015,0.0,,6079.744
constrained,34,35,0.0,0.03930601477622986,0.0,,6080.954
constrained,34,40,0.0,0.026624321937561035,0.0,,6088.258
constrained,34,45,0.0,0.038314055651426315,0.0,,6089.474
constrained,34,50,0.0,0.021876391023397446,0.0,,6099.999
constrained,34,55,0.0,0.02009466290473938,0.0,,6101.211
constrained,34,60,0.0,0.013329621404409409,0.0,,6108.62
constrained,34,65,0.0,0.022688187658786774,0.0,,6109.832
constrained,34,70,0.0,0.006343252956867218,0.0,,6117.234
constrained,34,75,0.0,0.006803978234529495,0.0,,6118.452
constrained,34,80,0.0,0.0,0.0,,6125.87
constrained,34,85,0.0,0.0,0.0,,6127.084
constrained,34,90,0.0,0.002478417009115219,0.0,,6134.469
constrained,34,95,0.0,0.00583546981215477,0.0,,6135.683
constrained,34,100,0.0,0.008183792233467102,0.0,,6146.178
constrained,34,105,0.0,0.011852823197841644,0.0,,6147.39
constrained,34,110,0.0,0.005235053598880768,0.0,,6154.75
constrained,34,115,0.0,0.0005476027727127075,0.0,,6155.965
constrained,34,120,0.0,0.0,0.0,,6163.348
constrained,34,125,0.0,0.013690236955881119,0.0,,6164.56
constrained,34,130,0.0,0.011482004076242447,0.0,,6171.91
constrained,34,135,0.0,0.013634957373142242,0.0,,6173.125
constrained,34,140,0.0,0.008078303188085556,0.0,,6180.541
constrained,34,145,0.0,0.01762063428759575,0.0,,6181.753
constrained,35,0,0.0,0.054017819464206696,0.0,,6312.858
constrained,35,5,0.0,0.0409245640039444,0.0,,6314.072
constrained,35,10,0.0,0.0448572114109993,0.0,,6321.656
constrained,35,15,0.0,0.05863057076931,0.0,,6322.871
constrained,35,20,0.0,0.030239339917898178,0.0,,6330.449
constrained,35,25,0.0,0.028489619493484497,0.0,,6331.665
constrained,35,30,0.0,0.038347113877534866,0.0,,6339.251
constrained,35,35,0.0,0.061684902757406235,0.0,,6340.466
constrained,35,40,0.0,0.03563518822193146,0.0,,6348.044
constrained,35,45,0.0,0.05360426381230354,0.0,,6349.258
constrained,35,50,0.0,0.03817388787865639,0.0,,6360.092
constrained,35,55,0.0,0.041037000715732574,0.0,,6361.309
constrained,35,60,0.0,0.04003341868519783,0.0,,6368.915
constrained,35,65,0.0,0.0444236658513546,0.0,,6370.133
constrained,35,70,0.0,0.0485631600022316,0.0,,6377.702
constrained,35,75,0.0,0.05530876666307449,0.0,,6378.918
constrained,35,80,0.0,0.04277125746011734,0.0,,6386.488
constrained,35,85,0.0,0.04951230064034462,0.0,,6387.702
constrained,35,90,0.0,0.04140651971101761,0.0,,6395.299
constrained,35,95,0.0,0.058144018054008484,0.0,,6396.514
constrained,35,100,0.0,0.05059157311916351,0.0,,6407.332
constrained,35,105,0.0,0.05037848651409149,0.0,,6408.551
constrained,35,110,0.0,0.03671731427311897,0.0,,6416.146
constrained,35,115,0.0,0.045043013989925385,0.0,,6417.364
constrained,35,120,0.0,0.04679024592041969,0.0,,6424.909
constrained,35,125,0.0,0.048675257712602615,0.0,,6426.13
constrained,35,130,0.0,0.03456733375787735,0.0,,6433.705
constrained,35,135,0.0,0.05261960253119469,0.0,,6434.922
constrained,35,140,0.0,0.041320618242025375,0.0,,6442.492
constrained,35,145,0.0,0.04997928440570831,0.0,,6443.71
constrained,36,0,0.0,0.1774403229355812,0.0,,6655.726
constrained,36,5,0.0,0.15583931654691696,0.0,,6656.934
constrained,36,10,0.0,0.1533505618572235,0.0,,6664.679
constrained,36,15,0.0,0.1498156115412712,0.0,,6665.886
constrained,36,20,0.0,0.16068444401025772,0.0,,6673.618
constrained,36,25,0.0,0.17735452950000763,0.0,,6674.822
constrained,36,30,0.0,0.1657678559422493,0.0,,6682.561
constrained,36,35,0.0,0.18471607193350792,0.0,,6683.765
constrained,36,40,0.0,0.1830483041703701,0.0,,6691.482
constrained,36,45,0.0,0.18925045058131218,0.0,,6692.688
constrained,36,50,0.0,0.1729777604341507,0.0,,6703.77
constrained,36,55,0.0,0.17868933267891407,0.0,,6704.979
constrained,36,60,0.0,0.17861557006835938,0.0,,6712.735
constrained,36,65,0.0,0.1821264885365963,0.0,,6713.941
constrained,36,70,0.0,0.17454642429947853,0.0,,6721.724
constrained,36,75,0.0,0.18620124831795692,0.0,,6722.931
constrained,36,80,0.0,0.16915853321552277,0.0,,6730.687
constrained,36,85,0.0,0.1775783859193325,0.0,,6731.894
constrained,36,90,0.0,0.18244412541389465,0.0,,6739.652
constrained,36,95,0.0,0.18597952276468277,0.0,,6740.86
constrained,36,100,0.0,0.1773354671895504,0.0,,6751.897
constrained,36,105,0.0,0.17381297796964645,0.0,,6753.103
constrained,36,110,0.0,0.18808711506426334,0.0,,6760.837
constrained,36,115,0.0,0.17713811993598938,0.0,,6762.046
constrained,36,120,0.0,0.17441760376095772,0.0,,6769.792
constrained,36,125,0.0,0.17987555265426636,0.0,,6770.998
constrained,36,130,0.0,0.18386472575366497,0.0,,6778.784
constrained,36,135,0.0,0.1921708695590496,0.0,,6779.989
constrained,36,140,0.0,0.1941586323082447,0.0,,6787.738
constrained,36,145,0.0,0.1944298930466175,0.0,,6788.946
constrained,37,0,0.0,0.029312577098608017,0.0,,6926.265
constrained,37,5,0.0,0.05970083549618721,0.0,,6927.476
constrained,37,10,0.0,0.06283051893115044,0.0,,6935.415
constrained,37,15,0.0,0.05881787836551666,0.0,,6936.626
constrained,37,20,0.0,0.08625566214323044,0.0,,6944.564
constrained,37,25,0.0,0.06819222867488861,0.0,,6945.774
constrained,37,30,0.0,0.07972314208745956,0.0,,6953.706
constrained,37,35,0.0,0.08222972601652145,0.0,,6954.917
constrained,37,40,0.0,0.07421426102519035,0.0,,6962.869
constrained,37,45,0.0,0.07401910051703453,0.0,,6964.08
constrained,37,50,0.0,0.08815702423453331,0.0,,6975.435
constrained,37,55,0.0,0.08159622177481651,0.0,,6976.646
constrained,37,60,0.0,0.09607146307826042,0.0,,6984.598
constrained,37,65,0.0,0.0776577889919281,0.0,,6985.809
constrained,37,70,0.0,0.08690395951271057,0.0,,6993.734
constrained,37,75,0.0,0.0780482366681099,0.0,,6994.944
constrained,37,80,0.0,0.09658465161919594,0.0,,7002.905
constrained,37,85,0.0,0.07169177010655403,0.0,,7004.116
constrained,37,90,0.0,0.07572020217776299,0.0,,7012.064
constrained,37,95,0.0,0.06618083640933037,0.0,,7013.276
constrained,37,100,0.0,0.08316498249769211,0.0,,7024.66
constrained,37,105,0.0,0.07859573885798454,0.0,,7025.873
constrained,37,110,0.0,0.0815136730670929,0.0,,7033.729
constrained,37,115,0.0,0.07336573675274849,0.0,,7034.945
constrained,37,120,0.0,0.07142209634184837,0.0,,7042.885
constrained,37,125,0.0,0.06616252660751343,0.0,,7044.1
constrained,37,130,0.0,0.07042412832379341,0.0,,7051.884
constrained,37,135,0.0,0.07401922345161438,0.0,,7053.095
constrained,37,140,0.0,0.06710424274206161,0.0,,7061.034
constrained,37,145,0.0,0.08159578964114189,0.0,,7062.248
constrained,38,0,0.0,0.06110255420207977,0.0,,7202.701
constrained,38,5,0.0,0.028824318200349808,0.0,,7203.914
constrained,38,10,0.0,0.033830806612968445,0.0,,7211.989
constrained,38,15,0.0,0.014674745500087738,0.0,,7213.206
constrained,38,20,0.0,0.03427507355809212,0.0,,7221.28
constrained,38,25,0.0,0.019753936678171158,0.0,,7222.494
constrained,38,30,0.0,0.007245492190122604,0.0,,7230.578
constrained,38,35,0.0,0.0,0.0,,7231.794
constrained,38,40,0.0,0.01937883347272873,0.0,,7239.804
constrained,38,45,0.0,0.010547999292612076,0.0,,7241.02
constrained,38,50,0.0,0.01820972189307213,0.0,,7252.51
constrained,38,55,0.0,0.01539410650730133,0.0,,7253.724
constrained,38,60,0.0,0.02259865403175354,0.0,,7261.815
constrained,38,65,0.0,0.018866322934627533,0.0,,7263.033
constrained,38,70,0.0,0.001043662428855896,0.0,,7271.033
constrained,38,75,0.0,0.010814659297466278,0.0,,7272.25
constrained,38,80,0.0,0.019159067422151566,0.0,,7280.278
constrained,38,85,0.0,0.02037281170487404,0.0,,7281.498
constrained,38,90,0.0,0.01576152816414833,0.0,,7289.559
constrained,38,95,0.0,0.006969992071390152,0.0,,7290.776
constrained,38,100,0.0,0.023179393261671066,0.0,,7302.27
constrained,38,105,0.0,0.026845235377550125,0.0,,7303.487
constrained,38,110,0.0,0.02079460397362709,0.0,,7311.436
constrained,38,115,0.0,0.013118330389261246,0.0,,7312.654
constrained,38,120,0.0,0.015653062611818314,0.0,,7320.632
constrained,38,125,0.0,0.017862029373645782,0.0,,7321.845
constrained,38,130,0.0,0.013382166624069214,0.0,,7329.885
constrained,38,135,0.0,0.01687627285718918,0.0,,7331.101
constrained,38,140,0.0,0.015373386442661285,0.0,,7339.227
constrained,38,145,0.0,0.0052726492285728455,0.0,,7340.442
constrained,39,0,0.0,0.10510755330324173,0.0,,7564.614
constrained,39,5,0.0,0.1033150963485241,0.0,,7565.829
constrained,39,10,0.0,0.0993349701166153,0.0,,7574.044
constrained,39,15,0.0,0.09152727201581001,0.0,,7575.257
constrained,39,20,0.0,0.08187080919742584,0.0,,7583.418
constrained,39,25,0.0,0.09411287680268288,0.0,,7584.639
constrained,39,30,0.0,0.09316195547580719,0.0,,7592.844
constrained,39,35,0.0,0.06941406801342964,0.0,,7594.059
constrained,39,40,0.0,0.07725216075778008,0.0,,7602.324
constrained,39,45,0.0,0.08898723870515823,0.0,,7603.545
constrained,39,50,0.0,0.08745658025145531,0.0,,7615.32
constrained,39,55,0.0,0.09801112115383148,0.0,,7616.538
constrained,39,60,0.0,0.08133574947714806,0.0,,7624.799
constrained,39,65,0.0,0.07934066653251648,0.0,,7626.015
constrained,39,70,0.0,0.07258515432476997,0.0,,7634.261
constrained,39,75,0.0,0.0688396766781807,0.0,,7635.476
constrained,39,80,0.0,0.08560267835855484,0.0,,7643.712
constrained,39,85,0.0,0.09080802649259567,0.0,,7644.928
constrained,39,90,0.0,0.08058041706681252,0.0,,7653.191
constrained,39,95,0.0,0.0994793251156807,0.0,,7654.408
constrained,39,100,0.0,0.09798359125852585,0.0,,7666.276
constrained,39,105,0.0,0.08947449922561646,0.0,,7667.492
constrained,39,110,0.0,0.07911938056349754,0.0,,7675.757
constrained,39,115,0.0,0.08085765689611435,0.0,,7676.975
constrained,39,120,0.0,0.0895620696246624,0.0,,7685.27
constrained,39,125,0.0,0.09156607836484909,0.0,,7686.488
constrained,39,130,0.0,0.10527999326586723,0.0,,7694.775
constrained,39,135,0.0,0.10888372361660004,0.0,,7695.993
constrained,39,140,0.0,0.09166744351387024,0.0,,7704.258
constrained,39,145,0.0,0.09058087691664696,0.0,,7705.475
constrained,40,0,0.0,0.15839503332972527,0.0,,7935.751
constrained,40,5,0.0,0.15272590890526772,0.0,,7936.957
constrained,40,10,0.0,0.13500184565782547,0.0,,7945.391
constrained,40,15,0.0,0.12107232958078384,0.0,,7946.598
constrained,40,20,0.0,0.11599799618124962,0.0,,7955.068
constrained,40,25,0.0,0.12156916409730911,0.0,,7956.273
constrained,40,30,0.0,0.11006755754351616,0.0,,7964.718
constrained,40,35,0.0,0.11483525112271309,0.0,,7965.922
constrained,40,40,0.0,0.1173347681760788,0.0,,7974.373
constrained,40,45,0.0,0.11049992218613625,0.0,,7975.579
constrained,40,50,0.0,0.1221979670226574,0.0,,7987.664
constrained,40,55,0.0,0.1262420229613781,0.0,,7988.874
constrained,40,60,0.0,0.1163177452981472,0.0,,7997.295
constrained,40,65,0.0,0.1059621311724186,0.0,,7998.503
constrained,40,70,0.0,0.12322928570210934,0.0,,8006.987
constrained,40,75,0.0,0.10858821123838425,0.0,,8008.192
constrained,40,80,0.0,0.11599471420049667,0.0,,8016.658
constrained,40,85,0.0,0.1191357783973217,0.0,,8017.868
constrained,40,90,0.0,0.1128801591694355,0.0,,8026.351
constrained,40,95,0.0,0.11107252538204193,0.0,,8027.557
constrained,40,100,0.0,0.10849979892373085,0.0,,8039.596
constrained,40,105,0.0,0.09549147263169289,0.0,,8040.81
constrained,40,110,0.0,0.10799050703644753,0.0,,8049.213
constrained,40,115,0.0,0.11300553381443024,0.0,,8050.423
constrained,40,120,0.0,0.10471195727586746,0.0,,8058.896
constrained,40,125,0.0,0.1279684193432331,0.0,,8060.107
constrained,40,130,0.0,0.1330067664384842,0.0,,8068.432
constrained,40,135,0.0,0.111021239310503,0.0,,8069.642
constrained,40,140,0.0,0.1254260204732418,0.0,,8078.111
constrained,40,145,0.0,0.0978161096572876,0.0,,8079.32
constrained,41,0,0.0,0.108384620398283,0.0,,8313.148
constrained,41,5,0.0,0.1040613204240799,0.0,,8314.359
constrained,41,10,0.0,0.0940038152039051,0.0,,8323.006
constrained,41,15,0.0,0.09137142822146416,0.0,,8324.22
constrained,41,20,0.0,0.07832564413547516,0.0,,8332.833
constrained,41,25,0.0,0.08876777812838554,0.0,,8334.046
constrained,41,30,0.0,0.08514971286058426,0.0,,8342.641
constrained,41,35,0.0,0.07166192680597305,0.0,,8343.856
constrained,41,40,0.0,0.06088108569383621,0.0,,8352.47
constrained,41,45,0.0,0.07260600849986076,0.0,,8353.684
constrained,41,50,0.0,0.08050040528178215,0.0,,8366.054
constrained,41,55,0.0,0.0806368738412857,0.0,,8367.269
constrained,41,60,0.0,0.08278695866465569,0.0,,8375.853
constrained,41,65,0.0,0.08070267364382744,0.0,,8377.063
constrained,41,70,0.0,0.08373872563242912,0.0,,8385.722
constrained,41,75,0.0,0.08378331735730171,0.0,,8386.935
constrained,41,80,0.0,0.09049563854932785,0.0,,8395.613
constrained,41,85,0.0,0.056485481560230255,0.0,,8396.826
constrained,41,90,0.0,0.07194588705897331,0.0,,8405.506
constrained,41,95,0.0,0.0819476880133152,0.0,,8406.72
constrained,41,100,0.0,0.06571115180850029,0.0,,8419.161
constrained,41,105,0.0,0.08903038874268532,0.0,,8420.373
constrained,41,110,0.0,0.07976540923118591,0.0,,8428.926
constrained,41,115,0.0,0.07027890160679817,0.0,,8430.139
constrained,41,120,0.0,0.073120828717947,0.0,,8438.711
constrained,41,125,0.0,0.06834201142191887,0.0,,8439.924
constrained,41,130,0.0,0.06169137358665466,0.0,,8448.467
constrained,41,135,0.0,0.06247962266206741,0.0,,8449.682
constrained,41,140,0.0,0.07756049558520317,0.0,,8458.3
constrained,41,145,0.0,0.08275362849235535,0.0,,8459.515
constrained,42,0,0.0,0.0887286551296711,0.0,,8699.219
constrained,42,5,0.0,0.10606662556529045,0.0,,8700.478
constrained,42,10,0.0,0.10741874575614929,0.0,,8709.317
constrained,42,15,0.0,0.09822938218712807,0.0,,8710.576
constrained,42,20,0.0,0.10088874399662018,0.0,,8719.614
constrained,42,25,0.0,0.12166842073202133,0.0,,8720.883
constrained,42,30,0.0,0.10994098335504532,0.0,,8729.799
constrained,42,35,0.0,0.09839541465044022,0.0,,8731.052
constrained,42,40,0.0,0.11739405617117882,0.0,,8739.997
constrained,42,45,0.0,0.12857351824641228,0.0,,8741.249
constrained,42,50,0.0,0.11985019594430923,0.0,,8754.114
constrained,42,55,0.0,0.11902275681495667,0.0,,8755.366
constrained,42,60,0.0,0.12767920270562172,0.0,,8764.262
constrained,42,65,0.0,0.12448983266949654,0.0,,8765.515
constrained,42,70,0.0,0.13589132763445377,0.0,,8774.403
constrained,42,75,0.0,0.12640024535357952,0.0,,8775.653
constrained,42,80,0.0,0.11412902362644672,0.0,,8784.576
constrained,42,85,0.0,0.11976553499698639,0.0,,8785.828
constrained,42,90,0.0,0.11224105767905712,0.0,,8794.771
constrained,42,95,0.0,0.12572592496871948,0.0,,8796.024
constrained,42,100,0.0,0.12379701808094978,0.0,,8808.89
constrained,42,105,0.0,0.13393794000148773,0.0,,8810.145
constrained,42,110,0.0,0.12207283265888691,0.0,,8819.081
constrained,42,115,0.0,0.12675542570650578,0.0,,8820.33
constrained,42,120,0.0,0.1145876832306385,0.0,,8829.281
constrained,42,125,0.0,0.11741404235363007,0.0,,8830.534
constrained,42,130,0.0,0.1181834302842617,0.0,,8839.434
constrained,42,135,0.0,0.11810911819338799,0.0,,8840.682
constrained,42,140,0.0,0.1214204765856266,0.0,,8849.516
constrained,42,145,0.0,0.1288848388940096,0.0,,8850.765
constrained,42,150,0.0,0.11973457224667072,0.0,,8863.564
constrained,42,155,0.0,0.12133793532848358,0.0,,8864.817
constrained,42,160,0.0,0.11795803532004356,0.0,,8873.759
constrained,42,165,0.0,0.12457206472754478,0.0,,8875.007
constrained,42,170,0.0,0.1060011088848114,0.0,,8883.957
constrained,42,175,0.0,0.12003998644649982,0.0,,8885.221
constrained,42,180,0.0,0.1117171086370945,0.0,,8894.262
constrained,42,185,0.0,0.11865179240703583,0.0,,8895.58
constrained,42,190,0.0,0.1196559052914381,0.0,,8904.767
constrained,42,195,0.0,0.1254662163555622,0.0,,8906.09
constrained,42,200,0.0,0.12181211449205875,0.0,,8919.38
constrained,42,205,0.0,0.1310619655996561,0.0,,8920.642
constrained,42,210,0.0,0.10947075486183167,0.0,,8929.588
constrained,42,215,0.0,0.11578401923179626,0.0,,8930.853
constrained,42,220,0.0,0.13659580796957016,0.0,,8939.852
constrained,42,225,0.0,0.13352178037166595,0.0,,8941.116
constrained,42,230,0.0,0.1333236489444971,0.0,,8950.041
constrained,42,235,0.0,0.12776985578238964,0.0,,8951.299
constrained,42,240,0.0,0.12449783459305763,0.0,,8960.243
constrained,42,245,0.0,0.11981632187962532,0.0,,8961.498
constrained,43,0,0.0,0.12001485750079155,0.0,,9118.457
constrained,43,5,0.0,0.13821372389793396,0.0,,9119.712
constrained,43,10,0.0,0.13911563158035278,0.0,,9128.79
constrained,43,15,0.0,0.14144539460539818,0.0,,9130.046
constrained,43,20,0.0,0.1508009433746338,0.0,,9139.171
constrained,43,25,0.0,0.15056575648486614,0.0,,9140.425
constrained,43,30,0.0,0.16243528947234154,0.0,,9149.527
constrained,43,35,0.0,0.15600023418664932,0.0,,9150.784
constrained,43,40,0.0,0.16398994997143745,0.0,,9159.921
constrained,43,45,0.0,0.14485521987080574,0.0,,9161.177
constrained,43,50,0.0,0.14357395097613335,0.0,,9174.302
constrained,43,55,0.0,0.15839131735265255,0.0,,9175.558
constrained,43,60,0.0,0.13129155337810516,0.0,,9184.674
constrained,43,65,0.0,0.1495310328900814,0.0,,9185.932
constrained,43,70,0.0,0.14756466820836067,0.0,,9195.066
constrained,43,75,0.0,0.1582331657409668,0.0,,9196.322
constrained,43,80,0.0,0.13877790421247482,0.0,,9205.454
constrained,43,85,0.0,0.15658435225486755,0.0,,9206.709
constrained,43,90,0.0,0.15548714622855186,0.0,,9215.792
constrained,43,95,0.0,0.14238044992089272,0.0,,9217.05
constrained,43,100,0.0,0.15703589096665382,0.0,,9230.138
constrained,43,105,0.0,0.15085973590612411,0.0,,9231.395
constrained,43,110,0.0,0.14854691922664642,0.0,,9240.442
constrained,43,115,0.0,0.14498445391654968,0.0,,9241.697
constrained,43,120,0.0,0.14731614664196968,0.0,,9250.737
constrained,43,125,0.0,0.1508389748632908,0.0,,9251.994
constrained,43,130,0.0,0.143616434186697,0.0,,9261.041
constrained,43,135,0.0,0.14858829602599144,0.0,,9262.299
constrained,43,140,0.0,0.16197308525443077,0.0,,9271.373
constrained,43,145,0.0,0.1457536555826664,0.0,,9272.63
constrained,44,0,0.0,0.15447495877742767,0.0,,9525.156
constrained,44,5,0.0,0.1570059061050415,0.0,,9526.4
constrained,44,10,0.0,0.15711507573723793,0.0,,9535.672
constrained,44,15,0.0,0.16533545404672623,0.0,,9536.918
constrained,44,20,0.0,0.1783286277204752,0.0,,9546.214
constrained,44,25,0.0,0.17580952122807503,0.0,,9547.459
constrained,44,30,0.0,0.17820800095796585,0.0,,9556.749
constrained,44,35,0.0,0.16915753111243248,0.0,,9557.997
constrained,44,40,0.0,0.19266731850802898,0.0,,9567.181
constrained,44,45,0.0,0.17360920831561089,0.0,,9568.435
constrained,44,50,0.0,0.17157281190156937,0.0,,9581.675
constrained,44,55,0.0,0.16590692475438118,0.0,,9582.923
constrained,44,60,0.0,0.16286854073405266,0.0,,9592.154
constrained,44,65,0.0,0.16348890587687492,0.0,,9593.405
constrained,44,70,0.0,0.1658616065979004,0.0,,9602.591
constrained,44,75,0.0,0.16241638362407684,0.0,,9603.837
constrained,44,80,0.0,0.16496486589312553,0.0,,9613.029
constrained,44,85,0.0,0.1679934747517109,0.0,,9614.278
constrained,44,90,0.0,0.17477245070040226,0.0,,9623.504
constrained,44,95,0.0,0.1656346246600151,0.0,,9624.754
constrained,44,100,0.0,0.17185092344880104,0.0,,9637.918
constrained,44,105,0.0,0.16317200288176537,0.0,,9639.168
constrained,44,110,0.0,0.16800693795084953,0.0,,9648.381
constrained,44,115,0.0,0.18392027914524078,0.0,,9649.629
constrained,44,120,0.0,0.16702500730752945,0.0,,9658.848
constrained,44,125,0.0,0.16673804819583893,0.0,,9660.094
constrained,44,130,0.0,0.1761100571602583,0.0,,9669.283
constrained,44,135,0.0,0.17637952789664268,0.0,,9670.533
constrained,44,140,0.0,0.1782591212540865,0.0,,9679.755
constrained,44,145,0.0,0.1630798876285553,0.0,,9681.007
constrained,45,0,0.0,0.12872038409113884,0.0,,9844.161
constrained,45,5,0.0,0.12460529431700706,0.0,,9845.409
constrained,45,10,0.0,0.1149948313832283,0.0,,9854.824
constrained,45,15,0.0,0.11333024874329567,0.0,,9856.074
constrained,45,20,0.0,0.10554956644773483,0.0,,9865.499
constrained,45,25,0.0,0.09771422669291496,0.0,,9866.74
constrained,45,30,0.0,0.08723897859454155,0.0,,9876.145
constrained,45,35,0.0,0.10029056295752525,0.0,,9877.394
constrained,45,40,0.0,0.10123731195926666,0.0,,9886.805
constrained,45,45,0.0,0.08561080321669579,0.0,,9888.057
constrained,45,50,0.0,0.0872817263007164,0.0,,9901.558
constrained,45,55,0.0,0.08426496759057045,0.0,,9902.809
constrained,45,60,0.0,0.09698900580406189,0.0,,9912.167
constrained,45,65,0.0,0.08637997135519981,0.0,,9913.421
constrained,45,70,0.0,0.0817350409924984,0.0,,9922.755
constrained,45,75,0.0,0.07269247621297836,0.0,,9924.003
constrained,45,80,0.0,0.08464480191469193,0.0,,9933.255
constrained,45,85,0.0,0.08002417162060738,0.0,,9934.508
constrained,45,90,0.0,0.08413378894329071,0.0,,9943.872
constrained,45,95,0.0,0.09185737743973732,0.0,,9945.129
constrained,45,100,0.0,0.09714982658624649,0.0,,9958.515
constrained,45,105,0.0,0.08921249583363533,0.0,,9959.773
constrained,45,110,0.0,0.09768836945295334,0.0,,9969.158
constrained,45,115,0.0,0.09039663150906563,0.0,,9970.411
constrained,45,120,0.0,0.10929958522319794,0.0,,9979.838
constrained,45,125,0.0,0.10108780115842819,0.0,,9981.091
constrained,45,130,0.0,0.07786606624722481,0.0,,9990.536
constrained,45,135,0.0,0.08766449242830276,0.0,,9991.79
constrained,45,140,0.0,0.09403708204627037,0.0,,10001.212
constrained,45,145,0.0,0.08232773467898369,0.0,,10002.466
constrained,46,0,0.0,0.10255564376711845,0.0,,10168.374
constrained,46,5,0.0,0.0748291052877903,0.0,,10169.627
constrained,46,10,0.0,0.07302679121494293,0.0,,10179.185
constrained,46,15,0.0,0.07239264249801636,0.0,,10180.439
constrained,46,20,0.0,0.0597568117082119,0.0,,10190.043
constrained,46,25,0.0,0.07580472156405449,0.0,,10191.297
constrained,46,30,0.0,0.07851460576057434,0.0,,10200.858
constrained,46,35,0.0,0.07392792403697968,0.0,,10202.112
constrained,46,40,0.0,0.06845471262931824,0.0,,10211.721
constrained,46,45,0.0,0.07032706961035728,0.0,,10212.978
constrained,46,50,0.0,0.07450222596526146,0.0,,10226.939
constrained,46,55,0.0,0.061612024903297424,0.0,,10228.194
constrained,46,60,0.0,0.07968698441982269,0.0,,10237.796
constrained,46,65,0.0,0.08273047208786011,0.0,,10239.052
constrained,46,70,0.0,0.07147900015115738,0.0,,10248.673
constrained,46,75,0.0,0.06278948485851288,0.0,,10249.929
constrained,46,80,0.0,0.07114950940012932,0.0,,10259.514
constrained,46,85,0.0,0.08145399391651154,0.0,,10260.771
constrained,46,90,0.0,0.07802900671958923,0.0,,10270.337
constrained,46,95,0.0,0.07044683769345284,0.0,,10271.595
constrained,46,100,0.0,0.05984682962298393,0.0,,10285.445
constrained,46,105,0.0,0.06323861703276634,0.0,,10286.697
constrained,46,110,0.0,0.06845119222998619,0.0,,10296.299
constrained,46,115,0.0,0.0559871643781662,0.0,,10297.554
constrained,46,120,0.0,0.06399282068014145,0.0,,10307.151
constrained,46,125,0.0,0.07629711925983429,0.0,,10308.41
constrained,46,130,0.0,0.07157029211521149,0.0,,10318.039
constrained,46,135,0.0,0.073795136064291,0.0,,10319.295
constrained,46,140,0.0,0.06331214308738708,0.0,,10328.908
constrained,46,145,0.0,0.07023148983716965,0.0,,10330.168
constrained,47,0,0.0,0.12127704918384552,0.0,,10549.551
constrained,47,5,0.0,0.125303752720356,0.0,,10550.806
constrained,47,10,0.0,0.1203073002398014,0.0,,10560.652
constrained,47,15,0.0,0.14065025001764297,0.0,,10561.906
constrained,47,20,0.0,0.1443016082048416,0.0,,10571.733
constrained,47,25,0.0,0.15329132601618767,0.0,,10572.989
constrained,47,30,0.0,0.14585919678211212,0.0,,10582.831
constrained,47,35,0.0,0.14402236975729465,0.0,,10584.089
constrained,47,40,0.0,0.15388155914843082,0.0,,10593.896
constrained,47,45,0.0,0.14168340153992176,0.0,,10595.153
constrained,47,50,0.0,0.15520995296537876,0.0,,10609.371
constrained,47,55,0.0,0.15359945595264435,0.0,,10610.631
constrained,47,60,0.0,0.14758728817105293,0.0,,10620.451
constrained,47,65,0.0,0.14124471321702003,0.0,,10621.71
constrained,47,70,0.0,0.14852719567716122,0.0,,10631.562
constrained,47,75,0.0,0.1503435205668211,0.0,,10632.818
constrained,47,80,0.0,0.13734358735382557,0.0,,10642.674
constrained,47,85,0.0,0.1304179672151804,0.0,,10643.931
constrained,47,90,0.0,0.1335679367184639,0.0,,10653.778
constrained,47,95,0.0,0.13996946066617966,0.0,,10655.034
constrained,47,100,0.0,0.149717653170228,0.0,,10669.232
constrained,47,105,0.0,0.1348099708557129,0.0,,10670.489
constrained,47,110,0.0,0.14015649445354939,0.0,,10680.333
constrained,47,115,0.0,0.13225114345550537,0.0,,10681.593
constrained,47,120,0.0,0.14125961996614933,0.0,,10691.429
constrained,47,125,0.0,0.14600719884037971,0.0,,10692.687
constrained,47,130,0.0,0.1457885354757309,0.0,,10702.536
constrained,47,135,0.0,0.13822678476572037,0.0,,10703.794
constrained,47,140,0.0,0.12698651477694511,0.0,,10713.632
constrained,47,145,0.0,0.1399361863732338,0.0,,10714.891
constrained,48,0,0.0,0.0,0.0,,10988.745
constrained,48,5,0.0,0.0,0.0,,10989.991
constrained,48,10,0.0,0.0,0.0,,11000.018
constrained,48,15,0.0,0.0,0.0,,11001.266
constrained,48,20,0.0,0.0,0.0,,11011.24
constrained,48,25,0.0,0.0,0.0,,11012.487
constrained,48,30,0.0,0.0,0.0,,11022.416
constrained,48,35,0.0,0.0,0.0,,11023.664
constrained,48,40,0.0,0.0,0.0,,11033.623
constrained,48,45,0.0,8.596479892730713e-05,0.0,,11034.871
constrained,48,50,0.0,0.0,0.0,,11049.367
constrained,48,55,0.0,0.0,0.0,,11050.618
constrained,48,60,0.0,0.0,0.0,,11060.659
constrained,48,65,0.0,0.0,0.0,,11061.909
constrained,48,70,0.0,0.0019189231097698212,0.0,,11071.984
constrained,48,75,0.0,0.0,0.0,,11073.232
constrained,48,80,0.0,0.002606656402349472,0.0,,11083.28
constrained,48,85,0.0,0.0,0.0,,11084.527
constrained,48,90,0.0,0.0,0.0,,11094.594
constrained,48,95,0.0,0.0,0.0,,11095.844
constrained,48,100,0.0,0.0,0.0,,11110.354
constrained,48,105,0.0,0.0,0.0,,11111.602
constrained,48,110,0.0,0.0045516639947891235,0.0,,11121.603
constrained,48,115,0.0,0.0008674636483192444,0.0,,11122.845
constrained,48,120,0.0,0.0,0.0,,11132.753
constrained,48,125,0.0,0.0,0.0,,11133.999
constrained,48,130,0.0,0.0,0.0,,11143.921
constrained,48,135,0.0,0.0,0.0,,11145.164
constrained,48,140,0.0,0.0,0.0,,11155.128
constrained,48,145,0.0,0.0,0.0,,11156.372
constrained,49,0,0.0,0.11520305648446083,0.0,,11433.467
constrained,49,5,0.0,0.12180512771010399,0.0,,11434.71
constrained,49,10,0.0,0.12481685914099216,0.0,,11444.897
constrained,49,15,0.0,0.12043596990406513,0.0,,11446.144
constrained,49,20,0.0,0.11261220835149288,0.0,,11456.336
constrained,49,25,0.0,0.11396548710763454,0.0,,11457.581
constrained,49,30,0.0,0.10743551328778267,0.0,,11467.78
constrained,49,35,0.0,0.11528881639242172,0.0,,11469.023
constrained,49,40,0.0,0.11189597845077515,0.0,,11479.227
constrained,49,45,0.0,0.10600799322128296,0.0,,11480.476
constrained,49,50,0.0,0.10597440227866173,0.0,,11495.084
constrained,49,55,0.0,0.11304667592048645,0.0,,11496.331
constrained,49,60,0.0,0.12194391526281834,0.0,,11506.477
constrained,49,65,0.0,0.11916162632405758,0.0,,11507.723
constrained,49,70,0.0,0.10247738845646381,0.0,,11517.947
constrained,49,75,0.0,0.10886253230273724,0.0,,11519.197
constrained,49,80,0.0,0.10537783801555634,0.0,,11529.339
constrained,49,85,0.0,0.12237199395895004,0.0,,11530.589
constrained,49,90,0.0,0.10954784043133259,0.0,,11540.734
constrained,49,95,0.0,0.1050779651850462,0.0,,11541.984
constrained,49,100,0.0,0.10900728031992912,0.0,,11556.665
constrained,49,105,0.0,0.10648525319993496,0.0,,11557.907
constrained,49,110,0.0,0.11066467873752117,0.0,,11568.029
constrained,49,115,0.0,0.10286555998027325,0.0,,11569.278
constrained,49,120,0.0,0.09873649291694164,0.0,,11579.441
constrained,49,125,0.0,0.10510754026472569,0.0,,11580.684
constrained,49,130,0.0,0.10816234908998013,0.0,,11590.842
constrained,49,135,0.0,0.0909104123711586,0.0,,11592.082
constrained,49,140,0.0,0.09154782630503178,0.0,,11602.166
constrained,49,145,0.0,0.11516505293548107,0.0,,11603.414
